Customer_ID,Gender,Age,Married,State,Number_of_Referrals,Tenure_in_Months,Value_Deal,Phone_Service,Multiple_Lines,Internet_Service,Internet_Type,Online_Security,Online_Backup,Device_Protection_Plan,Premium_Support,Streaming_TV,Streaming_Movies,Streaming_Music,Unlimited_Data,Contract,Paperless_Billing,Payment_Method,Monthly_Charge,Total_Charges,Total_Refunds,Total_Extra_Data_Charges,Total_Long_Distance_Charges,Total_Revenue,Customer_Status,Churn_Category,Churn_Reason,Customer_Status_Predicted
11114-PUN,Male,51,No,Punjab,5,9,Deal 5,Yes,No,Yes,DSL,No,No,Yes,No,No,No,No,No,Month-to-Month,Yes,Bank Withdrawal,49.150001525878906,169.0500030517578,0.0,10,122.37000274658203,301.4200134277344,Churned,Competitor,Competitor had better devices,1
11262-HAR,Female,73,Yes,Haryana,5,32,,Yes,Yes,Yes,Fiber Optic,No,No,No,No,Yes,Yes,No,Yes,Month-to-Month,Yes,Bank Withdrawal,95.0999984741211,95.0999984741211,0.0,0,4.889999866485596,99.98999786376953,Churned,Price,Price too high,1
11264-MAH,Female,27,Yes,Maharashtra,14,17,Deal 5,No,,Yes,DSL,No,No,No,No,No,No,Yes,Yes,Month-to-Month,Yes,Bank Withdrawal,-4.0,24.799999237060547,0.0,0,0.0,24.799999237060547,Churned,Dissatisfaction,Product dissatisfaction,1
11272-UTT,Female,65,No,Uttar Pradesh,0,19,Deal 5,Yes,Yes,Yes,Fiber Optic,No,No,No,No,No,No,No,Yes,Month-to-Month,Yes,Bank Withdrawal,75.8499984741211,256.6000061035156,0.0,0,133.02000427246094,389.6199951171875,Churned,Competitor,Competitor offered more data,1
11290-JAM,Female,70,Yes,Jammu & Kashmir,0,36,Deal 5,Yes,Yes,Yes,Fiber Optic,No,No,No,No,Yes,Yes,No,Yes,Month-to-Month,Yes,Bank Withdrawal,95.44999694824219,396.1000061035156,0.0,0,126.44000244140625,522.5399780273438,Churned,Competitor,Competitor made better offer,1
11472-PUN,Female,33,No,Punjab,8,6,Deal 5,Yes,No,Yes,Cable,No,No,No,No,No,Yes,Yes,Yes,Month-to-Month,Yes,Bank Withdrawal,55.400001525878906,55.400001525878906,0.0,0,13.010000228881836,68.41000366210938,Churned,Competitor,Competitor had better devices,1
11540-DEL,Male,63,Yes,Delhi,15,15,Deal 2,Yes,Yes,Yes,Fiber Optic,No,Yes,Yes,No,Yes,Yes,Yes,Yes,Month-to-Month,Yes,Bank Withdrawal,104.0999984741211,5135.14990234375,0.0,0,2288.429931640625,7423.580078125,Stayed,Others,Others,1
11543-WES,Female,35,Yes,West Bengal,0,7,,Yes,No,Yes,DSL,Yes,No,No,No,No,No,No,Yes,Month-to-Month,No,Bank Withdrawal,49.400001525878906,874.7999877929688,0.0,0,375.4800109863281,1250.280029296875,Churned,Other,Deceased,1
11596-KAR,Female,40,No,Karnataka,15,11,Deal 4,Yes,No,Yes,Cable,Yes,No,No,No,No,No,No,No,Month-to-Month,Yes,Bank Withdrawal,49.20000076293945,571.1500244140625,0.0,80,114.95999908447266,766.1099853515625,Stayed,Others,Others,1
11679-PUN,Female,38,Yes,Punjab,13,35,Deal 4,Yes,Yes,Yes,Fiber Optic,Yes,No,No,No,Yes,Yes,Yes,Yes,Month-to-Month,Yes,Bank Withdrawal,98.69999694824219,973.25,0.0,0,373.6000061035156,1346.8499755859375,Churned,Attitude,Attitude of support person,1
11713-MAD,Female,22,Yes,Madhya Pradesh,4,5,Deal 5,Yes,No,Yes,Fiber Optic,No,No,Yes,No,No,No,No,No,Month-to-Month,Yes,Mailed Check,74.5999984741211,74.5999984741211,0.0,10,22.15999984741211,106.76000213623047,Churned,Competitor,Competitor offered more data,1
11751-TAM,Female,18,No,Tamil Nadu,5,7,Deal 5,No,,Yes,DSL,No,No,No,No,No,No,No,Yes,Month-to-Month,No,Mailed Check,24.299999237060547,38.45000076293945,0.0,0,0.0,38.45000076293945,Joined,,,1
11751-UTT,Male,39,No,Uttar Pradesh,4,23,,Yes,Yes,Yes,Fiber Optic,No,No,Yes,No,Yes,Yes,Yes,Yes,Month-to-Month,Yes,Bank Withdrawal,100.5999984741211,1060.199951171875,0.0,0,452.1000061035156,1512.300048828125,Churned,Competitor,Competitor offered more data,1
11799-TAM,Male,33,No,Tamil Nadu,9,20,,No,,Yes,DSL,No,No,No,No,Yes,Yes,Yes,Yes,Month-to-Month,Yes,Mailed Check,45.29999923706055,45.29999923706055,0.0,0,0.0,45.29999923706055,Churned,Competitor,Competitor had better devices,1
11814-GUJ,Female,45,Yes,Gujarat,12,9,,Yes,Yes,Yes,Fiber Optic,No,Yes,Yes,No,Yes,Yes,Yes,Yes,Month-to-Month,Yes,Bank Withdrawal,105.55000305175781,6281.4501953125,0.0,0,2787.699951171875,9069.150390625,Churned,Competitor,Competitor had better devices,1
11878-RAJ,Male,75,Yes,Rajasthan,15,17,,Yes,No,Yes,Fiber Optic,No,No,No,No,No,No,No,Yes,Month-to-Month,Yes,Bank Withdrawal,71.80000305175781,1167.800048828125,0.0,0,734.4000244140625,1902.199951171875,Churned,Competitor,Competitor offered more data,1
11882-BIH,Female,74,No,Bihar,14,15,Deal 5,Yes,No,Yes,Fiber Optic,No,No,No,No,No,Yes,No,Yes,Month-to-Month,No,Bank Withdrawal,78.94999694824219,378.3999938964844,0.0,0,61.349998474121094,439.75,Churned,Attitude,Attitude of support person,1
11906-MAD,Female,53,No,Madhya Pradesh,2,29,,Yes,No,Yes,Fiber Optic,No,No,No,No,No,Yes,Yes,No,Month-to-Month,Yes,Bank Withdrawal,79.30000305175781,523.1500244140625,0.0,10,134.47000122070312,667.6199951171875,Churned,Competitor,Competitor had better devices,1
11920-HAR,Female,61,Yes,Haryana,10,24,Deal 5,Yes,Yes,Yes,DSL,No,No,No,Yes,Yes,No,No,Yes,Month-to-Month,Yes,Bank Withdrawal,63.599998474121094,155.64999389648438,0.0,0,10.920000076293945,166.57000732421875,Churned,Competitor,Competitor offered higher download speeds,1
11939-UTT,Male,65,Yes,Uttar Pradesh,5,5,,Yes,No,Yes,Fiber Optic,No,No,No,No,Yes,No,No,Yes,Month-to-Month,Yes,Credit Card,80.44999694824219,583.4500122070312,0.0,0,215.9199981689453,799.3699951171875,Churned,Other,Don't know,1
12016-TAM,Female,57,Yes,Tamil Nadu,0,9,Deal 5,Yes,No,No,,,,,,,,,,Month-to-Month,No,Mailed Check,20.049999237060547,164.85000610351562,0.0,0,337.5400085449219,502.3900146484375,Churned,Other,Moved,1
12056-WES,Male,27,No,West Bengal,2,20,,Yes,No,Yes,Fiber Optic,No,Yes,Yes,No,No,Yes,Yes,Yes,Month-to-Month,No,Bank Withdrawal,90.4000015258789,268.45001220703125,0.0,0,94.44000244140625,362.8900146484375,Joined,,,1
12079-MAH,Female,73,Yes,Maharashtra,2,4,,Yes,No,Yes,Fiber Optic,No,No,No,No,Yes,No,No,Yes,Month-to-Month,Yes,Bank Withdrawal,79.9000015258789,260.8999938964844,0.0,0,8.9399995803833,269.8399963378906,Churned,Price,Price too high,1
12118-TAM,Female,23,No,Tamil Nadu,7,3,Deal 2,Yes,Yes,Yes,Fiber Optic,No,No,No,No,No,Yes,Yes,Yes,One Year,No,Bank Withdrawal,85.55000305175781,5084.64990234375,0.0,0,407.69000244140625,5492.33984375,Churned,Competitor,Competitor offered more data,1
12136-RAJ,Female,25,Yes,Rajasthan,2,35,,Yes,No,No,,,,,,,,,,Month-to-Month,No,Bank Withdrawal,19.899999618530273,19.899999618530273,0.0,0,11.829999923706055,31.729999542236328,Joined,,,1
12149-JAM,Female,66,Yes,Jammu & Kashmir,7,26,Deal 5,Yes,Yes,Yes,Fiber Optic,Yes,No,Yes,No,No,No,No,Yes,Month-to-Month,Yes,Bank Withdrawal,84.5,453.75,0.0,0,184.39999389648438,638.1500244140625,Churned,Competitor,Competitor made better offer,1
12170-AND,Female,38,Yes,Andhra Pradesh,15,2,Deal 4,Yes,Yes,Yes,Cable,Yes,Yes,No,Yes,Yes,No,No,No,One Year,No,Mailed Check,77.5,1625.0,18.389999389648438,80,368.9700012207031,2055.580078125,Churned,Other,Don't know,1
12236-BIH,Female,34,Yes,Bihar,5,11,Deal 5,Yes,No,Yes,Fiber Optic,No,Yes,No,No,Yes,No,No,No,Month-to-Month,Yes,Credit Card,85.30000305175781,420.45001220703125,0.0,10,228.6999969482422,659.1500244140625,Stayed,Others,Others,1
12257-ASS,Female,39,No,Assam,9,1,,Yes,No,No,,,,,,,,,,Month-to-Month,Yes,Credit Card,19.549999237060547,19.549999237060547,0.0,0,10.199999809265137,29.75,Joined,,,1
12281-RAJ,Male,80,No,Rajasthan,14,25,,Yes,Yes,Yes,Fiber Optic,No,No,Yes,No,No,No,No,Yes,Month-to-Month,Yes,Credit Card,78.0999984741211,864.8499755859375,0.0,0,194.25999450683594,1059.1099853515625,Stayed,Others,Others,1
12340-DEL,Female,51,Yes,Delhi,0,10,,Yes,No,Yes,Cable,No,No,No,No,Yes,Yes,Yes,Yes,Month-to-Month,Yes,Credit Card,62.79999923706055,62.79999923706055,0.0,0,42.189998626708984,104.98999786376953,Joined,,,1
12345-TEL,Female,71,Yes,Telangana,9,34,,Yes,Yes,Yes,Cable,No,No,No,No,Yes,Yes,Yes,Yes,Month-to-Month,Yes,Bank Withdrawal,95.25,1233.6500244140625,48.09000015258789,0,412.1000061035156,1597.6600341796875,Churned,Competitor,Competitor had better devices,1
12370-JAM,Female,49,Yes,Jammu & Kashmir,2,29,,Yes,Yes,Yes,Fiber Optic,No,No,No,No,No,Yes,Yes,Yes,Month-to-Month,Yes,Bank Withdrawal,85.94999694824219,381.29998779296875,0.0,0,16.559999465942383,397.8599853515625,Churned,Competitor,Competitor made better offer,1
12443-AND,Female,48,Yes,Andhra Pradesh,15,9,Deal 5,Yes,No,Yes,Fiber Optic,No,No,No,No,No,Yes,Yes,Yes,Month-to-Month,No,Credit Card,-7.0,80.1500015258789,0.0,0,4.670000076293945,84.81999969482422,Churned,Attitude,Attitude of support person,1
12469-AND,Male,24,Yes,Andhra Pradesh,11,4,,Yes,No,Yes,DSL,No,No,No,No,Yes,No,No,Yes,Month-to-Month,Yes,Credit Card,55.29999923706055,55.29999923706055,0.0,0,36.689998626708984,91.98999786376953,Joined,,,1
12490-TEL,Female,52,No,Telangana,9,6,,Yes,No,Yes,Fiber Optic,No,No,Yes,No,No,No,No,Yes,Month-to-Month,Yes,Mailed Check,74.75,238.10000610351562,38.84000015258789,0,37.5,236.75999450683594,Joined,,,1
12505-GUJ,Male,29,No,Gujarat,0,7,,Yes,No,Yes,Fiber Optic,No,Yes,No,No,Yes,Yes,Yes,Yes,Month-to-Month,No,Bank Withdrawal,95.6500015258789,167.3000030517578,0.0,0,33.52000045776367,200.82000732421875,Churned,Dissatisfaction,Limited range of services,1
12528-JAM,Female,71,No,Jammu & Kashmir,14,21,Deal 5,Yes,No,Yes,Fiber Optic,No,No,Yes,No,Yes,Yes,No,Yes,Month-to-Month,Yes,Bank Withdrawal,95.75,573.75,0.0,0,287.3999938964844,861.1500244140625,Churned,Competitor,Competitor made better offer,1
12545-ASS,Female,38,Yes,Assam,13,33,Deal 5,Yes,Yes,Yes,Cable,No,No,No,Yes,Yes,Yes,Yes,Yes,Month-to-Month,Yes,Bank Withdrawal,74.6500015258789,521.0999755859375,28.350000381469727,0,341.739990234375,834.489990234375,Churned,Competitor,Competitor made better offer,1
12645-MAH,Female,23,Yes,Maharashtra,8,4,,Yes,Yes,Yes,DSL,Yes,No,No,Yes,Yes,Yes,Yes,Yes,Month-to-Month,Yes,Bank Withdrawal,79.19999694824219,1742.75,0.0,0,288.4200134277344,2031.1700439453125,Churned,Dissatisfaction,Product dissatisfaction,1
12690-TAM,Female,54,No,Tamil Nadu,10,35,,Yes,Yes,Yes,Fiber Optic,No,No,No,No,Yes,Yes,Yes,No,Month-to-Month,Yes,Bank Withdrawal,94.19999694824219,1046.0999755859375,7.389999866485596,120,153.0,1311.7099609375,Churned,Price,Price too high,1
12736-ASS,Female,62,No,Assam,10,3,,Yes,No,Yes,Fiber Optic,No,No,No,No,No,No,No,Yes,Month-to-Month,Yes,Bank Withdrawal,69.3499984741211,69.3499984741211,0.0,0,22.030000686645508,91.37999725341797,Churned,Attitude,Attitude of service provider,1
12808-MAH,Male,70,Yes,Maharashtra,4,9,,Yes,Yes,Yes,Fiber Optic,Yes,Yes,No,No,Yes,Yes,No,Yes,Month-to-Month,Yes,Credit Card,102.80000305175781,2660.199951171875,0.0,0,912.5,3572.699951171875,Churned,Price,Price too high,1
12814-JHA,Female,62,Yes,Jharkhand,13,10,,Yes,No,Yes,Cable,No,Yes,No,Yes,No,No,No,Yes,One Year,Yes,Credit Card,54.150001525878906,2319.800048828125,0.0,0,1891.800048828125,4211.60009765625,Churned,Attitude,Attitude of service provider,1
12842-TAM,Female,26,Yes,Tamil Nadu,11,8,Deal 5,Yes,Yes,Yes,Fiber Optic,No,No,Yes,No,Yes,Yes,Yes,Yes,Month-to-Month,No,Bank Withdrawal,101.1500015258789,385.8999938964844,0.0,0,38.2400016784668,424.1400146484375,Churned,Competitor,Competitor had better devices,1
13005-HAR,Male,69,No,Haryana,2,14,,Yes,Yes,Yes,Fiber Optic,No,Yes,No,No,No,No,No,No,Month-to-Month,Yes,Credit Card,80.44999694824219,5224.35009765625,0.0,140,3008.93994140625,8373.2900390625,Churned,Attitude,Attitude of support person,1
13006-WES,Female,36,No,West Bengal,0,24,Deal 2,Yes,Yes,Yes,Fiber Optic,Yes,Yes,Yes,No,No,No,No,Yes,One Year,No,Bank Withdrawal,89.75,5769.60009765625,18.719999313354492,0,3206.449951171875,8957.330078125,Churned,Dissatisfaction,Network reliability,1
13058-MAD,Female,58,No,Madhya Pradesh,13,22,,Yes,No,Yes,DSL,No,No,No,No,No,No,No,Yes,Month-to-Month,Yes,Mailed Check,46.099998474121094,130.14999389648438,0.0,0,7.980000019073486,138.1300048828125,Joined,,,1
13086-KAR,Female,29,No,Karnataka,14,20,Deal 5,Yes,No,Yes,DSL,No,No,No,No,No,No,Yes,Yes,Month-to-Month,Yes,Bank Withdrawal,45.099998474121094,45.099998474121094,0.0,0,11.0600004196167,56.15999984741211,Churned,Other,Don't know,1
13123-BIH,Female,46,No,Bihar,13,18,Deal 5,Yes,No,Yes,Fiber Optic,Yes,Yes,No,No,Yes,Yes,Yes,No,Month-to-Month,No,Bank Withdrawal,100.19999694824219,198.5,0.0,10,45.119998931884766,253.6199951171875,Joined,,,1
13179-MAD,Male,80,Yes,Madhya Pradesh,8,24,,Yes,Yes,Yes,Fiber Optic,No,Yes,No,No,Yes,Yes,Yes,Yes,Month-to-Month,Yes,Bank Withdrawal,98.25,560.5999755859375,0.0,0,284.1000061035156,844.7000122070312,Churned,Attitude,Attitude of support person,1
13183-JAM,Female,70,No,Jammu & Kashmir,5,24,,Yes,Yes,Yes,Fiber Optic,No,Yes,No,No,Yes,No,No,Yes,Month-to-Month,Yes,Bank Withdrawal,89.5,2196.14990234375,0.0,0,461.5,2657.64990234375,Churned,Competitor,Competitor had better devices,1
13194-UTT,Female,48,No,Uttarakhand,10,36,Deal 1,Yes,Yes,Yes,Fiber Optic,Yes,Yes,Yes,Yes,Yes,Yes,Yes,No,One Year,No,Credit Card,115.6500015258789,7968.85009765625,0.0,10,1201.9000244140625,9180.75,Churned,Dissatisfaction,Product dissatisfaction,1
13300-KAR,Female,52,No,Karnataka,2,11,Deal 1,No,,Yes,Cable,No,Yes,Yes,No,Yes,Yes,Yes,Yes,Two Year,Yes,Bank Withdrawal,54.20000076293945,3937.449951171875,0.0,0,0.0,3937.449951171875,Churned,Competitor,Competitor offered more data,1
13318-AND,Male,45,No,Andhra Pradesh,11,25,Deal 5,No,,Yes,DSL,No,Yes,No,No,No,No,No,No,Month-to-Month,Yes,Mailed Check,31.350000381469727,31.350000381469727,0.0,80,0.0,111.3499984741211,Churned,Attitude,Attitude of service provider,1
13495-BIH,Male,70,Yes,Bihar,5,4,Deal 4,Yes,No,Yes,Fiber Optic,No,No,No,No,No,Yes,No,Yes,Month-to-Month,No,Bank Withdrawal,78.55000305175781,1422.6500244140625,0.0,0,89.63999938964844,1512.2900390625,Churned,Attitude,Attitude of support person,1
13542-UTT,Male,71,Yes,Uttar Pradesh,11,20,,Yes,Yes,Yes,Cable,No,Yes,No,No,Yes,Yes,Yes,Yes,Month-to-Month,Yes,Bank Withdrawal,100.19999694824219,6851.64990234375,0.0,0,1450.43994140625,8302.08984375,Churned,Competitor,Competitor offered more data,1
13561-JHA,Male,52,No,Jharkhand,6,7,,Yes,No,Yes,DSL,No,No,No,No,No,No,No,Yes,Month-to-Month,No,Bank Withdrawal,45.29999923706055,45.29999923706055,0.0,0,34.369998931884766,79.66999816894531,Churned,Dissatisfaction,Poor expertise of online support,1
13621-JAM,Male,67,No,Jammu & Kashmir,4,8,Deal 3,Yes,Yes,Yes,Fiber Optic,No,Yes,No,No,Yes,No,No,Yes,Month-to-Month,Yes,Bank Withdrawal,89.1500015258789,2277.64990234375,0.0,0,236.33999633789062,2513.989990234375,Churned,Other,Don't know,1
13654-BIH,Female,33,No,Bihar,10,34,,Yes,Yes,Yes,Fiber Optic,No,No,No,Yes,Yes,Yes,Yes,Yes,Month-to-Month,Yes,Credit Card,99.0,1301.699951171875,0.0,0,313.82000732421875,1615.52001953125,Churned,Price,Lack of affordable download/upload speed,1
13664-TAM,Female,44,Yes,Tamil Nadu,5,31,Deal 5,Yes,No,Yes,Fiber Optic,No,No,No,No,No,Yes,Yes,Yes,Month-to-Month,Yes,Bank Withdrawal,79.25,79.25,0.0,0,19.979999542236328,99.2300033569336,Churned,Dissatisfaction,Service dissatisfaction,1
13666-UTT,Male,57,Yes,Uttarakhand,15,16,,Yes,No,Yes,Fiber Optic,No,Yes,No,No,Yes,Yes,Yes,Yes,Month-to-Month,No,Bank Withdrawal,95.4000015258789,293.1499938964844,0.0,0,51.029998779296875,344.17999267578125,Joined,,,1
13685-PUN,Male,25,Yes,Punjab,5,21,Deal 3,Yes,Yes,Yes,Fiber Optic,No,No,Yes,No,Yes,Yes,Yes,No,Month-to-Month,Yes,Bank Withdrawal,100.05000305175781,3480.0,0.0,20,785.0599975585938,4285.06005859375,Churned,Dissatisfaction,Poor expertise of online support,1
13703-TEL,Male,36,Yes,Telangana,5,20,,Yes,Yes,Yes,Fiber Optic,No,No,No,No,No,No,No,Yes,Month-to-Month,Yes,Bank Withdrawal,75.5,438.0,0.0,0,127.37999725341797,565.3800048828125,Churned,Dissatisfaction,Product dissatisfaction,1
13744-AND,Female,41,Yes,Andhra Pradesh,8,3,Deal 5,Yes,No,No,,,,,,,,,,Month-to-Month,Yes,Bank Withdrawal,19.649999618530273,19.649999618530273,0.0,0,13.850000381469727,33.5,Joined,,,1
13745-UTT,Female,38,Yes,Uttar Pradesh,0,29,Deal 5,Yes,No,Yes,Fiber Optic,No,No,No,No,No,No,No,Yes,Month-to-Month,Yes,Bank Withdrawal,68.5,68.5,0.0,0,30.6200008392334,99.12000274658203,Churned,Competitor,Competitor offered more data,1
13793-WES,Female,26,Yes,West Bengal,10,2,Deal 2,Yes,Yes,Yes,Fiber Optic,No,No,Yes,Yes,Yes,Yes,Yes,Yes,One Year,Yes,Bank Withdrawal,104.1500015258789,5743.0498046875,0.0,0,583.5499877929688,6326.60009765625,Churned,Competitor,Competitor had better devices,1
13823-TEL,Female,31,Yes,Telangana,1,28,Deal 5,No,,Yes,DSL,No,No,No,No,No,No,No,Yes,Month-to-Month,No,Bank Withdrawal,24.5,46.400001525878906,0.0,0,0.0,46.400001525878906,Joined,,,1
13829-PUN,Female,34,Yes,Punjab,12,26,,No,,Yes,DSL,Yes,No,No,No,No,No,No,Yes,Month-to-Month,No,Bank Withdrawal,30.5,30.5,0.0,0,0.0,30.5,Churned,Attitude,Attitude of service provider,1
13946-HAR,Female,41,Yes,Haryana,1,3,Deal 5,Yes,No,No,,,,,,,,,,Month-to-Month,No,Credit Card,19.649999618530273,19.649999618530273,0.0,0,23.670000076293945,43.31999969482422,Joined,,,1
13973-WES,Female,66,Yes,West Bengal,2,11,,Yes,No,Yes,Cable,No,No,No,No,No,No,No,Yes,Month-to-Month,Yes,Bank Withdrawal,71.05000305175781,3444.85009765625,0.0,0,230.0,3674.85009765625,Churned,Dissatisfaction,Poor expertise of online support,1
14010-GUJ,Female,30,No,Gujarat,9,26,,Yes,No,Yes,Fiber Optic,No,Yes,Yes,No,Yes,Yes,Yes,Yes,Month-to-Month,Yes,Bank Withdrawal,99.5,2369.050048828125,19.5,0,1210.5,3560.050048828125,Churned,Competitor,Competitor offered more data,1
14078-MAH,Female,28,Yes,Maharashtra,6,18,Deal 5,Yes,No,No,,,,,,,,,,Month-to-Month,No,Credit Card,19.850000381469727,63.75,0.0,0,77.25,141.0,Churned,Price,Long distance charges,1
14158-MAH,Male,60,No,Maharashtra,9,33,,No,,Yes,DSL,No,No,No,No,No,No,No,Yes,Month-to-Month,No,Bank Withdrawal,25.25,58.900001525878906,0.0,0,0.0,58.900001525878906,Churned,Competitor,Competitor had better devices,1
14178-MAH,Male,82,Yes,Maharashtra,0,7,,Yes,Yes,Yes,Fiber Optic,No,Yes,No,No,Yes,Yes,No,Yes,Month-to-Month,Yes,Bank Withdrawal,96.5,3436.10009765625,0.0,0,597.9600219726562,4034.06005859375,Churned,Price,Lack of affordable download/upload speed,1
14268-UTT,Male,68,Yes,Uttar Pradesh,7,18,Deal 5,Yes,No,Yes,Fiber Optic,No,Yes,No,No,No,Yes,Yes,Yes,Month-to-Month,Yes,Bank Withdrawal,86.0,86.0,0.0,0,28.81999969482422,114.81999969482422,Churned,Competitor,Competitor made better offer,1
14277-GUJ,Female,33,Yes,Gujarat,14,1,,Yes,No,Yes,Cable,Yes,No,Yes,No,No,Yes,Yes,Yes,Month-to-Month,Yes,Mailed Check,88.9000015258789,454.1499938964844,0.0,0,207.85000610351562,662.0,Churned,Competitor,Competitor offered higher download speeds,1
14291-PUN,Female,40,No,Punjab,6,33,Deal 5,Yes,No,Yes,DSL,No,No,No,No,No,No,No,Yes,Month-to-Month,No,Mailed Check,44.400001525878906,44.400001525878906,0.0,0,32.439998626708984,76.83999633789062,Churned,Competitor,Competitor had better devices,1
14319-TAM,Male,69,Yes,Tamil Nadu,13,15,Deal 5,Yes,No,Yes,Cable,Yes,No,Yes,No,No,No,No,Yes,Month-to-Month,Yes,Bank Withdrawal,55.79999923706055,55.79999923706055,0.0,0,26.219999313354492,82.0199966430664,Churned,Dissatisfaction,Service dissatisfaction,1
14373-RAJ,Male,69,Yes,Rajasthan,4,31,,Yes,No,Yes,Fiber Optic,No,No,No,No,No,Yes,Yes,Yes,Month-to-Month,Yes,Credit Card,80.8499984741211,80.8499984741211,0.0,0,14.90999984741211,95.76000213623047,Churned,Competitor,Competitor had better devices,1
14446-JAM,Female,73,Yes,Jammu & Kashmir,13,32,Deal 5,Yes,Yes,Yes,Fiber Optic,No,No,No,No,No,No,No,Yes,Month-to-Month,Yes,Bank Withdrawal,74.3499984741211,334.79998779296875,0.0,0,228.8000030517578,563.5999755859375,Churned,Dissatisfaction,Product dissatisfaction,1
14567-TAM,Male,43,No,Tamil Nadu,1,9,,Yes,No,No,,,,,,,,,,Month-to-Month,No,Credit Card,20.350000381469727,20.350000381469727,0.0,0,44.09000015258789,64.44000244140625,Joined,,,1
14583-DEL,Female,33,Yes,Delhi,6,24,Deal 4,Yes,Yes,Yes,Fiber Optic,Yes,Yes,No,No,Yes,No,No,Yes,Month-to-Month,Yes,Bank Withdrawal,96.6500015258789,1244.5,0.0,0,221.25999450683594,1465.760009765625,Churned,Competitor,Competitor made better offer,1
14654-MAH,Female,66,Yes,Maharashtra,2,9,,Yes,Yes,Yes,Fiber Optic,No,No,No,No,No,No,No,Yes,Month-to-Month,Yes,Bank Withdrawal,74.55000305175781,622.9000244140625,33.25,0,158.0399932861328,747.6900024414062,Churned,Competitor,Competitor had better devices,1
14658-RAJ,Female,65,No,Rajasthan,12,24,,Yes,No,Yes,Fiber Optic,No,Yes,No,No,Yes,No,No,Yes,Month-to-Month,Yes,Bank Withdrawal,83.55000305175781,1329.1500244140625,0.0,0,384.3699951171875,1713.52001953125,Stayed,Others,Others,1
14698-PUN,Male,25,No,Punjab,4,13,Deal 5,Yes,No,Yes,Fiber Optic,No,No,No,No,Yes,Yes,Yes,Yes,Month-to-Month,Yes,Bank Withdrawal,89.9000015258789,89.9000015258789,0.0,0,32.849998474121094,122.75,Churned,Other,Don't know,1
14706-TAM,Female,53,No,Tamil Nadu,13,13,,Yes,No,Yes,Fiber Optic,No,No,No,No,No,No,No,Yes,Month-to-Month,Yes,Bank Withdrawal,69.94999694824219,529.5,0.0,0,247.94000244140625,777.4400024414062,Churned,Dissatisfaction,Poor expertise of online support,1
14750-KAR,Female,77,Yes,Karnataka,15,31,,Yes,No,Yes,Fiber Optic,No,Yes,No,No,Yes,No,No,Yes,Month-to-Month,Yes,Bank Withdrawal,87.0999984741211,713.5999755859375,0.0,0,312.0799865722656,1025.6800537109375,Stayed,Others,Others,1
14769-GUJ,Female,59,Yes,Gujarat,13,31,,No,,Yes,Cable,No,No,No,Yes,No,No,No,Yes,Month-to-Month,No,Bank Withdrawal,29.850000381469727,75.5999984741211,0.0,0,0.0,75.5999984741211,Churned,Other,Don't know,1
14782-AND,Female,21,Yes,Andhra Pradesh,3,10,,Yes,No,No,,,,,,,,,,Month-to-Month,No,Credit Card,20.549999237060547,20.549999237060547,0.0,0,37.91999816894531,58.470001220703125,Churned,Attitude,Attitude of support person,1
14825-WES,Male,48,Yes,West Bengal,12,17,,Yes,No,Yes,Fiber Optic,No,Yes,No,No,No,Yes,Yes,No,Month-to-Month,Yes,Bank Withdrawal,85.3499984741211,4338.60009765625,0.0,90,2502.760009765625,6931.35986328125,Churned,Attitude,Attitude of support person,1
14850-PUN,Female,37,No,Punjab,7,15,,Yes,Yes,Yes,Fiber Optic,No,No,No,Yes,Yes,Yes,Yes,Yes,Month-to-Month,Yes,Bank Withdrawal,99.8499984741211,1776.949951171875,0.0,0,656.8200073242188,2433.77001953125,Churned,Dissatisfaction,Product dissatisfaction,1
14871-KER,Male,30,No,Kerala,6,34,,Yes,No,Yes,Fiber Optic,Yes,No,No,No,Yes,Yes,Yes,No,Month-to-Month,Yes,Bank Withdrawal,94.25,1483.25,0.0,140,327.0400085449219,1950.2900390625,Churned,Competitor,Competitor offered higher download speeds,1
14941-MAH,Female,43,Yes,Maharashtra,2,30,,Yes,No,Yes,Fiber Optic,No,Yes,Yes,No,No,No,No,Yes,Month-to-Month,Yes,Bank Withdrawal,79.25,1111.6500244140625,48.25,0,436.0199890136719,1499.4200439453125,Churned,Competitor,Competitor had better devices,1
14952-DEL,Male,82,No,Delhi,10,33,,Yes,Yes,Yes,Fiber Optic,No,No,No,No,Yes,Yes,No,Yes,Month-to-Month,Yes,Bank Withdrawal,94.25,1973.75,0.0,0,444.1499938964844,2417.89990234375,Churned,Competitor,Competitor made better offer,1
15010-KER,Female,39,Yes,Kerala,10,30,,Yes,No,Yes,Cable,No,No,No,No,No,No,No,No,Month-to-Month,Yes,Credit Card,45.0,96.44999694824219,0.0,30,34.5,160.9499969482422,Churned,Competitor,Competitor had better devices,1
15091-MAD,Male,63,Yes,Madhya Pradesh,9,26,Deal 4,Yes,No,Yes,Fiber Optic,No,No,Yes,No,Yes,Yes,Yes,Yes,Month-to-Month,Yes,Credit Card,95.9000015258789,1777.9000244140625,0.0,0,622.6300048828125,2400.530029296875,Churned,Competitor,Competitor had better devices,1
15121-UTT,Male,52,No,Uttar Pradesh,3,3,Deal 5,No,,Yes,Cable,No,No,No,No,No,No,No,Yes,Month-to-Month,Yes,Mailed Check,24.25,96.05000305175781,0.0,0,0.0,96.05000305175781,Churned,Competitor,Competitor made better offer,1
15340-TEL,Female,73,No,Telangana,12,9,,Yes,Yes,Yes,Fiber Optic,No,Yes,No,No,No,No,No,Yes,Month-to-Month,Yes,Bank Withdrawal,80.19999694824219,1217.25,0.0,0,181.1999969482422,1398.449951171875,Churned,Competitor,Competitor offered higher download speeds,1
15349-UTT,Male,47,Yes,Uttar Pradesh,9,12,Deal 5,Yes,Yes,Yes,DSL,No,No,No,No,No,No,No,Yes,Month-to-Month,Yes,Bank Withdrawal,50.150001525878906,50.150001525878906,0.0,0,39.869998931884766,90.0199966430664,Joined,,,1
15363-WES,Male,58,No,West Bengal,9,8,,Yes,No,Yes,Fiber Optic,No,No,No,No,Yes,No,No,Yes,Month-to-Month,Yes,Bank Withdrawal,79.0,303.1499938964844,0.0,0,110.27999877929688,413.42999267578125,Churned,Dissatisfaction,Limited range of services,1
15418-PUN,Female,62,No,Punjab,2,31,,Yes,No,No,,,,,,,,,,One Year,No,Bank Withdrawal,19.799999237060547,229.60000610351562,0.0,0,451.79998779296875,681.4000244140625,Churned,Attitude,Attitude of support person,1
15584-KAR,Male,55,No,Karnataka,15,24,,Yes,No,Yes,Fiber Optic,No,No,No,No,No,No,No,Yes,Month-to-Month,Yes,Bank Withdrawal,71.6500015258789,71.6500015258789,0.0,0,17.540000915527344,89.19000244140625,Churned,Competitor,Competitor had better devices,1
15591-KAR,Female,26,No,Karnataka,3,31,,Yes,No,No,,,,,,,,,,Month-to-Month,No,Credit Card,20.399999618530273,20.399999618530273,0.0,0,45.90999984741211,66.30999755859375,Joined,,,1
15687-TAM,Male,65,No,Tamil Nadu,5,35,,Yes,No,Yes,Fiber Optic,No,Yes,No,No,No,No,No,Yes,Month-to-Month,Yes,Bank Withdrawal,74.5,606.5499877929688,0.0,0,14.239999771118164,620.7899780273438,Churned,Dissatisfaction,Poor expertise of online support,1
15692-UTT,Female,25,No,Uttar Pradesh,0,23,,Yes,No,Yes,Cable,No,No,No,No,No,No,Yes,Yes,Month-to-Month,No,Credit Card,45.04999923706055,45.04999923706055,0.0,0,48.029998779296875,93.08000183105469,Churned,Competitor,Competitor had better devices,1
15731-MAD,Female,79,No,Madhya Pradesh,6,4,Deal 2,Yes,Yes,Yes,Cable,No,Yes,Yes,No,No,No,No,Yes,Month-to-Month,Yes,Bank Withdrawal,84.19999694824219,4146.0498046875,0.0,0,2222.580078125,6368.6298828125,Churned,Competitor,Competitor offered more data,1
15757-HAR,Female,41,No,Haryana,6,23,,Yes,No,Yes,DSL,No,No,No,No,No,No,No,Yes,Month-to-Month,Yes,Credit Card,44.150001525878906,44.150001525878906,0.0,0,8.770000457763672,52.91999816894531,Churned,Other,Don't know,1
15788-DEL,Female,63,Yes,Delhi,8,5,Deal 5,Yes,No,Yes,Fiber Optic,No,No,No,No,No,No,No,Yes,Month-to-Month,Yes,Bank Withdrawal,69.5999984741211,69.5999984741211,0.0,0,45.79999923706055,115.4000015258789,Churned,Dissatisfaction,Poor expertise of online support,1
15803-UTT,Female,34,No,Uttar Pradesh,6,31,,Yes,No,No,,,,,,,,,,Month-to-Month,No,Credit Card,19.149999618530273,19.149999618530273,0.0,0,22.3700008392334,41.52000045776367,Joined,,,1
15827-GUJ,Female,31,Yes,Gujarat,9,31,,Yes,No,Yes,DSL,No,Yes,No,No,No,No,No,Yes,Month-to-Month,No,Bank Withdrawal,50.54999923706055,50.54999923706055,0.0,0,30.959999084472656,81.51000213623047,Churned,Dissatisfaction,Product dissatisfaction,1
15872-KAR,Female,60,No,Karnataka,3,15,Deal 4,Yes,No,No,,,,,,,,,,Month-to-Month,No,Credit Card,20.100000381469727,221.35000610351562,0.0,0,363.6600036621094,585.010009765625,Churned,Attitude,Attitude of support person,1
15875-MAD,Female,27,Yes,Madhya Pradesh,8,4,,Yes,Yes,Yes,Fiber Optic,Yes,No,Yes,No,Yes,Yes,Yes,Yes,Two Year,Yes,Credit Card,106.05000305175781,6981.35009765625,0.0,0,1551.6600341796875,8533.009765625,Churned,Dissatisfaction,Product dissatisfaction,1
16016-TAM,Female,66,Yes,Tamil Nadu,13,17,,Yes,No,Yes,Fiber Optic,Yes,No,No,No,No,Yes,Yes,No,Month-to-Month,No,Credit Card,85.5,4042.300048828125,0.0,50,1719.260009765625,5811.56005859375,Churned,Other,Moved,1
16032-AND,Female,47,No,Andhra Pradesh,8,18,,Yes,No,Yes,DSL,No,No,No,No,No,No,No,Yes,Month-to-Month,Yes,Bank Withdrawal,46.599998474121094,87.9000015258789,0.0,0,3.740000009536743,91.63999938964844,Joined,,,1
16068-BIH,Female,44,Yes,Bihar,4,25,Deal 5,No,,Yes,DSL,No,No,No,No,No,No,No,No,Month-to-Month,No,Bank Withdrawal,25.25,25.25,0.0,10,0.0,35.25,Joined,,,1
16149-ASS,Female,66,Yes,Assam,2,7,,Yes,No,Yes,Fiber Optic,No,Yes,No,No,No,No,No,Yes,Month-to-Month,Yes,Bank Withdrawal,73.6500015258789,1463.5,0.0,0,107.4000015258789,1570.9000244140625,Churned,Competitor,Competitor had better devices,1
16194-JAM,Male,25,No,Jammu & Kashmir,12,19,,Yes,No,Yes,Cable,No,No,Yes,No,No,No,No,Yes,Month-to-Month,Yes,Bank Withdrawal,50.150001525878906,168.14999389648438,0.0,0,40.619998931884766,208.77000427246094,Churned,Competitor,Competitor made better offer,1
16243-DEL,Female,67,No,Delhi,8,2,Deal 5,Yes,Yes,Yes,Fiber Optic,No,No,No,No,No,No,No,Yes,Month-to-Month,Yes,Bank Withdrawal,74.19999694824219,74.19999694824219,0.0,0,48.95000076293945,123.1500015258789,Churned,Price,Price too high,1
16244-UTT,Female,19,Yes,Uttar Pradesh,5,7,,Yes,No,No,,,,,,,,,,Month-to-Month,No,Credit Card,19.549999237060547,19.549999237060547,0.0,0,5.099999904632568,24.649999618530273,Joined,,,1
16274-JAM,Male,23,Yes,Jammu & Kashmir,14,1,,No,,Yes,Cable,No,No,No,No,No,No,No,No,Month-to-Month,Yes,Bank Withdrawal,25.299999237060547,25.299999237060547,0.0,10,0.0,35.29999923706055,Churned,Competitor,Competitor made better offer,1
16313-GUJ,Male,51,No,Gujarat,4,30,,Yes,No,Yes,Fiber Optic,No,Yes,Yes,Yes,Yes,Yes,Yes,Yes,Month-to-Month,Yes,Bank Withdrawal,102.80000305175781,2110.14990234375,0.0,0,350.07000732421875,2460.219970703125,Churned,Competitor,Competitor had better devices,1
16339-UTT,Female,52,No,Uttarakhand,11,21,,No,,Yes,DSL,No,No,No,Yes,Yes,Yes,Yes,Yes,Month-to-Month,No,Credit Card,51.20000076293945,1561.5,0.0,0,0.0,1561.5,Churned,Dissatisfaction,Network reliability,1
16346-HAR,Female,74,Yes,Haryana,2,18,Deal 5,Yes,No,Yes,Cable,No,No,No,No,No,No,No,Yes,Month-to-Month,Yes,Bank Withdrawal,44.70000076293945,93.69999694824219,0.0,0,82.86000061035156,176.55999755859375,Churned,Competitor,Competitor offered more data,1
16420-AND,Female,77,No,Andhra Pradesh,13,12,,Yes,Yes,Yes,Fiber Optic,Yes,Yes,Yes,Yes,Yes,Yes,No,Yes,Month-to-Month,No,Bank Withdrawal,117.44999694824219,5438.89990234375,0.0,0,2065.919921875,7504.81982421875,Churned,Competitor,Competitor offered more data,1
16440-MAH,Male,40,Yes,Maharashtra,0,36,Deal 5,No,,Yes,DSL,No,No,No,No,No,Yes,Yes,No,Month-to-Month,Yes,Bank Withdrawal,35.099998474121094,68.75,0.0,10,0.0,78.75,Churned,Attitude,Attitude of support person,1
16444-BIH,Female,24,Yes,Bihar,10,4,,Yes,No,Yes,Fiber Optic,No,No,No,No,No,No,No,Yes,Month-to-Month,No,Credit Card,-2.0,140.6999969482422,0.0,0,72.12000274658203,212.82000732421875,Churned,Dissatisfaction,Service dissatisfaction,1
16504-HAR,Male,49,Yes,Haryana,12,27,,Yes,No,Yes,Fiber Optic,No,No,No,No,No,No,No,Yes,Month-to-Month,Yes,Bank Withdrawal,69.1500015258789,69.1500015258789,0.0,0,2.200000047683716,71.3499984741211,Churned,Competitor,Competitor offered more data,1
16522-JAM,Male,80,Yes,Jammu & Kashmir,2,12,,Yes,Yes,Yes,Fiber Optic,No,No,Yes,No,Yes,Yes,No,Yes,Month-to-Month,Yes,Bank Withdrawal,99.44999694824219,1200.1500244140625,0.0,0,262.67999267578125,1462.8299560546875,Churned,Competitor,Competitor made better offer,1
16528-PUN,Male,29,No,Punjab,12,34,Deal 5,Yes,No,Yes,Fiber Optic,No,No,Yes,Yes,Yes,Yes,Yes,Yes,Month-to-Month,Yes,Bank Withdrawal,98.0999984741211,396.29998779296875,0.0,0,22.520000457763672,418.82000732421875,Churned,Competitor,Competitor made better offer,1
16554-RAJ,Female,64,No,Rajasthan,2,15,,Yes,Yes,Yes,Fiber Optic,No,No,No,No,No,No,No,Yes,Month-to-Month,Yes,Credit Card,75.19999694824219,633.8499755859375,0.0,0,83.43000030517578,717.280029296875,Stayed,Others,Others,1
16556-GUJ,Female,52,No,Gujarat,9,32,,No,,Yes,DSL,No,Yes,No,No,No,No,No,Yes,Month-to-Month,Yes,Bank Withdrawal,30.600000381469727,856.3499755859375,0.0,0,0.0,856.3499755859375,Churned,Dissatisfaction,Product dissatisfaction,1
16562-UTT,Female,72,Yes,Uttar Pradesh,10,19,Deal 2,Yes,Yes,Yes,Fiber Optic,No,No,Yes,No,Yes,Yes,Yes,Yes,Month-to-Month,Yes,Bank Withdrawal,98.69999694824219,5812.60009765625,0.0,0,184.44000244140625,5997.0400390625,Churned,Competitor,Competitor had better devices,1
16591-JAM,Female,56,No,Jammu & Kashmir,10,11,Deal 3,Yes,No,Yes,DSL,Yes,Yes,No,Yes,Yes,Yes,Yes,Yes,One Year,No,Credit Card,80.30000305175781,3058.64990234375,0.0,0,1601.3199462890625,4659.97021484375,Churned,Other,Don't know,1
16641-PUN,Female,26,No,Punjab,3,22,,No,,Yes,DSL,No,No,No,No,Yes,Yes,Yes,Yes,One Year,Yes,Credit Card,44.849998474121094,893.5499877929688,0.0,0,0.0,893.5499877929688,Churned,Competitor,Competitor offered higher download speeds,1
16733-ODI,Female,76,Yes,Odisha,10,1,,Yes,No,Yes,DSL,No,No,No,No,No,No,No,Yes,Month-to-Month,Yes,Credit Card,45.849998474121094,45.849998474121094,0.0,0,40.380001068115234,86.2300033569336,Joined,,,1
16741-UTT,Female,34,Yes,Uttar Pradesh,15,4,,Yes,Yes,Yes,Fiber Optic,No,No,No,No,No,No,No,Yes,Month-to-Month,No,Credit Card,75.44999694824219,480.75,0.0,0,126.69999694824219,607.4500122070312,Churned,Competitor,Competitor had better devices,1
16764-WES,Male,40,No,West Bengal,15,13,Deal 5,Yes,No,No,,,,,,,,,,Month-to-Month,No,Credit Card,20.799999237060547,20.799999237060547,0.0,0,48.13999938964844,68.94000244140625,Joined,,,1
16794-TEL,Male,47,No,Telangana,9,3,,Yes,No,No,,,,,,,,,,Month-to-Month,No,Mailed Check,19.700000762939453,19.700000762939453,0.0,0,1.909999966621399,21.610000610351562,Churned,Attitude,Attitude of service provider,1
16898-UTT,Male,63,Yes,Uttar Pradesh,6,2,Deal 4,Yes,Yes,Yes,Fiber Optic,Yes,No,No,No,No,No,No,Yes,Month-to-Month,No,Bank Withdrawal,80.3499984741211,1747.199951171875,0.0,0,281.19000244140625,2028.3900146484375,Stayed,Others,Others,1
16916-AND,Female,70,Yes,Andhra Pradesh,8,18,,Yes,Yes,Yes,Fiber Optic,No,No,No,No,No,Yes,Yes,Yes,Month-to-Month,Yes,Credit Card,85.25,3132.75,0.0,0,883.4400024414062,4016.18994140625,Churned,Dissatisfaction,Product dissatisfaction,1
16931-BIH,Female,39,Yes,Bihar,8,23,Deal 5,Yes,No,No,,,,,,,,,,Month-to-Month,Yes,Credit Card,19.299999237060547,19.299999237060547,0.0,0,8.65999984741211,27.959999084472656,Joined,,,1
16936-GUJ,Female,29,No,Gujarat,4,28,Deal 5,Yes,No,No,,,,,,,,,,Month-to-Month,No,Bank Withdrawal,20.0,137.60000610351562,0.0,0,112.27999877929688,249.8800048828125,Churned,Attitude,Attitude of support person,1
16945-AND,Male,73,No,Andhra Pradesh,5,34,Deal 5,No,,Yes,Cable,No,No,No,No,No,No,No,Yes,Month-to-Month,No,Bank Withdrawal,25.049999237060547,25.049999237060547,0.0,0,0.0,25.049999237060547,Churned,Competitor,Competitor had better devices,1
17002-UTT,Male,51,No,Uttar Pradesh,10,34,,Yes,Yes,Yes,Fiber Optic,No,No,No,No,Yes,Yes,Yes,Yes,Month-to-Month,No,Bank Withdrawal,95.6500015258789,778.0999755859375,0.0,0,237.27999877929688,1015.3800048828125,Churned,Attitude,Attitude of support person,1
17149-GUJ,Male,70,Yes,Gujarat,0,16,,Yes,No,Yes,Fiber Optic,No,No,No,No,Yes,Yes,No,Yes,Month-to-Month,Yes,Bank Withdrawal,89.5,477.70001220703125,0.0,0,228.60000610351562,706.2999877929688,Churned,Attitude,Attitude of support person,1
17154-HAR,Male,32,No,Haryana,13,4,,Yes,No,No,,,,,,,,,,One Year,No,Mailed Check,18.799999237060547,18.799999237060547,0.0,0,43.56999969482422,62.369998931884766,Joined,,,1
17163-JAM,Female,72,Yes,Jammu & Kashmir,6,16,,Yes,No,Yes,DSL,No,No,No,No,No,No,No,Yes,Month-to-Month,Yes,Bank Withdrawal,45.04999923706055,770.5999755859375,0.0,0,695.8099975585938,1466.4100341796875,Churned,Competitor,Competitor made better offer,1
17197-WES,Male,38,No,West Bengal,13,5,,Yes,Yes,Yes,Fiber Optic,No,Yes,No,No,Yes,No,No,Yes,Month-to-Month,Yes,Credit Card,90.55000305175781,2282.550048828125,0.0,0,862.3200073242188,3144.8701171875,Churned,Other,Don't know,1
17250-HAR,Female,23,Yes,Haryana,12,2,,Yes,No,Yes,DSL,No,Yes,No,No,No,No,No,Yes,Month-to-Month,No,Credit Card,49.25,97.0,0.0,0,81.5,178.5,Joined,,,1
17357-UTT,Female,18,No,Uttar Pradesh,15,5,Deal 5,Yes,No,Yes,Fiber Optic,No,No,Yes,No,Yes,Yes,Yes,Yes,Month-to-Month,Yes,Bank Withdrawal,94.19999694824219,777.2999877929688,0.0,0,310.6400146484375,1087.93994140625,Churned,Competitor,Competitor had better devices,1
17371-TAM,Female,55,Yes,Tamil Nadu,10,6,Deal 2,Yes,Yes,Yes,Fiber Optic,Yes,Yes,No,Yes,Yes,Yes,Yes,Yes,One Year,No,Bank Withdrawal,108.55000305175781,5610.7001953125,0.0,0,1471.5,7082.2001953125,Churned,Other,Moved,1
17476-JAM,Male,56,No,Jammu & Kashmir,3,10,,Yes,No,No,,,,,,,,,,Two Year,No,Credit Card,19.350000381469727,1099.5999755859375,14.220000267028809,0,1571.1700439453125,2656.550048828125,Churned,Price,Price too high,1
17493-RAJ,Female,47,No,Rajasthan,0,5,,Yes,Yes,Yes,Fiber Optic,No,Yes,Yes,No,Yes,Yes,Yes,Yes,Month-to-Month,Yes,Bank Withdrawal,104.4000015258789,3409.60009765625,0.0,0,373.55999755859375,3783.159912109375,Churned,Dissatisfaction,Service dissatisfaction,1
17593-UTT,Male,51,Yes,Uttar Pradesh,12,23,Deal 3,Yes,Yes,Yes,Fiber Optic,No,No,No,No,No,No,No,Yes,Month-to-Month,No,Credit Card,75.3499984741211,2636.050048828125,0.0,0,876.4000244140625,3512.449951171875,Churned,Dissatisfaction,Poor expertise of online support,1
17597-HAR,Female,33,Yes,Haryana,2,6,Deal 5,No,,Yes,DSL,No,Yes,No,No,No,No,No,Yes,Month-to-Month,Yes,Bank Withdrawal,29.850000381469727,29.850000381469727,0.0,0,0.0,29.850000381469727,Joined,,,1
17689-AND,Male,57,No,Andhra Pradesh,9,13,Deal 5,Yes,No,Yes,DSL,No,No,No,Yes,Yes,No,No,Yes,Month-to-Month,Yes,Credit Card,59.5,415.95001220703125,0.0,0,15.680000305175781,431.6300048828125,Churned,Other,Moved,1
17783-TAM,Female,74,No,Tamil Nadu,0,32,Deal 5,Yes,Yes,Yes,Fiber Optic,No,No,No,No,Yes,No,No,Yes,Month-to-Month,Yes,Bank Withdrawal,85.55000305175781,187.4499969482422,0.0,0,10.979999542236328,198.42999267578125,Churned,Dissatisfaction,Network reliability,1
17796-BIH,Female,65,No,Bihar,5,1,,Yes,No,Yes,Cable,Yes,No,No,No,No,No,No,Yes,Month-to-Month,Yes,Bank Withdrawal,48.45000076293945,48.45000076293945,0.0,0,16.420000076293945,64.87000274658203,Joined,,,1
17845-TEL,Female,79,No,Telangana,8,12,,Yes,No,Yes,Fiber Optic,No,No,No,No,No,No,No,Yes,Month-to-Month,Yes,Bank Withdrawal,69.55000305175781,69.55000305175781,0.0,0,12.460000038146973,82.01000213623047,Churned,Dissatisfaction,Network reliability,1
17866-HAR,Female,60,Yes,Haryana,5,35,,Yes,Yes,Yes,Fiber Optic,No,No,No,No,Yes,No,No,No,Month-to-Month,Yes,Bank Withdrawal,86.5,582.5,0.0,20,158.27000427246094,760.77001953125,Churned,Competitor,Competitor offered higher download speeds,1
17893-TAM,Male,67,No,Tamil Nadu,13,16,,Yes,Yes,Yes,Fiber Optic,No,No,Yes,No,No,No,No,Yes,Month-to-Month,Yes,Bank Withdrawal,81.25,585.9500122070312,0.0,0,40.15999984741211,626.1099853515625,Churned,Price,Price too high,1
17901-TEL,Female,75,Yes,Telangana,7,26,Deal 5,No,,Yes,DSL,No,Yes,No,No,No,No,No,Yes,Month-to-Month,No,Bank Withdrawal,28.450000762939453,131.0500030517578,0.0,0,0.0,131.0500030517578,Churned,Dissatisfaction,Limited range of services,1
17908-HAR,Female,75,No,Haryana,14,21,,Yes,Yes,Yes,Fiber Optic,No,No,No,No,No,No,No,Yes,Month-to-Month,Yes,Bank Withdrawal,73.9000015258789,2217.14990234375,0.0,0,478.3299865722656,2695.47998046875,Churned,Attitude,Attitude of support person,1
18015-ODI,Female,28,Yes,Odisha,15,9,,Yes,No,Yes,DSL,No,No,No,Yes,No,No,No,Yes,Month-to-Month,Yes,Bank Withdrawal,49.900001525878906,49.900001525878906,0.0,0,14.930000305175781,64.83000183105469,Joined,,,1
18027-UTT,Female,58,Yes,Uttar Pradesh,15,30,Deal 5,Yes,No,No,,,,,,,,,,Month-to-Month,Yes,Credit Card,19.899999618530273,33.70000076293945,0.0,0,7.639999866485596,41.34000015258789,Joined,,,1
18034-KER,Male,33,Yes,Kerala,2,15,,Yes,No,Yes,Fiber Optic,No,No,No,No,No,No,No,Yes,Month-to-Month,Yes,Bank Withdrawal,69.80000305175781,69.80000305175781,0.0,0,11.079999923706055,80.87999725341797,Churned,Dissatisfaction,Service dissatisfaction,1
18036-TAM,Male,34,No,Tamil Nadu,8,13,,Yes,No,Yes,DSL,No,No,Yes,No,No,No,No,Yes,Month-to-Month,Yes,Bank Withdrawal,50.5,50.5,0.0,0,39.58000183105469,90.08000183105469,Churned,Competitor,Competitor made better offer,1
18063-TEL,Female,43,Yes,Telangana,3,18,Deal 4,Yes,No,Yes,Fiber Optic,No,No,No,No,Yes,Yes,Yes,Yes,Month-to-Month,Yes,Bank Withdrawal,92.9000015258789,1337.449951171875,0.0,0,389.20001220703125,1726.6500244140625,Stayed,Others,Others,1
18063-UTT,Female,23,Yes,Uttar Pradesh,8,1,Deal 4,Yes,No,Yes,DSL,Yes,Yes,Yes,No,No,No,No,No,Month-to-Month,No,Credit Card,61.150001525878906,1422.050048828125,0.0,80,945.5599975585938,2447.610107421875,Churned,Dissatisfaction,Service dissatisfaction,1
18228-AND,Female,32,Yes,Andhra Pradesh,6,21,,Yes,No,Yes,DSL,Yes,No,No,No,No,No,No,Yes,Month-to-Month,Yes,Credit Card,48.54999923706055,48.54999923706055,0.0,0,11.350000381469727,59.900001525878906,Churned,Attitude,Attitude of support person,1
18238-JAM,Female,69,Yes,Jammu & Kashmir,1,14,Deal 4,Yes,Yes,Yes,Fiber Optic,No,Yes,No,No,No,Yes,Yes,Yes,Month-to-Month,Yes,Bank Withdrawal,90.9000015258789,1259.0,0.0,0,190.9600067138672,1449.9599609375,Churned,Competitor,Competitor made better offer,1
18312-RAJ,Female,33,No,Rajasthan,1,14,,Yes,Yes,Yes,Fiber Optic,No,No,No,No,No,Yes,Yes,Yes,Month-to-Month,Yes,Bank Withdrawal,85.44999694824219,1451.5999755859375,0.0,0,811.9199829101562,2263.52001953125,Churned,Attitude,Attitude of support person,1
18355-ODI,Female,30,Yes,Odisha,3,1,Deal 4,Yes,Yes,Yes,Fiber Optic,Yes,No,No,No,No,No,No,Yes,Month-to-Month,Yes,Bank Withdrawal,78.30000305175781,909.25,0.0,0,429.6000061035156,1338.8499755859375,Churned,Competitor,Competitor offered higher download speeds,1
18357-JAM,Male,51,No,Jammu & Kashmir,3,23,,Yes,Yes,Yes,Fiber Optic,No,No,No,No,No,No,No,Yes,Month-to-Month,Yes,Bank Withdrawal,75.44999694824219,75.44999694824219,0.0,0,11.579999923706055,87.02999877929688,Churned,Competitor,Competitor made better offer,1
18385-KAR,Female,42,No,Karnataka,5,12,Deal 5,Yes,Yes,Yes,Fiber Optic,No,No,No,No,Yes,Yes,Yes,Yes,Month-to-Month,No,Credit Card,95.6500015258789,95.6500015258789,0.0,0,32.33000183105469,127.9800033569336,Churned,Attitude,Attitude of service provider,1
18415-KAR,Female,33,Yes,Karnataka,7,36,,Yes,No,No,,,,,,,,,,Month-to-Month,No,Mailed Check,19.100000381469727,19.100000381469727,0.0,0,5.019999980926514,24.1200008392334,Joined,,,1
18465-MAH,Female,59,No,Maharashtra,3,34,,Yes,Yes,Yes,Fiber Optic,Yes,No,No,No,Yes,Yes,Yes,Yes,Month-to-Month,Yes,Bank Withdrawal,100.25,1064.6500244140625,0.0,0,244.8000030517578,1309.449951171875,Churned,Price,Price too high,1
18521-RAJ,Male,76,Yes,Rajasthan,13,15,Deal 5,Yes,No,Yes,Fiber Optic,Yes,No,No,No,Yes,No,No,Yes,Month-to-Month,Yes,Bank Withdrawal,85.1500015258789,503.6000061035156,0.0,0,176.4600067138672,680.0599975585938,Churned,Attitude,Attitude of service provider,1
18675-TEL,Male,47,No,Telangana,8,18,,Yes,No,Yes,DSL,Yes,No,Yes,Yes,Yes,Yes,Yes,Yes,One Year,No,Credit Card,80.0,3182.949951171875,0.0,0,1392.300048828125,4575.25,Churned,Other,Moved,1
18706-TAM,Female,82,Yes,Tamil Nadu,12,2,Deal 5,Yes,No,Yes,Cable,No,No,No,No,No,Yes,No,Yes,Month-to-Month,Yes,Bank Withdrawal,79.5999984741211,195.0500030517578,0.0,0,63.81999969482422,258.8699951171875,Churned,Price,Long distance charges,1
18730-KAR,Female,78,No,Karnataka,7,14,,Yes,Yes,Yes,Cable,No,No,No,No,Yes,Yes,No,Yes,Month-to-Month,Yes,Bank Withdrawal,95.5999984741211,644.3499755859375,0.0,0,153.3699951171875,797.719970703125,Churned,Competitor,Competitor made better offer,1
18822-MAH,Female,40,Yes,Maharashtra,7,28,,Yes,No,Yes,Fiber Optic,No,Yes,No,Yes,Yes,Yes,Yes,Yes,Month-to-Month,Yes,Mailed Check,99.1500015258789,465.04998779296875,0.0,0,46.150001525878906,511.20001220703125,Churned,Other,Moved,1
18825-AND,Female,40,No,Andhra Pradesh,12,3,,Yes,Yes,Yes,Fiber Optic,No,No,No,No,No,Yes,Yes,Yes,Month-to-Month,Yes,Bank Withdrawal,85.69999694824219,169.8000030517578,0.0,0,28.139999389648438,197.94000244140625,Churned,Attitude,Attitude of service provider,1
18829-TAM,Female,49,Yes,Tamil Nadu,4,31,Deal 5,Yes,No,No,,,,,,,,,,Month-to-Month,No,Credit Card,18.799999237060547,56.0,0.0,0,19.829999923706055,75.83000183105469,Joined,,,1
18832-UTT,Female,63,Yes,Uttar Pradesh,12,12,,Yes,No,Yes,Fiber Optic,No,No,No,No,Yes,Yes,Yes,Yes,Month-to-Month,Yes,Bank Withdrawal,91.30000305175781,91.30000305175781,0.0,0,43.61000061035156,134.91000366210938,Churned,Attitude,Attitude of service provider,1
18986-ODI,Female,38,No,Odisha,11,4,,Yes,Yes,Yes,Fiber Optic,No,No,No,No,Yes,Yes,Yes,Yes,Month-to-Month,Yes,Bank Withdrawal,94.19999694824219,193.8000030517578,0.0,0,85.77999877929688,279.5799865722656,Churned,Dissatisfaction,Lack of self-service on Website,1
19000-HAR,Female,19,No,Haryana,8,6,,Yes,Yes,Yes,Fiber Optic,No,Yes,Yes,No,Yes,Yes,Yes,Yes,Month-to-Month,Yes,Bank Withdrawal,105.9000015258789,6396.4501953125,0.0,0,642.0,7038.4501953125,Churned,Other,Don't know,1
19006-KAR,Female,23,Yes,Karnataka,4,1,,Yes,No,Yes,Fiber Optic,No,No,No,No,No,No,Yes,No,Month-to-Month,No,Bank Withdrawal,70.4000015258789,281.0,0.0,70,164.47999572753906,515.47998046875,Churned,Competitor,Competitor had better devices,1
19041-AND,Female,36,No,Andhra Pradesh,6,21,Deal 5,No,,Yes,Cable,Yes,No,No,Yes,No,No,No,Yes,Month-to-Month,No,Credit Card,35.099998474121094,101.0999984741211,0.0,0,0.0,101.0999984741211,Joined,,,1
19096-WES,Female,58,Yes,West Bengal,14,28,Deal 4,Yes,Yes,Yes,Fiber Optic,No,Yes,No,No,Yes,No,No,Yes,Month-to-Month,Yes,Bank Withdrawal,89.75,1052.4000244140625,0.0,0,172.55999755859375,1224.9599609375,Churned,Attitude,Attitude of support person,1
19145-TAM,Male,42,No,Tamil Nadu,15,23,Deal 2,Yes,Yes,Yes,Fiber Optic,No,Yes,No,Yes,Yes,No,No,Yes,Two Year,Yes,Bank Withdrawal,94.0999984741211,5638.2998046875,0.0,0,1643.3399658203125,7281.64013671875,Churned,Competitor,Competitor offered more data,1
19233-AND,Female,28,No,Andhra Pradesh,14,36,,Yes,Yes,Yes,Fiber Optic,No,No,No,Yes,No,No,No,Yes,Month-to-Month,Yes,Bank Withdrawal,79.6500015258789,251.75,0.0,0,129.80999755859375,381.55999755859375,Churned,Competitor,Competitor offered more data,1
19235-GUJ,Female,71,No,Gujarat,15,18,,Yes,No,Yes,Fiber Optic,No,No,Yes,No,No,Yes,Yes,Yes,Month-to-Month,Yes,Credit Card,84.5999984741211,865.5499877929688,0.0,0,168.5,1034.050048828125,Churned,Attitude,Attitude of support person,1
19280-TEL,Female,55,No,Telangana,7,32,Deal 4,No,,Yes,DSL,No,Yes,Yes,No,No,Yes,Yes,Yes,One Year,Yes,Bank Withdrawal,43.75,903.5999755859375,0.0,0,0.0,903.5999755859375,Churned,Dissatisfaction,Network reliability,1
19376-TAM,Female,76,No,Tamil Nadu,6,13,Deal 3,Yes,Yes,Yes,Fiber Optic,No,Yes,No,No,Yes,No,No,Yes,Month-to-Month,Yes,Credit Card,91.94999694824219,3301.050048828125,17.760000228881836,0,407.5199890136719,3690.81005859375,Stayed,Others,Others,1
19400-JHA,Male,34,No,Jharkhand,3,26,,Yes,Yes,Yes,Fiber Optic,No,No,No,No,No,No,No,Yes,Month-to-Month,Yes,Bank Withdrawal,73.8499984741211,1284.199951171875,0.0,0,287.3599853515625,1571.56005859375,Churned,Other,Don't know,1
19404-WES,Female,24,No,West Bengal,11,4,Deal 5,No,,Yes,DSL,No,No,No,No,No,Yes,Yes,Yes,Month-to-Month,Yes,Bank Withdrawal,34.70000076293945,62.25,0.0,0,0.0,62.25,Churned,Competitor,Competitor made better offer,1
19481-HAR,Male,76,No,Haryana,10,17,Deal 4,Yes,Yes,Yes,Fiber Optic,No,No,No,No,Yes,Yes,Yes,Yes,Month-to-Month,Yes,Bank Withdrawal,95.44999694824219,1752.550048828125,45.61000061035156,0,203.94000244140625,1910.8800048828125,Churned,Competitor,Competitor made better offer,1
19522-RAJ,Female,52,Yes,Rajasthan,6,7,,No,,Yes,Cable,No,Yes,No,No,Yes,Yes,Yes,Yes,Month-to-Month,Yes,Bank Withdrawal,50.599998474121094,155.35000610351562,0.0,0,0.0,155.35000610351562,Churned,Dissatisfaction,Poor expertise of online support,1
19539-PUN,Female,37,Yes,Punjab,14,8,Deal 5,Yes,No,Yes,DSL,No,No,No,No,No,No,No,Yes,Month-to-Month,Yes,Credit Card,45.400001525878906,45.400001525878906,0.0,0,49.33000183105469,94.7300033569336,Joined,,,1
19541-ODI,Female,37,Yes,Odisha,15,14,Deal 5,Yes,No,Yes,Cable,No,No,No,No,No,No,No,Yes,Month-to-Month,Yes,Credit Card,45.25,74.19999694824219,0.0,0,79.0,153.1999969482422,Joined,,,1
19572-RAJ,Female,52,No,Rajasthan,11,19,,Yes,No,Yes,DSL,No,No,No,No,No,No,No,Yes,Month-to-Month,No,Mailed Check,45.650001525878906,191.0500030517578,0.0,0,181.60000610351562,372.6499938964844,Churned,Competitor,Competitor had better devices,1
19665-JAM,Male,38,No,Jammu & Kashmir,1,3,Deal 5,Yes,No,Yes,DSL,No,No,No,No,No,No,No,No,Month-to-Month,No,Bank Withdrawal,-9.0,45.79999923706055,0.0,10,22.110000610351562,77.91000366210938,Churned,Competitor,Competitor made better offer,1
19698-UTT,Male,64,No,Uttar Pradesh,7,13,,Yes,Yes,Yes,Fiber Optic,No,No,No,No,Yes,Yes,Yes,Yes,Month-to-Month,Yes,Bank Withdrawal,93.8499984741211,635.5999755859375,0.0,0,108.56999969482422,744.1699829101562,Churned,Competitor,Competitor had better devices,1
19700-WES,Female,29,No,West Bengal,2,33,,Yes,No,Yes,DSL,No,Yes,No,Yes,No,No,No,No,Month-to-Month,No,Bank Withdrawal,55.150001525878906,1206.050048828125,0.0,30,115.72000122070312,1351.77001953125,Churned,Dissatisfaction,Service dissatisfaction,1
19704-KAR,Female,21,Yes,Karnataka,12,11,Deal 3,No,,Yes,DSL,No,Yes,Yes,No,Yes,Yes,Yes,Yes,Month-to-Month,Yes,Credit Card,54.150001525878906,1240.25,0.0,0,0.0,1240.25,Churned,Competitor,Competitor had better devices,1
19747-WES,Female,47,No,West Bengal,15,19,Deal 5,Yes,No,Yes,DSL,Yes,No,No,Yes,No,Yes,Yes,No,Month-to-Month,Yes,Bank Withdrawal,64.5,177.39999389648438,0.0,60,118.6500015258789,356.04998779296875,Joined,,,1
19754-JAM,Female,63,No,Jammu & Kashmir,15,1,Deal 5,No,,Yes,DSL,No,No,No,Yes,Yes,No,No,Yes,Month-to-Month,No,Mailed Check,40.650001525878906,328.95001220703125,0.0,0,0.0,328.95001220703125,Churned,Competitor,Competitor had better devices,1
19793-UTT,Female,63,Yes,Uttar Pradesh,5,34,Deal 1,Yes,Yes,Yes,Fiber Optic,No,Yes,Yes,No,Yes,Yes,Yes,Yes,One Year,No,Bank Withdrawal,104.0999984741211,7040.85009765625,0.0,0,548.0599975585938,7588.91015625,Churned,Dissatisfaction,Product dissatisfaction,1
19811-MAH,Female,35,Yes,Maharashtra,10,7,Deal 5,Yes,No,Yes,Fiber Optic,Yes,Yes,No,No,Yes,No,No,Yes,Month-to-Month,No,Bank Withdrawal,89.8499984741211,248.39999389648438,0.0,0,99.9000015258789,348.29998779296875,Joined,,,1
19837-TAM,Female,57,Yes,Tamil Nadu,4,6,,No,,Yes,Cable,No,Yes,No,No,Yes,Yes,Yes,Yes,Month-to-Month,No,Bank Withdrawal,51.400001525878906,96.80000305175781,0.0,0,0.0,96.80000305175781,Joined,,,1
19849-BIH,Female,35,Yes,Bihar,3,13,,Yes,Yes,Yes,Fiber Optic,No,No,No,No,No,No,No,Yes,Month-to-Month,No,Bank Withdrawal,75.25,242.0,0.0,0,53.61000061035156,295.6099853515625,Churned,Attitude,Attitude of service provider,1
19898-HAR,Male,31,Yes,Haryana,3,30,Deal 5,Yes,No,No,,,,,,,,,,Month-to-Month,No,Credit Card,19.450000762939453,19.450000762939453,0.0,0,29.149999618530273,48.599998474121094,Joined,,,1
19943-ASS,Female,25,No,Assam,3,29,Deal 1,Yes,Yes,Yes,Fiber Optic,No,Yes,No,Yes,Yes,Yes,Yes,Yes,One Year,Yes,Bank Withdrawal,104.05000305175781,6890.0,0.0,0,1324.6199951171875,8214.6201171875,Churned,Competitor,Competitor offered more data,1
19956-AND,Male,26,Yes,Andhra Pradesh,14,31,,Yes,No,Yes,DSL,No,No,No,No,Yes,No,Yes,Yes,Month-to-Month,No,Credit Card,53.400001525878906,188.6999969482422,0.0,0,143.0399932861328,331.739990234375,Churned,Other,Don't know,1
19998-AND,Female,18,No,Andhra Pradesh,0,2,Deal 5,Yes,No,Yes,Fiber Optic,No,No,Yes,No,No,Yes,Yes,Yes,Month-to-Month,No,Credit Card,85.69999694824219,256.75,0.0,0,89.5199966430664,346.2699890136719,Joined,,,1
21013-JAM,Male,55,No,Jammu & Kashmir,12,8,,Yes,No,Yes,Fiber Optic,Yes,No,No,No,No,No,No,Yes,Month-to-Month,Yes,Bank Withdrawal,74.5,609.9000244140625,0.0,0,383.2799987792969,993.1799926757812,Churned,Competitor,Competitor made better offer,1
21036-TAM,Male,67,Yes,Tamil Nadu,12,23,,Yes,No,Yes,Fiber Optic,No,No,No,No,Yes,Yes,Yes,Yes,Month-to-Month,Yes,Bank Withdrawal,90.3499984741211,2238.5,0.0,0,779.760009765625,3018.260009765625,Churned,Competitor,Competitor had better devices,1
21041-DEL,Male,75,Yes,Delhi,15,15,,Yes,Yes,Yes,Fiber Optic,No,No,No,No,No,No,No,Yes,Month-to-Month,Yes,Bank Withdrawal,73.6500015258789,73.6500015258789,0.0,0,39.880001068115234,113.52999877929688,Churned,Attitude,Attitude of service provider,1
21065-HAR,Male,27,No,Haryana,5,10,,Yes,No,No,,,,,,,,,,Month-to-Month,No,Credit Card,20.299999237060547,20.299999237060547,0.0,0,10.84000015258789,31.139999389648438,Joined,,,1
21140-UTT,Male,38,No,Uttar Pradesh,7,36,,Yes,No,Yes,Fiber Optic,No,No,No,Yes,No,No,No,Yes,Month-to-Month,Yes,Bank Withdrawal,73.8499984741211,926.25,0.0,0,494.3399963378906,1420.5899658203125,Churned,Other,Moved,1
21165-DEL,Female,38,No,Delhi,2,32,Deal 5,Yes,No,No,,,,,,,,,,Month-to-Month,No,Credit Card,19.950000762939453,38.150001525878906,0.0,0,69.13999938964844,107.29000091552734,Joined,,,1
21223-UTT,Female,72,Yes,Uttarakhand,7,12,,Yes,Yes,Yes,Fiber Optic,Yes,Yes,No,No,No,Yes,No,No,Month-to-Month,Yes,Bank Withdrawal,95.0,2497.199951171875,0.0,60,1238.3800048828125,3795.580078125,Churned,Price,Price too high,1
21247-ASS,Male,58,Yes,Assam,2,2,,Yes,No,No,,,,,,,,,,Month-to-Month,Yes,Credit Card,19.5,19.5,0.0,0,8.020000457763672,27.520000457763672,Joined,,,1
21265-JAM,Male,66,No,Jammu & Kashmir,3,4,Deal 5,Yes,No,Yes,Cable,No,No,Yes,No,No,No,No,Yes,Month-to-Month,Yes,Mailed Check,-9.0,50.150001525878906,0.0,0,39.779998779296875,89.93000030517578,Churned,Competitor,Competitor made better offer,1
21282-JAM,Female,37,Yes,Jammu & Kashmir,4,17,,Yes,No,Yes,Fiber Optic,No,Yes,No,No,No,No,No,No,Month-to-Month,Yes,Bank Withdrawal,75.3499984741211,75.3499984741211,0.0,10,32.81999969482422,118.16999816894531,Churned,Competitor,Competitor made better offer,1
21288-MAH,Female,63,No,Maharashtra,12,34,,Yes,Yes,Yes,DSL,No,No,No,No,Yes,No,No,No,Month-to-Month,Yes,Bank Withdrawal,60.25,170.5,0.0,70,60.29999923706055,300.79998779296875,Joined,,,1
21292-HAR,Male,34,No,Haryana,9,28,Deal 5,Yes,Yes,Yes,Fiber Optic,No,No,No,No,No,No,No,Yes,Month-to-Month,Yes,Bank Withdrawal,75.0999984741211,552.9500122070312,0.0,0,132.92999267578125,685.8800048828125,Churned,Competitor,Competitor offered more data,1
21446-TAM,Female,38,Yes,Tamil Nadu,0,26,Deal 5,Yes,No,Yes,Fiber Optic,No,Yes,No,No,No,No,No,Yes,Month-to-Month,Yes,Bank Withdrawal,75.69999694824219,75.69999694824219,0.0,0,9.050000190734863,84.75,Churned,Attitude,Attitude of support person,1
21500-HAR,Female,38,Yes,Haryana,5,28,,Yes,Yes,Yes,Cable,No,No,No,No,No,No,No,Yes,Month-to-Month,No,Credit Card,50.849998474121094,239.5500030517578,0.0,0,51.52000045776367,291.07000732421875,Churned,Dissatisfaction,Product dissatisfaction,1
21518-GUJ,Male,69,Yes,Gujarat,14,27,,Yes,No,Yes,Fiber Optic,No,No,No,No,No,No,No,Yes,Month-to-Month,Yes,Credit Card,70.6500015258789,70.6500015258789,0.0,0,37.68000030517578,108.33000183105469,Churned,Competitor,Competitor had better devices,1
21542-WES,Female,59,Yes,West Bengal,2,8,Deal 5,Yes,No,Yes,Fiber Optic,No,No,No,No,No,No,No,Yes,Month-to-Month,Yes,Bank Withdrawal,70.0999984741211,70.0999984741211,0.0,0,46.16999816894531,116.2699966430664,Churned,Competitor,Competitor offered higher download speeds,1
21543-UTT,Male,71,No,Uttar Pradesh,3,23,,Yes,Yes,Yes,Fiber Optic,No,No,No,No,No,No,No,Yes,Month-to-Month,Yes,Bank Withdrawal,73.55000305175781,73.55000305175781,0.0,0,36.91999816894531,110.47000122070312,Churned,Price,Price too high,1
21544-BIH,Male,56,Yes,Bihar,3,16,,No,,Yes,DSL,No,No,Yes,No,Yes,Yes,Yes,No,Month-to-Month,Yes,Bank Withdrawal,48.75,442.20001220703125,0.0,10,0.0,452.20001220703125,Churned,Price,Lack of affordable download/upload speed,1
21572-ASS,Female,60,No,Assam,3,10,,Yes,No,Yes,Fiber Optic,No,No,No,No,Yes,No,No,Yes,Month-to-Month,Yes,Bank Withdrawal,79.0,522.9500122070312,0.0,0,182.6300048828125,705.5800170898438,Churned,Attitude,Attitude of support person,1
21575-AND,Female,66,No,Andhra Pradesh,10,12,Deal 3,Yes,Yes,Yes,Fiber Optic,No,Yes,No,No,Yes,No,No,Yes,Month-to-Month,Yes,Bank Withdrawal,88.94999694824219,2291.199951171875,0.0,0,1191.5,3482.699951171875,Churned,Competitor,Competitor made better offer,1
21620-TAM,Female,53,No,Tamil Nadu,8,29,,Yes,Yes,Yes,Fiber Optic,No,No,Yes,Yes,Yes,Yes,Yes,Yes,Month-to-Month,Yes,Bank Withdrawal,104.19999694824219,3243.449951171875,17.010000228881836,0,115.62999725341797,3342.070068359375,Churned,Dissatisfaction,Product dissatisfaction,1
21636-RAJ,Male,34,No,Rajasthan,15,14,,Yes,Yes,Yes,Fiber Optic,No,No,No,Yes,Yes,Yes,Yes,Yes,Month-to-Month,Yes,Bank Withdrawal,100.0999984741211,5440.89990234375,0.0,0,2258.820068359375,7699.72021484375,Churned,Dissatisfaction,Service dissatisfaction,1
21642-TEL,Male,60,Yes,Telangana,12,29,,Yes,No,Yes,DSL,Yes,No,No,Yes,No,No,No,Yes,Month-to-Month,No,Bank Withdrawal,54.5,54.5,0.0,0,33.209999084472656,87.70999908447266,Joined,,,1
21686-RAJ,Male,44,Yes,Rajasthan,9,20,Deal 2,Yes,No,Yes,Fiber Optic,No,Yes,No,No,Yes,Yes,Yes,Yes,One Year,Yes,Bank Withdrawal,94.25,4867.9501953125,0.0,0,835.8099975585938,5703.759765625,Churned,Other,Moved,1
21710-JAM,Male,58,Yes,Jammu & Kashmir,12,26,,Yes,Yes,Yes,Fiber Optic,No,No,No,No,No,Yes,Yes,Yes,Month-to-Month,No,Bank Withdrawal,86.44999694824219,830.8499755859375,0.0,0,176.5,1007.3499755859375,Churned,Competitor,Competitor made better offer,1
21811-CHH,Male,29,No,Chhattisgarh,13,7,Deal 4,Yes,Yes,Yes,Fiber Optic,No,No,No,No,No,Yes,Yes,No,Month-to-Month,Yes,Bank Withdrawal,85.25,855.2999877929688,0.0,100,20.200000762939453,975.5,Churned,Competitor,Competitor offered more data,1
21857-BIH,Female,32,No,Bihar,11,19,,Yes,Yes,Yes,Fiber Optic,No,No,No,No,No,Yes,Yes,Yes,Month-to-Month,Yes,Bank Withdrawal,83.94999694824219,2254.199951171875,0.0,0,371.79998779296875,2626.0,Churned,Competitor,Competitor offered higher download speeds,1
21857-JHA,Female,30,Yes,Jharkhand,5,30,Deal 1,Yes,Yes,Yes,Fiber Optic,Yes,No,No,Yes,Yes,Yes,Yes,Yes,Two Year,Yes,Credit Card,104.0,7250.14990234375,0.0,0,853.2999877929688,8103.4501953125,Churned,Attitude,Attitude of service provider,1
21919-UTT,Male,64,No,Uttar Pradesh,15,2,Deal 3,Yes,No,Yes,Fiber Optic,No,No,No,No,No,No,No,No,Month-to-Month,Yes,Bank Withdrawal,70.30000305175781,2416.550048828125,0.0,80,365.04998779296875,2861.60009765625,Churned,Other,Moved,1
21928-KAR,Male,30,Yes,Karnataka,3,36,,Yes,No,Yes,Fiber Optic,No,Yes,No,No,No,No,No,Yes,Month-to-Month,Yes,Bank Withdrawal,74.05000305175781,1565.699951171875,0.0,0,106.47000122070312,1672.1700439453125,Churned,Dissatisfaction,Lack of self-service on Website,1
21945-KAR,Male,61,No,Karnataka,7,5,,Yes,No,Yes,Fiber Optic,Yes,No,No,Yes,No,No,No,Yes,Month-to-Month,No,Bank Withdrawal,80.8499984741211,866.4500122070312,23.719999313354492,0,219.1199951171875,1061.8499755859375,Churned,Competitor,Competitor offered more data,1
21956-JHA,Female,59,Yes,Jharkhand,10,8,,Yes,No,Yes,Fiber Optic,Yes,No,No,Yes,No,No,No,No,Month-to-Month,Yes,Credit Card,82.30000305175781,214.39999389648438,0.0,20,134.91000366210938,369.30999755859375,Joined,,,1
22025-MAD,Female,63,Yes,Madhya Pradesh,14,18,,Yes,Yes,Yes,Fiber Optic,No,Yes,Yes,No,Yes,Yes,No,Yes,Two Year,Yes,Bank Withdrawal,104.1500015258789,7689.9501953125,0.0,0,434.1600036621094,8124.10986328125,Churned,Price,Extra data charges,1
22119-WES,Male,31,Yes,West Bengal,5,5,,Yes,No,No,,,,,,,,,,Month-to-Month,No,Credit Card,20.049999237060547,33.70000076293945,0.0,0,3.619999885559082,37.31999969482422,Joined,,,1
22124-JAM,Female,66,No,Jammu & Kashmir,14,7,Deal 5,Yes,No,Yes,Fiber Optic,No,No,No,No,No,No,No,Yes,Month-to-Month,No,Mailed Check,69.4000015258789,69.4000015258789,0.0,0,38.529998779296875,107.93000030517578,Churned,Competitor,Competitor made better offer,1
22137-KAR,Female,51,No,Karnataka,4,28,,Yes,No,No,,,,,,,,,,One Year,No,Credit Card,19.850000381469727,19.850000381469727,0.0,0,47.459999084472656,67.30999755859375,Joined,,,1
22160-TEL,Female,29,Yes,Telangana,13,34,,Yes,No,Yes,Fiber Optic,No,No,Yes,Yes,Yes,Yes,Yes,Yes,Month-to-Month,Yes,Mailed Check,99.94999694824219,547.6500244140625,0.0,0,30.959999084472656,578.6099853515625,Churned,Competitor,Competitor offered higher download speeds,1
22210-UTT,Male,70,No,Uttar Pradesh,13,23,,Yes,Yes,Yes,Fiber Optic,No,No,No,No,No,No,No,Yes,Month-to-Month,Yes,Credit Card,74.4000015258789,527.9000244140625,32.459999084472656,0,62.439998626708984,557.8800048828125,Churned,Attitude,Attitude of service provider,1
22286-HAR,Female,54,Yes,Haryana,6,36,,Yes,Yes,Yes,Fiber Optic,No,No,Yes,No,Yes,Yes,Yes,Yes,Month-to-Month,Yes,Bank Withdrawal,99.75,99.75,0.0,0,40.709999084472656,140.4600067138672,Churned,Competitor,Competitor had better devices,1
22439-RAJ,Female,73,Yes,Rajasthan,4,1,Deal 4,Yes,No,Yes,Fiber Optic,No,Yes,No,No,Yes,Yes,No,No,Month-to-Month,Yes,Bank Withdrawal,95.0,1120.300048828125,0.0,120,127.48999786376953,1367.7900390625,Churned,Dissatisfaction,Product dissatisfaction,1
22520-TAM,Female,32,No,Tamil Nadu,9,12,Deal 5,Yes,No,Yes,DSL,No,No,No,No,No,No,No,Yes,Month-to-Month,Yes,Bank Withdrawal,44.900001525878906,44.900001525878906,0.0,0,41.779998779296875,86.68000030517578,Churned,Dissatisfaction,Lack of self-service on Website,1
22533-RAJ,Female,63,No,Rajasthan,15,24,Deal 4,Yes,Yes,Yes,Fiber Optic,No,Yes,Yes,No,Yes,No,No,Yes,Month-to-Month,Yes,Bank Withdrawal,98.0999984741211,1060.199951171875,49.060001373291016,0,367.55999755859375,1378.699951171875,Churned,Dissatisfaction,Service dissatisfaction,1
22656-ODI,Female,34,Yes,Odisha,4,34,Deal 2,Yes,Yes,Yes,Fiber Optic,No,No,Yes,No,Yes,Yes,Yes,Yes,One Year,Yes,Bank Withdrawal,99.5,5961.10009765625,0.0,0,634.8400268554688,6595.93994140625,Churned,Competitor,Competitor offered more data,1
22765-MAH,Female,40,Yes,Maharashtra,6,16,Deal 5,Yes,No,No,,,,,,,,,,Month-to-Month,No,Bank Withdrawal,19.450000762939453,19.450000762939453,0.0,0,16.440000534057617,35.88999938964844,Joined,,,1
22782-ODI,Female,50,Yes,Odisha,2,28,,Yes,No,No,,,,,,,,,,Month-to-Month,No,Credit Card,19.299999237060547,54.70000076293945,0.0,0,30.389999389648438,85.08999633789062,Joined,,,1
22996-RAJ,Male,49,Yes,Rajasthan,11,18,,Yes,Yes,Yes,Fiber Optic,No,Yes,Yes,No,Yes,Yes,Yes,Yes,Month-to-Month,Yes,Bank Withdrawal,106.69999694824219,1253.9000244140625,0.0,0,302.2799987792969,1556.1800537109375,Churned,Attitude,Attitude of support person,1
23059-WES,Male,48,Yes,West Bengal,5,6,,Yes,No,Yes,Fiber Optic,No,No,No,No,Yes,No,No,Yes,Month-to-Month,Yes,Credit Card,77.94999694824219,3384.0,0.0,0,1428.8399658203125,4812.83984375,Churned,Competitor,Competitor made better offer,1
23067-ASS,Female,75,No,Assam,2,22,,Yes,Yes,Yes,Fiber Optic,No,No,No,No,No,No,No,No,Month-to-Month,Yes,Bank Withdrawal,74.44999694824219,74.44999694824219,0.0,10,31.270000457763672,115.72000122070312,Churned,Other,Don't know,1
23078-UTT,Female,57,Yes,Uttar Pradesh,3,24,,Yes,No,No,,,,,,,,,,Month-to-Month,Yes,Bank Withdrawal,20.299999237060547,20.299999237060547,0.0,0,6.639999866485596,26.940000534057617,Joined,,,1
23132-PUN,Female,36,Yes,Punjab,0,15,,Yes,No,Yes,DSL,No,No,No,Yes,No,No,No,Yes,Month-to-Month,Yes,Bank Withdrawal,52.20000076293945,52.20000076293945,0.0,0,34.040000915527344,86.23999786376953,Churned,Competitor,Competitor made better offer,1
23148-CHH,Female,74,Yes,Chhattisgarh,4,9,Deal 5,Yes,No,Yes,DSL,No,No,No,No,No,No,No,Yes,Two Year,No,Bank Withdrawal,44.0,44.0,0.0,0,28.670000076293945,72.66999816894531,Joined,,,1
23155-WES,Female,25,No,West Bengal,10,7,,Yes,No,Yes,Fiber Optic,No,Yes,No,No,No,No,Yes,Yes,Month-to-Month,Yes,Bank Withdrawal,73.8499984741211,4092.85009765625,0.0,0,1993.0400390625,6085.89013671875,Churned,Attitude,Attitude of support person,1
23184-GUJ,Male,55,Yes,Gujarat,5,21,Deal 5,Yes,No,Yes,Fiber Optic,No,No,No,No,No,No,No,Yes,Month-to-Month,Yes,Bank Withdrawal,71.0,71.0,0.0,0,18.84000015258789,89.83999633789062,Churned,Attitude,Attitude of support person,1
23230-MAH,Male,21,Yes,Maharashtra,12,4,,Yes,No,Yes,Cable,No,No,No,No,No,Yes,Yes,Yes,Month-to-Month,Yes,Bank Withdrawal,55.0,55.0,0.0,0,47.220001220703125,102.22000122070312,Churned,Competitor,Competitor had better devices,1
23256-HAR,Female,32,Yes,Haryana,10,31,Deal 5,Yes,No,No,,,,,,,,,,Month-to-Month,No,Bank Withdrawal,19.850000381469727,52.0,0.0,0,72.0999984741211,124.0999984741211,Joined,,,1
23313-TEL,Male,51,Yes,Telangana,3,9,Deal 5,No,,Yes,Cable,Yes,No,No,No,No,No,No,No,Month-to-Month,Yes,Bank Withdrawal,30.450000762939453,226.4499969482422,0.0,0,0.0,226.4499969482422,Churned,Competitor,Competitor had better devices,1
23332-ODI,Female,36,No,Odisha,1,17,,Yes,Yes,Yes,Fiber Optic,No,No,No,No,Yes,No,No,Yes,Month-to-Month,Yes,Bank Withdrawal,84.44999694824219,1059.550048828125,0.0,0,148.32000732421875,1207.8699951171875,Churned,Dissatisfaction,Limited range of services,1
23378-GUJ,Female,73,Yes,Gujarat,1,15,,Yes,Yes,Yes,Fiber Optic,No,No,No,No,No,No,No,Yes,Month-to-Month,Yes,Bank Withdrawal,74.9000015258789,321.75,0.0,0,104.91999816894531,426.6700134277344,Churned,Price,Lack of affordable download/upload speed,1
23381-RAJ,Female,61,No,Rajasthan,12,36,Deal 5,Yes,Yes,Yes,Fiber Optic,No,No,Yes,No,No,No,No,Yes,Month-to-Month,Yes,Credit Card,79.55000305175781,79.55000305175781,0.0,0,5.099999904632568,84.6500015258789,Churned,Price,Price too high,1
23436-TEL,Male,69,Yes,Telangana,9,11,Deal 5,No,,Yes,DSL,No,No,No,No,No,Yes,Yes,Yes,Month-to-Month,Yes,Bank Withdrawal,35.45000076293945,35.45000076293945,0.0,0,0.0,35.45000076293945,Churned,Dissatisfaction,Network reliability,1
23464-UTT,Female,56,No,Uttar Pradesh,15,24,,Yes,Yes,Yes,Fiber Optic,No,Yes,No,No,No,No,No,Yes,Month-to-Month,Yes,Bank Withdrawal,80.05000305175781,830.7000122070312,0.0,0,497.0,1327.699951171875,Churned,Competitor,Competitor offered higher download speeds,1
23587-JHA,Female,67,Yes,Jharkhand,1,6,Deal 4,Yes,Yes,Yes,Cable,No,Yes,Yes,No,Yes,Yes,No,No,Month-to-Month,Yes,Bank Withdrawal,106.9000015258789,1364.300048828125,0.0,10,424.8399963378906,1799.1400146484375,Churned,Competitor,Competitor had better devices,1
23605-MAH,Female,31,Yes,Maharashtra,1,19,,Yes,No,No,,,,,,,,,,Month-to-Month,No,Credit Card,20.75,20.75,0.0,0,7.570000171661377,28.31999969482422,Joined,,,1
23608-GUJ,Female,65,Yes,Gujarat,14,32,Deal 2,No,,Yes,DSL,No,Yes,Yes,No,Yes,Yes,No,Yes,Month-to-Month,No,Credit Card,55.54999923706055,2342.199951171875,0.0,0,0.0,2342.199951171875,Churned,Competitor,Competitor had better devices,1
23632-HAR,Female,37,Yes,Haryana,2,16,Deal 5,Yes,No,Yes,Fiber Optic,Yes,No,No,No,Yes,Yes,Yes,Yes,Month-to-Month,No,Bank Withdrawal,97.0999984741211,184.14999389648438,0.0,0,78.69999694824219,262.8500061035156,Joined,,,1
23683-TEL,Male,26,No,Telangana,10,16,,Yes,No,No,,,,,,,,,,Month-to-Month,Yes,Credit Card,20.25,20.25,0.0,0,42.959999084472656,63.209999084472656,Joined,,,1
23691-WES,Male,59,Yes,West Bengal,11,24,,Yes,No,Yes,Fiber Optic,No,Yes,No,No,Yes,Yes,Yes,Yes,Month-to-Month,Yes,Bank Withdrawal,95.9000015258789,2448.75,0.0,0,131.75,2580.5,Churned,Competitor,Competitor offered more data,1
23729-UTT,Female,58,No,Uttar Pradesh,14,19,Deal 5,Yes,No,No,,,,,,,,,,Month-to-Month,Yes,Credit Card,19.649999618530273,38.79999923706055,0.0,0,19.219999313354492,58.02000045776367,Joined,,,1
23770-TAM,Female,76,No,Tamil Nadu,8,15,Deal 4,Yes,Yes,Yes,Fiber Optic,No,No,Yes,No,Yes,Yes,No,Yes,Month-to-Month,Yes,Bank Withdrawal,99.55000305175781,1131.199951171875,0.0,0,14.079999923706055,1145.280029296875,Churned,Competitor,Competitor made better offer,1
23806-JAM,Female,67,No,Jammu & Kashmir,2,34,,Yes,No,Yes,Fiber Optic,No,Yes,Yes,Yes,Yes,No,No,No,Month-to-Month,Yes,Credit Card,92.5,934.0999755859375,0.0,100,111.19999694824219,1145.300048828125,Churned,Competitor,Competitor made better offer,1
23811-ASS,Male,46,No,Assam,2,3,Deal 4,Yes,No,Yes,Fiber Optic,Yes,No,Yes,No,No,No,No,Yes,Month-to-Month,No,Bank Withdrawal,81.69999694824219,858.5999755859375,0.0,0,220.55999755859375,1079.1600341796875,Churned,Dissatisfaction,Poor expertise of phone support,1
23829-TAM,Male,76,Yes,Tamil Nadu,5,32,Deal 4,Yes,Yes,Yes,Fiber Optic,No,No,No,No,Yes,Yes,No,Yes,Month-to-Month,Yes,Bank Withdrawal,95.3499984741211,898.3499755859375,0.0,0,413.70001220703125,1312.050048828125,Churned,Competitor,Competitor made better offer,1
23837-BIH,Female,64,No,Bihar,14,5,Deal 5,Yes,Yes,Yes,Fiber Optic,No,Yes,Yes,No,Yes,Yes,No,Yes,Month-to-Month,Yes,Bank Withdrawal,105.0,294.45001220703125,0.0,0,106.29000091552734,400.739990234375,Churned,Attitude,Attitude of support person,1
23855-MAH,Female,53,Yes,Maharashtra,13,9,,Yes,No,Yes,DSL,No,No,No,No,No,No,No,Yes,Month-to-Month,No,Bank Withdrawal,44.900001525878906,111.05000305175781,0.0,0,10.15999984741211,121.20999908447266,Joined,,,1
23982-TAM,Female,27,Yes,Tamil Nadu,11,20,Deal 2,Yes,Yes,Yes,Fiber Optic,No,Yes,Yes,No,No,No,Yes,No,Month-to-Month,Yes,Bank Withdrawal,83.3499984741211,4065.0,0.0,140,824.3800048828125,5029.3798828125,Churned,Dissatisfaction,Product dissatisfaction,1
24101-MAH,Male,42,Yes,Maharashtra,5,22,,Yes,Yes,Yes,Fiber Optic,No,No,No,No,No,No,No,Yes,Month-to-Month,Yes,Credit Card,73.25,131.0500030517578,0.0,0,5.920000076293945,136.97000122070312,Churned,Price,Price too high,1
24121-KAR,Female,40,No,Karnataka,6,11,,Yes,Yes,Yes,Fiber Optic,No,No,Yes,No,Yes,Yes,Yes,Yes,Month-to-Month,Yes,Bank Withdrawal,98.75,2407.300048828125,0.0,0,904.5599975585938,3311.860107421875,Churned,Competitor,Competitor had better devices,1
24148-AND,Male,79,No,Andhra Pradesh,7,21,Deal 5,Yes,No,Yes,Fiber Optic,No,No,No,No,No,No,No,Yes,Month-to-Month,Yes,Bank Withdrawal,69.5999984741211,131.64999389648438,0.0,0,30.639999389648438,162.2899932861328,Churned,Price,Extra data charges,1
24183-AND,Male,81,No,Andhra Pradesh,5,29,Deal 2,Yes,Yes,Yes,Fiber Optic,No,No,Yes,No,No,Yes,No,Yes,Month-to-Month,Yes,Credit Card,90.8499984741211,4515.85009765625,0.0,0,2199.1201171875,6714.97021484375,Churned,Attitude,Attitude of support person,1
24185-MAH,Female,67,Yes,Maharashtra,5,33,Deal 5,Yes,Yes,Yes,Fiber Optic,No,No,No,No,Yes,Yes,Yes,Yes,Month-to-Month,Yes,Bank Withdrawal,94.30000305175781,424.45001220703125,0.0,0,198.0,622.4500122070312,Churned,Competitor,Competitor made better offer,1
24315-KER,Male,67,Yes,Kerala,7,6,,Yes,Yes,Yes,Fiber Optic,No,Yes,Yes,No,Yes,Yes,No,Yes,Month-to-Month,Yes,Bank Withdrawal,105.30000305175781,7299.64990234375,0.0,0,3207.56005859375,10507.2099609375,Churned,Competitor,Competitor offered more data,1
24438-TAM,Female,45,Yes,Tamil Nadu,0,26,,Yes,No,Yes,Cable,No,No,Yes,No,No,Yes,Yes,Yes,Month-to-Month,Yes,Bank Withdrawal,85.30000305175781,4045.64990234375,0.0,0,2080.219970703125,6125.8701171875,Churned,Other,Don't know,1
24498-MAH,Female,76,No,Maharashtra,3,32,Deal 3,Yes,Yes,Yes,Fiber Optic,No,No,No,No,No,No,No,Yes,Month-to-Month,Yes,Bank Withdrawal,76.5,2868.14990234375,0.0,0,234.2100067138672,3102.360107421875,Churned,Price,Extra data charges,1
24514-HAR,Female,70,Yes,Haryana,3,18,,Yes,Yes,Yes,Fiber Optic,No,No,Yes,No,Yes,Yes,Yes,Yes,Month-to-Month,Yes,Bank Withdrawal,101.94999694824219,700.8499755859375,0.0,0,242.6199951171875,943.469970703125,Churned,Other,Don't know,1
24531-AND,Male,82,No,Andhra Pradesh,10,5,,Yes,Yes,Yes,Fiber Optic,No,No,Yes,No,Yes,No,No,Yes,Month-to-Month,No,Bank Withdrawal,90.80000305175781,1951.0,0.0,0,95.4000015258789,2046.4000244140625,Churned,Competitor,Competitor had better devices,1
24550-PUD,Female,31,Yes,Puducherry,4,16,Deal 5,No,,Yes,DSL,No,Yes,Yes,Yes,No,No,No,Yes,Month-to-Month,Yes,Credit Card,40.400001525878906,77.1500015258789,0.0,0,0.0,77.1500015258789,Churned,Other,Don't know,1
24592-WES,Male,58,Yes,West Bengal,2,4,,Yes,Yes,Yes,Fiber Optic,No,No,Yes,Yes,Yes,Yes,Yes,Yes,Month-to-Month,Yes,Bank Withdrawal,106.1500015258789,4512.7001953125,0.0,0,101.22000122070312,4613.919921875,Churned,Other,Don't know,1
24598-MAD,Male,22,No,Madhya Pradesh,9,4,Deal 4,Yes,Yes,Yes,Cable,No,No,Yes,No,Yes,Yes,Yes,Yes,One Year,Yes,Credit Card,75.30000305175781,989.4500122070312,0.0,0,535.8599853515625,1525.31005859375,Churned,Dissatisfaction,Network reliability,1
24606-KER,Female,68,Yes,Kerala,4,32,,No,,Yes,DSL,No,No,Yes,No,Yes,Yes,Yes,Yes,Month-to-Month,Yes,Bank Withdrawal,48.349998474121094,810.7000122070312,0.0,0,0.0,810.7000122070312,Churned,Dissatisfaction,Service dissatisfaction,1
24611-JAM,Female,18,No,Jammu & Kashmir,9,5,,Yes,No,Yes,DSL,No,Yes,No,Yes,No,No,No,Yes,One Year,Yes,Credit Card,55.150001525878906,1193.050048828125,0.0,0,737.6599731445312,1930.7099609375,Churned,Competitor,Competitor made better offer,1
24696-BIH,Female,69,Yes,Bihar,0,20,Deal 5,Yes,No,Yes,DSL,No,No,No,No,No,No,No,Yes,Month-to-Month,No,Bank Withdrawal,43.95000076293945,85.0999984741211,0.0,0,38.18000030517578,123.27999877929688,Joined,,,1
24721-MAH,Female,61,No,Maharashtra,2,1,Deal 5,Yes,No,No,,,,,,,,,,Month-to-Month,Yes,Credit Card,20.200000762939453,20.200000762939453,0.0,0,48.25,68.44999694824219,Churned,Price,Long distance charges,1
24754-AND,Female,63,Yes,Andhra Pradesh,0,28,,Yes,No,Yes,Fiber Optic,No,No,No,No,No,No,No,Yes,Month-to-Month,Yes,Bank Withdrawal,69.55000305175781,200.1999969482422,33.79999923706055,0,5.010000228881836,171.41000366210938,Joined,,,1
24757-UTT,Female,32,No,Uttar Pradesh,9,1,Deal 5,Yes,No,Yes,Cable,No,No,No,No,No,No,Yes,No,Month-to-Month,No,Bank Withdrawal,46.04999923706055,80.3499984741211,0.0,10,59.380001068115234,149.72999572753906,Churned,Attitude,Attitude of service provider,1
24768-UTT,Female,30,No,Uttar Pradesh,15,6,,Yes,No,Yes,Fiber Optic,Yes,No,No,No,No,No,No,Yes,Month-to-Month,No,Mailed Check,75.30000305175781,75.30000305175781,0.0,0,4.130000114440918,79.43000030517578,Churned,Competitor,Competitor had better devices,1
24881-HAR,Female,47,Yes,Haryana,7,33,,Yes,Yes,Yes,Cable,No,No,Yes,No,Yes,Yes,Yes,Yes,Month-to-Month,Yes,Bank Withdrawal,97.8499984741211,1105.4000244140625,0.0,0,303.2699890136719,1408.6700439453125,Churned,Competitor,Competitor offered more data,1
24934-HAR,Female,23,No,Haryana,0,5,,Yes,No,Yes,DSL,Yes,No,No,No,No,No,No,Yes,Month-to-Month,Yes,Bank Withdrawal,50.150001525878906,762.25,0.0,0,228.16000366210938,990.4099731445312,Churned,Competitor,Competitor offered higher download speeds,1
24935-WES,Female,73,Yes,West Bengal,2,22,Deal 4,Yes,No,Yes,Fiber Optic,No,No,No,No,No,No,No,Yes,Month-to-Month,Yes,Bank Withdrawal,69.0999984741211,1474.75,0.0,0,414.5400085449219,1889.2900390625,Churned,Attitude,Attitude of support person,1
24990-WES,Female,36,No,West Bengal,8,24,,Yes,No,Yes,Fiber Optic,No,No,No,No,No,No,No,Yes,Month-to-Month,Yes,Bank Withdrawal,71.6500015258789,135.75,0.0,0,58.060001373291016,193.80999755859375,Joined,,,1
25005-HAR,Female,20,Yes,Haryana,6,5,Deal 5,Yes,No,Yes,DSL,No,No,No,No,No,No,Yes,Yes,Month-to-Month,No,Credit Card,44.29999923706055,134.5,0.0,0,133.3800048828125,267.8800048828125,Churned,Price,Extra data charges,1
25048-TEL,Male,47,No,Telangana,15,9,Deal 5,Yes,Yes,No,,,,,,,,,,Month-to-Month,No,Credit Card,24.0,24.0,0.0,0,32.95000076293945,56.95000076293945,Joined,,,1
25060-TAM,Female,64,No,Tamil Nadu,8,4,,Yes,No,Yes,Fiber Optic,Yes,Yes,No,Yes,Yes,Yes,No,Yes,Month-to-Month,Yes,Credit Card,108.1500015258789,4600.7001953125,0.0,0,1368.68994140625,5969.39013671875,Churned,Competitor,Competitor made better offer,1
25063-WES,Male,51,No,West Bengal,4,35,Deal 5,Yes,No,Yes,Fiber Optic,No,No,Yes,No,No,No,No,Yes,Month-to-Month,Yes,Bank Withdrawal,73.9000015258789,280.8500061035156,0.0,0,134.60000610351562,415.45001220703125,Churned,Competitor,Competitor had better devices,1
25097-MAH,Male,31,No,Maharashtra,8,8,Deal 5,Yes,Yes,Yes,Fiber Optic,No,No,No,No,Yes,Yes,Yes,Yes,Month-to-Month,Yes,Bank Withdrawal,95.1500015258789,196.89999389648438,0.0,0,77.0199966430664,273.9200134277344,Churned,Competitor,Competitor made better offer,1
25151-JAM,Female,67,No,Jammu & Kashmir,9,27,,No,,Yes,Cable,Yes,No,No,No,No,No,No,No,Month-to-Month,No,Credit Card,30.75,805.0999755859375,0.0,140,0.0,945.0999755859375,Churned,Competitor,Competitor made better offer,1
25161-DEL,Female,64,Yes,Delhi,11,26,,Yes,Yes,Yes,Fiber Optic,No,No,Yes,Yes,No,No,No,No,Month-to-Month,Yes,Bank Withdrawal,83.05000305175781,1258.300048828125,0.0,110,661.9500122070312,2030.25,Churned,Competitor,Competitor made better offer,1
25214-BIH,Female,50,No,Bihar,9,16,,Yes,No,Yes,Fiber Optic,No,Yes,Yes,Yes,No,No,No,Yes,Month-to-Month,No,Bank Withdrawal,83.80000305175781,1900.25,0.0,0,892.6300048828125,2792.8798828125,Churned,Attitude,Attitude of support person,1
25268-TAM,Male,67,Yes,Tamil Nadu,15,21,Deal 5,Yes,No,Yes,Fiber Optic,No,No,No,No,No,No,No,Yes,Month-to-Month,Yes,Bank Withdrawal,68.94999694824219,68.94999694824219,0.0,0,21.649999618530273,90.5999984741211,Churned,Dissatisfaction,Limited range of services,1
25421-PUD,Female,19,No,Puducherry,2,12,Deal 5,Yes,No,Yes,Fiber Optic,No,Yes,No,No,No,No,Yes,Yes,Month-to-Month,Yes,Bank Withdrawal,74.69999694824219,74.69999694824219,0.0,0,44.11000061035156,118.80999755859375,Churned,Competitor,Competitor offered more data,1
25438-MAH,Female,43,No,Maharashtra,8,1,Deal 2,Yes,Yes,Yes,Fiber Optic,No,Yes,No,No,Yes,No,No,Yes,Month-to-Month,Yes,Credit Card,89.30000305175781,4016.85009765625,44.630001068115234,0,635.4000244140625,4607.6201171875,Churned,Dissatisfaction,Poor expertise of online support,1
25448-PUN,Male,54,No,Punjab,6,8,,Yes,No,Yes,Fiber Optic,No,No,No,No,No,No,No,No,Month-to-Month,Yes,Bank Withdrawal,69.80000305175781,69.80000305175781,0.0,10,22.860000610351562,102.66000366210938,Churned,Dissatisfaction,Network reliability,1
25517-RAJ,Female,40,No,Rajasthan,4,10,,Yes,Yes,Yes,Fiber Optic,No,No,Yes,No,Yes,No,No,No,Month-to-Month,Yes,Bank Withdrawal,91.44999694824219,171.4499969482422,0.0,10,98.81999969482422,280.2699890136719,Joined,,,1
25554-PUN,Male,44,No,Punjab,1,36,Deal 2,No,,Yes,DSL,Yes,Yes,Yes,No,No,No,No,Yes,One Year,Yes,Bank Withdrawal,42.349998474121094,1716.449951171875,0.0,0,0.0,1716.449951171875,Churned,Attitude,Attitude of support person,1
25564-KER,Female,37,No,Kerala,14,9,Deal 5,Yes,No,Yes,Cable,No,No,No,No,No,No,No,Yes,Month-to-Month,Yes,Credit Card,44.599998474121094,80.55000305175781,0.0,0,60.380001068115234,140.92999267578125,Churned,Price,Lack of affordable download/upload speed,1
25646-RAJ,Male,51,Yes,Rajasthan,2,2,,Yes,Yes,Yes,Fiber Optic,No,No,No,No,No,No,No,Yes,Month-to-Month,Yes,Bank Withdrawal,74.9000015258789,469.79998779296875,0.0,0,37.91999816894531,507.7200012207031,Churned,Dissatisfaction,Service dissatisfaction,1
25658-JAM,Female,52,Yes,Jammu & Kashmir,11,2,,Yes,Yes,Yes,Cable,No,No,No,No,No,No,No,Yes,Month-to-Month,Yes,Bank Withdrawal,74.94999694824219,1710.449951171875,0.0,0,662.4000244140625,2372.85009765625,Churned,Competitor,Competitor made better offer,1
25763-JHA,Female,47,Yes,Jharkhand,9,3,Deal 5,Yes,No,Yes,Cable,No,No,No,No,No,No,No,Yes,Month-to-Month,No,Bank Withdrawal,44.150001525878906,44.150001525878906,0.0,0,9.819999694824219,53.970001220703125,Joined,,,1
25828-CHH,Male,64,Yes,Chhattisgarh,3,20,,Yes,Yes,Yes,Fiber Optic,No,No,Yes,No,Yes,Yes,Yes,Yes,Month-to-Month,Yes,Bank Withdrawal,101.0999984741211,1504.050048828125,0.0,0,610.5,2114.550048828125,Churned,Competitor,Competitor offered more data,1
25840-KAR,Male,23,Yes,Karnataka,8,11,Deal 5,Yes,Yes,Yes,Fiber Optic,No,Yes,No,No,Yes,Yes,Yes,Yes,Month-to-Month,Yes,Bank Withdrawal,97.94999694824219,384.5,0.0,0,39.91999816894531,424.4200134277344,Churned,Attitude,Attitude of service provider,1
25897-JAM,Male,34,Yes,Jammu & Kashmir,12,9,Deal 5,Yes,No,Yes,DSL,No,No,No,No,No,No,No,Yes,Month-to-Month,Yes,Bank Withdrawal,45.599998474121094,45.599998474121094,0.0,0,11.729999542236328,57.33000183105469,Churned,Competitor,Competitor made better offer,1
25912-BIH,Male,35,No,Bihar,7,2,,Yes,No,Yes,Fiber Optic,No,No,No,No,Yes,No,No,Yes,Month-to-Month,No,Bank Withdrawal,79.0,143.64999389648438,0.0,0,97.31999969482422,240.97000122070312,Churned,Attitude,Attitude of support person,1
25957-RAJ,Female,81,Yes,Rajasthan,6,27,,No,,Yes,DSL,No,No,Yes,Yes,No,Yes,No,Yes,Month-to-Month,Yes,Bank Withdrawal,43.650001525878906,526.9500122070312,0.0,0,0.0,526.9500122070312,Churned,Competitor,Competitor had better devices,1
25964-HAR,Male,66,Yes,Haryana,10,1,Deal 2,Yes,Yes,Yes,Cable,Yes,No,Yes,Yes,Yes,Yes,Yes,Yes,One Year,No,Bank Withdrawal,84.3499984741211,4059.35009765625,0.0,0,1937.949951171875,5997.2998046875,Churned,Competitor,Competitor offered higher download speeds,1
26030-BIH,Female,81,No,Bihar,9,21,Deal 3,Yes,Yes,Yes,Fiber Optic,No,Yes,No,No,No,No,No,Yes,Month-to-Month,Yes,Credit Card,79.5999984741211,2718.300048828125,0.0,0,878.5599975585938,3596.860107421875,Churned,Dissatisfaction,Product dissatisfaction,1
26038-UTT,Male,38,Yes,Uttar Pradesh,14,14,,Yes,No,Yes,Cable,Yes,Yes,No,No,Yes,No,No,Yes,Month-to-Month,Yes,Bank Withdrawal,65.44999694824219,937.5999755859375,0.0,0,638.4000244140625,1576.0,Churned,Competitor,Competitor had better devices,1
26173-WES,Female,56,Yes,West Bengal,15,2,Deal 2,No,,Yes,Cable,No,Yes,No,Yes,No,No,No,No,One Year,No,Mailed Check,33.54999923706055,1445.300048828125,0.0,50,0.0,1495.300048828125,Churned,Competitor,Competitor had better devices,1
26178-GUJ,Female,28,Yes,Gujarat,5,23,Deal 5,Yes,No,Yes,Fiber Optic,No,No,No,No,Yes,No,No,Yes,Month-to-Month,No,Bank Withdrawal,80.19999694824219,384.25,0.0,0,244.3000030517578,628.5499877929688,Stayed,Others,Others,1
26198-ASS,Male,52,Yes,Assam,5,15,,Yes,No,Yes,Cable,No,No,No,Yes,No,No,No,Yes,Month-to-Month,No,Credit Card,50.04999923706055,179.35000610351562,0.0,0,38.68000030517578,218.02999877929688,Churned,Competitor,Competitor made better offer,1
26222-RAJ,Female,79,Yes,Rajasthan,1,14,Deal 5,Yes,No,Yes,DSL,No,No,No,No,No,No,No,Yes,Month-to-Month,No,Credit Card,45.099998474121094,45.099998474121094,0.0,0,15.239999771118164,60.34000015258789,Churned,Competitor,Competitor had better devices,1
26267-AND,Female,57,Yes,Andhra Pradesh,4,11,,Yes,No,Yes,Fiber Optic,No,No,No,No,No,No,No,Yes,Month-to-Month,Yes,Bank Withdrawal,69.8499984741211,515.4500122070312,0.0,0,192.22000122070312,707.6699829101562,Stayed,Others,Others,1
26279-AND,Female,55,No,Andhra Pradesh,8,9,,Yes,No,Yes,Cable,Yes,Yes,Yes,Yes,Yes,Yes,Yes,No,One Year,No,Bank Withdrawal,85.3499984741211,2530.39990234375,0.0,20,1290.300048828125,3840.699951171875,Churned,Competitor,Competitor made better offer,1
26359-MAH,Female,28,Yes,Maharashtra,15,12,Deal 5,Yes,No,No,,,,,,,,,,Month-to-Month,Yes,Credit Card,19.600000381469727,19.600000381469727,0.0,0,5.360000133514404,24.959999084472656,Churned,Price,Price too high,1
26412-ASS,Female,30,No,Assam,7,18,,Yes,No,No,,,,,,,,,,Month-to-Month,Yes,Bank Withdrawal,20.700000762939453,39.849998474121094,0.0,0,27.780000686645508,67.62999725341797,Joined,,,1
26445-JAM,Female,49,No,Jammu & Kashmir,4,20,,Yes,Yes,Yes,Fiber Optic,No,Yes,No,No,Yes,No,No,Yes,Month-to-Month,Yes,Bank Withdrawal,90.0999984741211,521.2999877929688,0.0,0,6.900000095367432,528.2000122070312,Churned,Competitor,Competitor made better offer,1
26448-BIH,Female,57,No,Bihar,10,21,Deal 5,Yes,No,Yes,DSL,No,Yes,No,Yes,Yes,Yes,Yes,Yes,Month-to-Month,Yes,Bank Withdrawal,75.30000305175781,244.10000610351562,0.0,0,116.97000122070312,361.07000732421875,Joined,,,1
26458-TEL,Female,49,Yes,Telangana,12,4,Deal 4,Yes,Yes,Yes,Fiber Optic,No,No,No,No,Yes,Yes,Yes,Yes,Month-to-Month,Yes,Bank Withdrawal,93.5,2341.550048828125,0.0,0,416.760009765625,2758.31005859375,Stayed,Others,Others,1
26500-GUJ,Female,62,Yes,Gujarat,3,19,Deal 5,Yes,No,Yes,Cable,Yes,No,No,No,No,Yes,Yes,Yes,Month-to-Month,Yes,Mailed Check,62.150001525878906,113.0999984741211,0.0,0,96.77999877929688,209.8800048828125,Joined,,,1
26567-UTT,Female,67,Yes,Uttar Pradesh,1,35,,Yes,No,No,,,,,,,,,,Two Year,No,Credit Card,20.350000381469727,20.350000381469727,0.0,0,30.09000015258789,50.439998626708984,Joined,,,1
26602-JAM,Female,27,Yes,Jammu & Kashmir,12,6,,Yes,Yes,Yes,Fiber Optic,Yes,Yes,Yes,No,Yes,No,Yes,Yes,Month-to-Month,Yes,Bank Withdrawal,98.75,4533.7001953125,0.0,0,134.88999938964844,4668.58984375,Churned,Competitor,Competitor made better offer,1
26707-HAR,Female,18,No,Haryana,8,5,,Yes,Yes,Yes,Fiber Optic,No,No,No,No,No,Yes,Yes,Yes,Month-to-Month,Yes,Bank Withdrawal,85.6500015258789,338.8999938964844,0.0,0,27.639999389648438,366.5400085449219,Churned,Dissatisfaction,Limited range of services,1
26757-KAR,Female,35,No,Karnataka,3,9,,Yes,Yes,Yes,Fiber Optic,No,Yes,Yes,No,No,No,No,Yes,Month-to-Month,Yes,Bank Withdrawal,85.30000305175781,424.1499938964844,0.0,0,182.60000610351562,606.75,Churned,Competitor,Competitor had better devices,1
26761-GUJ,Male,46,No,Gujarat,3,13,,Yes,Yes,Yes,Fiber Optic,No,No,No,No,Yes,Yes,Yes,Yes,Month-to-Month,Yes,Bank Withdrawal,95.5,829.0999755859375,0.0,0,172.97999572753906,1002.0800170898438,Churned,Dissatisfaction,Limited range of services,1
26873-TAM,Female,22,Yes,Tamil Nadu,12,3,,Yes,No,Yes,Fiber Optic,Yes,No,No,No,No,No,Yes,Yes,Month-to-Month,No,Bank Withdrawal,75.0,632.9500122070312,0.0,0,42.720001220703125,675.6699829101562,Churned,Dissatisfaction,Network reliability,1
26882-KER,Female,55,Yes,Kerala,8,23,Deal 5,Yes,No,No,,,,,,,,,,Month-to-Month,No,Mailed Check,19.350000381469727,126.05000305175781,0.0,0,158.8000030517578,284.8500061035156,Churned,Competitor,Competitor made better offer,1
26889-RAJ,Female,40,No,Rajasthan,1,25,Deal 4,Yes,Yes,Yes,Fiber Optic,No,No,No,No,No,No,No,Yes,Month-to-Month,No,Bank Withdrawal,72.6500015258789,1194.300048828125,0.0,0,751.8400268554688,1946.1400146484375,Churned,Competitor,Competitor had better devices,1
26899-MAH,Male,47,No,Maharashtra,7,21,,Yes,Yes,Yes,Fiber Optic,No,No,Yes,No,Yes,Yes,Yes,Yes,Month-to-Month,Yes,Bank Withdrawal,-1.0,2391.800048828125,0.0,0,830.8800048828125,3222.679931640625,Churned,Price,Lack of affordable download/upload speed,1
26902-TEL,Male,52,Yes,Telangana,7,2,,Yes,No,Yes,Fiber Optic,No,No,No,Yes,Yes,Yes,Yes,Yes,Month-to-Month,Yes,Bank Withdrawal,95.8499984741211,95.8499984741211,0.0,0,2.700000047683716,98.55000305175781,Joined,,,1
26994-BIH,Female,27,No,Bihar,9,5,,Yes,Yes,Yes,Fiber Optic,No,No,No,No,No,No,No,Yes,Month-to-Month,Yes,Bank Withdrawal,75.9000015258789,143.35000610351562,0.0,0,53.7400016784668,197.08999633789062,Churned,Other,Don't know,1
27008-WES,Female,53,No,West Bengal,9,4,,Yes,No,Yes,Fiber Optic,No,No,Yes,No,Yes,Yes,Yes,Yes,Month-to-Month,No,Bank Withdrawal,94.4000015258789,94.4000015258789,0.0,0,18.34000015258789,112.73999786376953,Churned,Price,Lack of affordable download/upload speed,1
27136-JAM,Female,52,Yes,Jammu & Kashmir,3,24,Deal 3,Yes,No,Yes,Fiber Optic,Yes,Yes,No,No,No,No,No,Yes,Month-to-Month,Yes,Bank Withdrawal,79.8499984741211,2015.3499755859375,0.0,0,670.25,2685.60009765625,Churned,Competitor,Competitor made better offer,1
27138-BIH,Female,24,Yes,Bihar,5,10,,Yes,No,Yes,Fiber Optic,Yes,No,No,No,No,No,Yes,Yes,Month-to-Month,Yes,Credit Card,74.25,639.6500244140625,0.0,0,124.73999786376953,764.3900146484375,Churned,Attitude,Attitude of support person,1
27149-JHA,Female,40,No,Jharkhand,10,31,,Yes,Yes,Yes,Fiber Optic,Yes,Yes,No,No,No,No,No,Yes,Month-to-Month,Yes,Bank Withdrawal,84.44999694824219,2467.10009765625,0.0,0,822.72998046875,3289.830078125,Churned,Dissatisfaction,Lack of self-service on Website,1
27195-PUN,Female,61,Yes,Punjab,12,13,,Yes,Yes,Yes,Fiber Optic,No,No,Yes,No,Yes,Yes,Yes,No,One Year,Yes,Bank Withdrawal,100.0,5509.2998046875,0.0,100,2055.89990234375,7665.2001953125,Churned,Competitor,Competitor offered higher download speeds,1
27332-KAR,Female,20,No,Karnataka,3,9,,Yes,No,Yes,DSL,Yes,No,No,Yes,No,No,No,Yes,Month-to-Month,No,Bank Withdrawal,54.20000076293945,308.25,0.0,0,18.049999237060547,326.29998779296875,Churned,Dissatisfaction,Network reliability,1
27402-AND,Male,25,No,Andhra Pradesh,14,35,Deal 5,Yes,No,Yes,Fiber Optic,No,No,No,No,No,No,Yes,Yes,Month-to-Month,Yes,Mailed Check,70.80000305175781,70.80000305175781,0.0,0,30.600000381469727,101.4000015258789,Churned,Competitor,Competitor made better offer,1
27461-MAD,Male,22,Yes,Madhya Pradesh,7,6,Deal 5,Yes,No,Yes,Cable,No,No,No,No,No,No,No,Yes,Month-to-Month,Yes,Credit Card,44.54999923706055,44.54999923706055,0.0,0,23.040000915527344,67.58999633789062,Joined,,,1
27465-JAM,Female,50,No,Jammu & Kashmir,10,30,,Yes,No,No,,,,,,,,,,Month-to-Month,No,Credit Card,19.850000381469727,19.850000381469727,0.0,0,16.469999313354492,36.31999969482422,Joined,,,1
27501-TEL,Female,33,No,Telangana,5,26,,Yes,No,No,,,,,,,,,,Month-to-Month,No,Mailed Check,20.0,20.0,0.0,0,46.77000045776367,66.7699966430664,Churned,Attitude,Attitude of service provider,1
27553-UTT,Female,53,Yes,Uttar Pradesh,0,18,,Yes,No,No,,,,,,,,,,Month-to-Month,No,Credit Card,20.299999237060547,20.299999237060547,0.0,0,4.090000152587891,24.389999389648438,Joined,,,1
27555-GUJ,Female,57,No,Gujarat,7,35,Deal 5,Yes,Yes,Yes,Fiber Optic,No,Yes,Yes,Yes,Yes,Yes,Yes,Yes,Month-to-Month,Yes,Credit Card,109.9000015258789,669.4500122070312,0.0,0,122.16000366210938,791.6099853515625,Churned,Competitor,Competitor had better devices,1
27561-UTT,Female,19,No,Uttar Pradesh,6,10,Deal 5,Yes,No,No,,,,,,,,,,Month-to-Month,Yes,Credit Card,20.25,20.25,0.0,0,47.25,67.5,Joined,,,1
27634-JAM,Female,59,No,Jammu & Kashmir,6,20,,Yes,No,Yes,Fiber Optic,No,No,No,No,Yes,No,No,Yes,Month-to-Month,Yes,Bank Withdrawal,79.6500015258789,79.6500015258789,0.0,0,22.479999542236328,102.12999725341797,Churned,Competitor,Competitor made better offer,1
27654-TAM,Female,36,Yes,Tamil Nadu,6,25,,Yes,Yes,Yes,Fiber Optic,No,No,No,No,Yes,Yes,Yes,Yes,Month-to-Month,Yes,Bank Withdrawal,97.6500015258789,3207.550048828125,0.0,0,1473.219970703125,4680.77001953125,Churned,Other,Don't know,1
27663-HAR,Female,20,Yes,Haryana,1,3,,Yes,No,Yes,Fiber Optic,No,No,No,No,No,No,No,Yes,Month-to-Month,Yes,Bank Withdrawal,70.69999694824219,151.64999389648438,0.0,0,18.239999771118164,169.88999938964844,Churned,Other,Moved,1
27692-GUJ,Female,40,No,Gujarat,6,34,,Yes,Yes,Yes,Fiber Optic,No,No,No,No,No,No,No,Yes,Month-to-Month,No,Credit Card,74.9000015258789,147.14999389648438,0.0,0,76.55999755859375,223.7100067138672,Churned,Price,Long distance charges,1
27743-TAM,Female,33,Yes,Tamil Nadu,9,14,,Yes,No,Yes,Cable,Yes,Yes,No,Yes,No,No,No,Yes,Month-to-Month,Yes,Credit Card,60.400001525878906,272.1499938964844,0.0,0,72.12000274658203,344.2699890136719,Churned,Competitor,Competitor had better devices,1
27812-TAM,Male,44,Yes,Tamil Nadu,13,14,Deal 5,Yes,No,Yes,DSL,No,No,No,Yes,No,No,No,Yes,Month-to-Month,Yes,Bank Withdrawal,49.20000076293945,216.89999389648438,0.0,0,36.54999923706055,253.4499969482422,Churned,Competitor,Competitor offered more data,1
27846-JHA,Female,45,Yes,Jharkhand,13,19,Deal 4,Yes,No,No,,,,,,,,,,Month-to-Month,No,Bank Withdrawal,19.399999618530273,289.29998779296875,0.0,0,497.1000061035156,786.4000244140625,Churned,Price,Long distance charges,1
27856-UTT,Female,33,Yes,Uttar Pradesh,1,32,Deal 5,Yes,No,No,,,,,,,,,,Month-to-Month,Yes,Bank Withdrawal,19.25,19.25,0.0,0,9.4399995803833,28.690000534057617,Joined,,,1
27880-UTT,Male,74,No,Uttar Pradesh,1,25,,Yes,Yes,Yes,Fiber Optic,No,Yes,Yes,No,Yes,Yes,No,Yes,Month-to-Month,Yes,Bank Withdrawal,105.9000015258789,334.6499938964844,0.0,0,123.9000015258789,458.54998779296875,Churned,Attitude,Attitude of service provider,1
27896-JHA,Female,43,Yes,Jharkhand,3,3,,Yes,No,Yes,Fiber Optic,No,No,No,No,No,Yes,Yes,Yes,Month-to-Month,No,Bank Withdrawal,79.5999984741211,79.5999984741211,0.0,0,19.31999969482422,98.91999816894531,Churned,Attitude,Attitude of support person,1
27963-MAH,Female,30,No,Maharashtra,13,15,Deal 5,Yes,No,Yes,Fiber Optic,No,No,No,No,Yes,No,No,Yes,Month-to-Month,Yes,Bank Withdrawal,80.25,80.25,0.0,0,32.91999816894531,113.16999816894531,Churned,Other,Moved,1
27977-KER,Female,39,No,Kerala,2,18,Deal 5,No,,Yes,Cable,No,No,No,No,Yes,Yes,Yes,No,Month-to-Month,Yes,Bank Withdrawal,44.54999923706055,174.3000030517578,0.0,10,0.0,184.3000030517578,Churned,Attitude,Attitude of service provider,1
28028-MAH,Female,46,No,Maharashtra,8,22,Deal 5,Yes,Yes,Yes,Fiber Optic,No,No,No,No,No,No,No,Yes,Month-to-Month,No,Bank Withdrawal,75.3499984741211,338.1000061035156,0.0,0,116.44000244140625,454.5400085449219,Churned,Competitor,Competitor had better devices,1
28145-TEL,Female,23,No,Telangana,11,2,Deal 3,Yes,Yes,Yes,Fiber Optic,No,No,No,No,No,Yes,Yes,Yes,Month-to-Month,Yes,Bank Withdrawal,85.0,2624.25,0.0,0,144.60000610351562,2768.85009765625,Churned,Other,Don't know,1
28188-MAD,Male,75,Yes,Madhya Pradesh,9,23,,No,,Yes,Cable,Yes,Yes,No,No,Yes,Yes,Yes,No,Month-to-Month,Yes,Bank Withdrawal,55.79999923706055,2109.35009765625,0.0,80,0.0,2189.35009765625,Churned,Attitude,Attitude of support person,1
28189-TEL,Male,66,No,Telangana,2,27,,Yes,No,Yes,Cable,No,Yes,No,No,No,No,No,Yes,Month-to-Month,Yes,Credit Card,49.900001525878906,130.10000610351562,0.0,0,139.7100067138672,269.80999755859375,Churned,Other,Moved,1
28195-UTT,Male,38,No,Uttar Pradesh,13,24,,Yes,Yes,Yes,Fiber Optic,No,No,No,No,No,No,No,Yes,Month-to-Month,Yes,Bank Withdrawal,75.0999984741211,75.0999984741211,0.0,0,5.940000057220459,81.04000091552734,Churned,Dissatisfaction,Lack of self-service on Website,1
28221-WES,Female,82,Yes,West Bengal,7,36,,Yes,Yes,Yes,Fiber Optic,Yes,No,No,No,No,No,No,Yes,Month-to-Month,Yes,Bank Withdrawal,80.30000305175781,80.30000305175781,0.0,0,17.510000228881836,97.80999755859375,Churned,Competitor,Competitor had better devices,1
28237-JHA,Female,52,No,Jharkhand,7,9,Deal 5,Yes,No,Yes,Fiber Optic,No,No,No,No,No,No,No,Yes,Month-to-Month,Yes,Bank Withdrawal,69.8499984741211,199.85000610351562,0.0,0,104.27999877929688,304.1300048828125,Joined,,,1
28239-UTT,Female,55,Yes,Uttar Pradesh,0,5,,Yes,No,No,,,,,,,,,,Month-to-Month,No,Credit Card,19.950000762939453,19.950000762939453,0.0,0,38.84000015258789,58.790000915527344,Joined,,,1
28266-JAM,Male,32,No,Jammu & Kashmir,6,1,,No,,Yes,DSL,No,No,No,No,No,No,No,Yes,Month-to-Month,No,Credit Card,25.350000381469727,25.350000381469727,0.0,0,0.0,25.350000381469727,Joined,,,1
28281-KAR,Male,56,Yes,Karnataka,8,32,Deal 5,Yes,No,Yes,Fiber Optic,No,No,No,No,No,Yes,Yes,Yes,Month-to-Month,Yes,Bank Withdrawal,80.3499984741211,253.8000030517578,0.0,0,148.88999938964844,402.69000244140625,Joined,,,1
28284-MAH,Male,74,No,Maharashtra,3,1,,Yes,No,Yes,Fiber Optic,No,No,No,No,No,No,No,Yes,Month-to-Month,Yes,Credit Card,70.0999984741211,467.54998779296875,20.229999542236328,0,112.3499984741211,559.6699829101562,Churned,Attitude,Attitude of service provider,1
28378-MAD,Female,65,No,Madhya Pradesh,12,1,Deal 5,Yes,No,No,,,,,,,,,,Month-to-Month,No,Bank Withdrawal,19.450000762939453,19.450000762939453,0.0,0,46.59000015258789,66.04000091552734,Joined,,,1
28398-TEL,Male,59,Yes,Telangana,3,23,Deal 5,Yes,No,No,,,,,,,,,,Month-to-Month,No,Credit Card,20.0,20.0,0.0,0,25.989999771118164,45.9900016784668,Joined,,,1
28453-JAM,Female,23,No,Jammu & Kashmir,9,6,Deal 5,Yes,No,Yes,Cable,Yes,No,No,No,No,No,No,Yes,Month-to-Month,Yes,Credit Card,48.599998474121094,48.599998474121094,0.0,0,6.539999961853027,55.13999938964844,Churned,Dissatisfaction,Poor expertise of phone support,1
28544-TAM,Female,80,No,Tamil Nadu,3,8,,Yes,No,Yes,Fiber Optic,No,No,No,Yes,Yes,No,No,Yes,Month-to-Month,Yes,Credit Card,83.9000015258789,267.3999938964844,0.0,0,22.139999389648438,289.5400085449219,Churned,Dissatisfaction,Network reliability,1
28574-UTT,Female,23,Yes,Uttar Pradesh,4,7,,Yes,No,Yes,Fiber Optic,No,No,No,No,Yes,No,No,Yes,Month-to-Month,Yes,Bank Withdrawal,80.8499984741211,356.1000061035156,0.0,0,239.5500030517578,595.6500244140625,Stayed,Others,Others,1
28581-JAM,Male,25,No,Jammu & Kashmir,12,3,Deal 5,Yes,No,Yes,Fiber Optic,No,No,No,No,Yes,No,No,No,Month-to-Month,Yes,Bank Withdrawal,80.5999984741211,415.54998779296875,36.439998626708984,40,28.899999618530273,448.010009765625,Churned,Competitor,Competitor made better offer,1
28642-JHA,Female,63,Yes,Jharkhand,1,35,,No,,Yes,DSL,Yes,No,Yes,Yes,No,Yes,Yes,Yes,Two Year,No,Bank Withdrawal,47.849998474121094,3147.5,0.0,0,0.0,3147.5,Churned,Competitor,Competitor made better offer,1
28656-KAR,Female,81,Yes,Karnataka,14,18,,No,,Yes,DSL,No,No,No,No,No,No,No,Yes,Month-to-Month,No,Bank Withdrawal,25.299999237060547,77.75,0.0,0,0.0,77.75,Churned,Attitude,Attitude of support person,1
28681-HAR,Female,33,No,Haryana,4,2,,Yes,No,Yes,Fiber Optic,No,No,Yes,No,No,No,No,Yes,Month-to-Month,No,Bank Withdrawal,75.55000305175781,75.55000305175781,0.0,0,7.110000133514404,82.66000366210938,Joined,,,1
28707-RAJ,Female,66,No,Rajasthan,14,19,,No,,Yes,Cable,No,No,No,No,No,No,No,Yes,Month-to-Month,Yes,Mailed Check,25.700000762939453,25.700000762939453,0.0,0,0.0,25.700000762939453,Churned,Attitude,Attitude of service provider,1
28719-BIH,Female,69,Yes,Bihar,4,35,,Yes,No,Yes,Fiber Optic,No,No,No,No,Yes,Yes,No,Yes,Month-to-Month,No,Bank Withdrawal,89.69999694824219,1047.699951171875,0.0,0,43.560001373291016,1091.260009765625,Churned,Attitude,Attitude of support person,1
28765-UTT,Male,81,Yes,Uttar Pradesh,2,3,,No,,Yes,DSL,No,Yes,Yes,Yes,Yes,Yes,No,No,One Year,Yes,Bank Withdrawal,59.900001525878906,2816.64990234375,0.0,150,0.0,2966.64990234375,Churned,Competitor,Competitor offered higher download speeds,1
28782-PUN,Male,58,Yes,Punjab,8,7,Deal 5,Yes,No,Yes,DSL,No,No,No,No,No,No,No,Yes,Month-to-Month,Yes,Mailed Check,44.95000076293945,44.95000076293945,0.0,0,13.630000114440918,58.58000183105469,Joined,,,1
28787-ASS,Male,78,No,Assam,0,26,,Yes,Yes,Yes,Fiber Optic,No,No,No,No,No,No,No,No,Month-to-Month,Yes,Mailed Check,74.4000015258789,306.6000061035156,0.0,20,42.439998626708984,369.0400085449219,Churned,Competitor,Competitor made better offer,1
28848-RAJ,Male,69,Yes,Rajasthan,14,30,,Yes,Yes,Yes,Fiber Optic,No,Yes,No,No,Yes,No,No,No,Month-to-Month,Yes,Bank Withdrawal,89.94999694824219,6143.14990234375,6.789999961853027,110,1127.4599609375,7373.81982421875,Churned,Competitor,Competitor had better devices,1
28861-ASS,Male,33,Yes,Assam,9,6,Deal 1,Yes,Yes,Yes,Fiber Optic,No,Yes,Yes,No,Yes,Yes,Yes,Yes,Month-to-Month,Yes,Credit Card,105.0,7133.25,0.0,0,480.4800109863281,7613.72998046875,Churned,Competitor,Competitor had better devices,1
28861-GUJ,Male,30,Yes,Gujarat,13,34,,Yes,Yes,Yes,Fiber Optic,Yes,No,No,No,No,No,Yes,Yes,Month-to-Month,No,Bank Withdrawal,82.4000015258789,1592.3499755859375,33.43000030517578,0,732.0,2290.919921875,Churned,Price,Price too high,1
28873-TAM,Male,55,No,Tamil Nadu,7,4,,Yes,No,Yes,Fiber Optic,No,Yes,No,No,No,No,No,Yes,Month-to-Month,No,Bank Withdrawal,74.94999694824219,151.75,0.0,0,7.519999980926514,159.27000427246094,Joined,,,1
28896-KAR,Male,49,Yes,Karnataka,1,35,,Yes,No,Yes,Fiber Optic,No,Yes,No,No,No,Yes,Yes,Yes,Month-to-Month,Yes,Credit Card,83.55000305175781,477.54998779296875,0.0,0,161.4600067138672,639.010009765625,Churned,Dissatisfaction,Product dissatisfaction,1
28899-KAR,Female,73,Yes,Karnataka,14,5,Deal 5,Yes,No,Yes,Fiber Optic,No,No,Yes,No,No,No,No,No,Month-to-Month,No,Bank Withdrawal,74.4000015258789,434.1000061035156,0.0,20,53.459999084472656,507.55999755859375,Churned,Competitor,Competitor offered more data,1
28901-TEL,Female,63,Yes,Telangana,10,34,,Yes,Yes,Yes,Fiber Optic,No,No,No,No,Yes,Yes,No,Yes,Month-to-Month,Yes,Bank Withdrawal,96.4000015258789,1581.199951171875,47.20000076293945,0,513.760009765625,2047.760009765625,Churned,Dissatisfaction,Poor expertise of phone support,1
28976-PUN,Female,64,No,Punjab,0,18,,Yes,Yes,Yes,Fiber Optic,No,Yes,No,No,Yes,Yes,Yes,Yes,Month-to-Month,Yes,Bank Withdrawal,98.8499984741211,3089.60009765625,0.0,0,769.280029296875,3858.8798828125,Stayed,Others,Others,1
28998-GUJ,Female,71,Yes,Gujarat,15,10,,Yes,Yes,Yes,Cable,No,No,Yes,No,Yes,Yes,No,No,Month-to-Month,Yes,Bank Withdrawal,100.6500015258789,5688.0498046875,0.0,130,1893.3599853515625,7711.41015625,Churned,Attitude,Attitude of support person,1
29045-JAM,Female,69,Yes,Jammu & Kashmir,5,32,,Yes,No,Yes,Fiber Optic,Yes,No,Yes,No,Yes,Yes,No,Yes,Month-to-Month,Yes,Bank Withdrawal,101.25,2754.449951171875,0.0,0,1237.1400146484375,3991.590087890625,Churned,Attitude,Attitude of service provider,1
29090-UTT,Female,55,No,Uttar Pradesh,1,3,Deal 5,Yes,No,Yes,Fiber Optic,Yes,Yes,No,No,No,No,No,Yes,Month-to-Month,Yes,Bank Withdrawal,79.0999984741211,246.5,0.0,0,97.29000091552734,343.7900085449219,Churned,Attitude,Attitude of support person,1
29093-ASS,Male,57,Yes,Assam,6,6,,Yes,No,No,,,,,,,,,,Month-to-Month,Yes,Mailed Check,20.450000762939453,20.450000762939453,0.0,0,11.609999656677246,32.060001373291016,Joined,,,1
29093-PUN,Female,58,No,Punjab,15,5,Deal 4,Yes,No,Yes,Fiber Optic,No,No,Yes,No,Yes,Yes,Yes,Yes,Month-to-Month,Yes,Mailed Check,96.6500015258789,1162.8499755859375,0.0,0,592.7999877929688,1755.6500244140625,Churned,Competitor,Competitor had better devices,1
29100-MAH,Male,28,Yes,Maharashtra,11,9,Deal 5,Yes,No,Yes,DSL,No,No,No,No,Yes,No,Yes,Yes,Month-to-Month,No,Credit Card,55.150001525878906,159.14999389648438,0.0,0,68.30999755859375,227.4600067138672,Churned,Dissatisfaction,Network reliability,1
29149-ODI,Male,74,Yes,Odisha,0,29,,No,,Yes,DSL,Yes,No,No,No,No,Yes,No,Yes,Month-to-Month,No,Bank Withdrawal,39.099998474121094,971.2999877929688,0.0,0,0.0,971.2999877929688,Churned,Competitor,Competitor had better devices,1
29172-BIH,Female,39,Yes,Bihar,15,34,,Yes,No,Yes,Fiber Optic,No,No,No,No,No,No,No,Yes,Month-to-Month,Yes,Bank Withdrawal,70.0999984741211,70.0999984741211,0.0,0,17.3700008392334,87.47000122070312,Churned,Competitor,Competitor had better devices,1
29172-TAM,Female,70,Yes,Tamil Nadu,15,7,,Yes,No,Yes,DSL,Yes,Yes,No,No,No,No,No,Yes,Month-to-Month,Yes,Credit Card,57.150001525878906,2250.64990234375,0.0,0,991.7999877929688,3242.449951171875,Churned,Attitude,Attitude of support person,1
29218-WES,Male,58,No,West Bengal,11,24,Deal 5,Yes,No,Yes,Fiber Optic,Yes,Yes,No,No,No,No,No,Yes,Month-to-Month,Yes,Bank Withdrawal,78.94999694824219,494.95001220703125,0.0,0,177.1199951171875,672.0700073242188,Stayed,Others,Others,1
29261-TEL,Male,29,No,Telangana,9,10,Deal 2,Yes,No,Yes,Cable,No,Yes,No,No,Yes,Yes,Yes,Yes,One Year,Yes,Bank Withdrawal,94.4000015258789,5610.25,0.0,0,2844.0,8454.25,Churned,Attitude,Attitude of support person,1
29371-WES,Female,23,No,West Bengal,14,9,Deal 5,Yes,No,Yes,DSL,No,No,No,No,No,Yes,Yes,Yes,Month-to-Month,Yes,Bank Withdrawal,55.29999923706055,108.6500015258789,0.0,0,87.86000061035156,196.50999450683594,Joined,,,1
29419-TEL,Female,37,No,Telangana,3,33,,Yes,No,Yes,Fiber Optic,No,Yes,Yes,No,No,Yes,Yes,Yes,Month-to-Month,Yes,Credit Card,93.19999694824219,1573.699951171875,35.70000076293945,0,652.1599731445312,2190.159912109375,Churned,Competitor,Competitor made better offer,1
29432-TEL,Female,68,No,Telangana,2,8,,Yes,No,Yes,Fiber Optic,No,No,Yes,No,No,Yes,No,Yes,Month-to-Month,Yes,Bank Withdrawal,85.0,85.0,0.0,0,42.5,127.5,Churned,Dissatisfaction,Network reliability,1
29485-MAD,Female,43,No,Madhya Pradesh,7,28,,Yes,Yes,Yes,Fiber Optic,No,No,No,No,Yes,No,No,Yes,Month-to-Month,Yes,Credit Card,86.55000305175781,2697.39990234375,0.0,0,1034.780029296875,3732.179931640625,Churned,Attitude,Attitude of support person,1
29525-TAM,Female,50,Yes,Tamil Nadu,9,3,Deal 5,No,,Yes,DSL,No,No,No,No,No,No,No,Yes,Month-to-Month,No,Credit Card,25.0,78.25,0.0,0,0.0,78.25,Joined,,,1
29539-HAR,Male,62,Yes,Haryana,6,4,Deal 5,Yes,No,Yes,Fiber Optic,No,No,Yes,No,Yes,Yes,No,Yes,Month-to-Month,Yes,Credit Card,94.44999694824219,742.9500122070312,0.0,0,41.68000030517578,784.6300048828125,Churned,Competitor,Competitor had better devices,1
29609-AND,Male,55,No,Andhra Pradesh,13,16,,Yes,No,Yes,Fiber Optic,No,No,No,No,No,No,No,Yes,Month-to-Month,No,Mailed Check,70.75,70.75,0.0,0,26.0,96.75,Churned,Dissatisfaction,Service dissatisfaction,1
29626-WES,Male,67,No,West Bengal,10,22,Deal 5,Yes,No,Yes,DSL,Yes,No,No,No,No,No,No,No,Month-to-Month,No,Bank Withdrawal,50.150001525878906,50.150001525878906,0.0,50,38.33000183105469,138.47999572753906,Joined,,,1
29708-KAR,Male,36,Yes,Karnataka,7,7,,Yes,No,Yes,Cable,No,No,No,No,No,No,No,Yes,Month-to-Month,Yes,Bank Withdrawal,45.29999923706055,45.29999923706055,0.0,0,26.40999984741211,71.70999908447266,Churned,Competitor,Competitor had better devices,1
29740-AND,Male,51,No,Andhra Pradesh,4,1,,Yes,Yes,Yes,Fiber Optic,Yes,No,No,No,Yes,Yes,Yes,No,Month-to-Month,No,Mailed Check,98.1500015258789,1230.25,0.0,40,43.68000030517578,1313.9300537109375,Churned,Price,Long distance charges,1
29747-PUN,Male,37,No,Punjab,1,28,,No,,Yes,DSL,Yes,No,No,Yes,No,No,No,Yes,Month-to-Month,No,Bank Withdrawal,35.400001525878906,1077.5,0.0,0,0.0,1077.5,Churned,Attitude,Attitude of service provider,1
29772-CHH,Female,57,No,Chhattisgarh,8,12,Deal 4,Yes,Yes,Yes,Fiber Optic,No,Yes,No,No,No,No,No,No,Month-to-Month,Yes,Bank Withdrawal,80.69999694824219,788.7999877929688,38.41999816894531,50,170.6999969482422,971.0800170898438,Churned,Competitor,Competitor offered more data,1
29793-PUN,Female,18,No,Punjab,2,7,Deal 2,Yes,Yes,Yes,Fiber Optic,No,Yes,No,No,Yes,Yes,Yes,Yes,Month-to-Month,No,Bank Withdrawal,101.0999984741211,6039.89990234375,0.0,0,544.5700073242188,6584.47021484375,Churned,Dissatisfaction,Service dissatisfaction,1
29796-JAM,Female,18,No,Jammu & Kashmir,8,7,,Yes,Yes,Yes,Fiber Optic,Yes,Yes,Yes,No,Yes,Yes,Yes,Yes,Month-to-Month,Yes,Credit Card,109.80000305175781,3587.25,0.0,0,271.6600036621094,3858.909912109375,Churned,Competitor,Competitor made better offer,1
29799-WES,Female,29,No,West Bengal,15,23,,Yes,Yes,Yes,Fiber Optic,No,No,No,No,No,No,No,Yes,Month-to-Month,Yes,Credit Card,75.1500015258789,216.75,0.0,0,45.060001373291016,261.80999755859375,Churned,Attitude,Attitude of support person,1
29830-TAM,Female,72,Yes,Tamil Nadu,15,7,,Yes,No,Yes,Fiber Optic,No,No,No,No,No,No,No,Yes,Month-to-Month,No,Bank Withdrawal,70.55000305175781,3309.25,26.989999771118164,0,1266.6500244140625,4548.91015625,Churned,Competitor,Competitor made better offer,1
29855-TAM,Male,47,Yes,Tamil Nadu,2,18,,Yes,No,Yes,Fiber Optic,No,No,No,No,No,No,No,No,Month-to-Month,Yes,Bank Withdrawal,70.0,1144.5,0.0,80,130.22000122070312,1354.719970703125,Churned,Attitude,Attitude of support person,1
29866-ASS,Female,55,No,Assam,10,25,,No,,Yes,DSL,No,No,No,No,No,No,No,Yes,Month-to-Month,Yes,Credit Card,24.399999618530273,36.54999923706055,0.0,0,0.0,36.54999923706055,Churned,Dissatisfaction,Lack of self-service on Website,1
29871-DEL,Male,58,Yes,Delhi,3,34,,Yes,Yes,Yes,Fiber Optic,No,Yes,No,No,Yes,Yes,Yes,Yes,Month-to-Month,Yes,Bank Withdrawal,100.19999694824219,420.20001220703125,0.0,0,112.87999725341797,533.0800170898438,Churned,Dissatisfaction,Service dissatisfaction,1
29897-AND,Female,49,No,Andhra Pradesh,5,32,,Yes,Yes,Yes,Cable,Yes,Yes,No,No,Yes,Yes,Yes,Yes,One Year,Yes,Bank Withdrawal,106.0,6547.7001953125,0.0,0,2863.949951171875,9411.650390625,Churned,Competitor,Competitor offered higher download speeds,1
29969-ASS,Female,53,Yes,Assam,11,10,Deal 5,Yes,Yes,Yes,Cable,No,No,No,No,No,No,No,No,Month-to-Month,Yes,Mailed Check,50.599998474121094,249.9499969482422,0.0,20,185.5,455.45001220703125,Churned,Competitor,Competitor made better offer,1
31049-TAM,Female,61,No,Tamil Nadu,7,8,Deal 5,Yes,No,Yes,Fiber Optic,No,No,Yes,No,No,Yes,Yes,Yes,Month-to-Month,Yes,Bank Withdrawal,85.8499984741211,167.3000030517578,0.0,0,28.280000686645508,195.5800018310547,Churned,Competitor,Competitor made better offer,1
31072-ASS,Female,49,No,Assam,10,33,,Yes,No,Yes,Cable,No,No,No,Yes,Yes,Yes,Yes,Yes,Month-to-Month,Yes,Bank Withdrawal,69.3499984741211,191.35000610351562,0.0,0,106.91999816894531,298.2699890136719,Churned,Other,Don't know,1
31129-AND,Male,68,No,Andhra Pradesh,15,15,,Yes,No,Yes,Fiber Optic,No,No,No,No,No,No,No,No,Month-to-Month,Yes,Bank Withdrawal,70.3499984741211,70.3499984741211,0.0,10,14.420000076293945,94.7699966430664,Joined,,,1
31198-RAJ,Male,39,Yes,Rajasthan,13,19,,Yes,Yes,Yes,Fiber Optic,No,No,Yes,No,Yes,No,No,No,Month-to-Month,Yes,Credit Card,89.3499984741211,631.8499755859375,0.0,60,257.8800048828125,949.72998046875,Churned,Price,Price too high,1
31263-TAM,Female,60,Yes,Tamil Nadu,1,8,,Yes,Yes,Yes,Fiber Optic,No,No,No,Yes,No,No,No,Yes,Month-to-Month,Yes,Credit Card,79.8499984741211,2404.14990234375,0.0,0,515.530029296875,2919.679931640625,Churned,Dissatisfaction,Lack of self-service on Website,1
31294-KAR,Male,50,Yes,Karnataka,15,33,Deal 5,Yes,No,Yes,DSL,Yes,No,No,No,No,No,No,Yes,Month-to-Month,No,Bank Withdrawal,49.75,49.75,0.0,0,41.790000915527344,91.54000091552734,Joined,,,1
31340-PUD,Male,70,Yes,Puducherry,6,13,Deal 2,Yes,Yes,Yes,Fiber Optic,No,No,Yes,No,Yes,Yes,No,Yes,Month-to-Month,No,Bank Withdrawal,100.5999984741211,5746.14990234375,0.0,0,2399.699951171875,8145.85009765625,Churned,Dissatisfaction,Network reliability,1
31412-HAR,Female,81,Yes,Haryana,14,29,,Yes,No,No,,,,,,,,,,Two Year,No,Bank Withdrawal,19.200000762939453,37.20000076293945,0.0,0,14.0600004196167,51.2599983215332,Joined,,,1
31458-DEL,Male,32,Yes,Delhi,2,20,Deal 5,No,,Yes,DSL,No,No,No,No,No,No,No,Yes,Month-to-Month,Yes,Bank Withdrawal,24.450000762939453,86.5999984741211,0.0,0,0.0,86.5999984741211,Churned,Competitor,Competitor made better offer,1
31476-TEL,Male,42,Yes,Telangana,5,33,Deal 5,Yes,No,No,,,,,,,,,,Month-to-Month,No,Credit Card,19.950000762939453,19.950000762939453,0.0,0,27.079999923706055,47.029998779296875,Joined,,,1
31518-CHH,Female,65,No,Chhattisgarh,2,8,Deal 3,Yes,No,Yes,Fiber Optic,No,Yes,No,No,No,No,No,Yes,Month-to-Month,Yes,Bank Withdrawal,74.4000015258789,2276.949951171875,44.310001373291016,0,1063.0400390625,3295.679931640625,Churned,Competitor,Competitor had better devices,1
31546-KER,Male,31,No,Kerala,15,5,,Yes,No,No,,,,,,,,,,Month-to-Month,Yes,Bank Withdrawal,19.899999618530273,19.899999618530273,0.0,0,7.489999771118164,27.389999389648438,Churned,Attitude,Attitude of service provider,1
31589-MAD,Female,32,No,Madhya Pradesh,8,14,Deal 5,Yes,No,Yes,DSL,Yes,No,No,No,No,No,No,Yes,Month-to-Month,Yes,Bank Withdrawal,47.79999923706055,92.44999694824219,0.0,0,27.459999084472656,119.91000366210938,Churned,Attitude,Attitude of support person,1
31601-DEL,Female,31,Yes,Delhi,2,10,,Yes,No,No,,,,,,,,,,Month-to-Month,No,Credit Card,19.649999618530273,19.649999618530273,0.0,0,42.41999816894531,62.06999969482422,Joined,,,1
31678-GUJ,Female,57,No,Gujarat,7,3,,Yes,Yes,Yes,Fiber Optic,No,No,No,No,No,Yes,Yes,Yes,Month-to-Month,Yes,Bank Withdrawal,84.9000015258789,764.9500122070312,0.0,0,232.0,996.9500122070312,Churned,Price,Long distance charges,1
31688-CHH,Female,25,Yes,Chhattisgarh,0,8,,No,,Yes,Cable,Yes,No,Yes,No,No,Yes,Yes,No,Month-to-Month,Yes,Bank Withdrawal,45.29999923706055,2145.0,0.0,140,0.0,2285.0,Churned,Price,Price too high,1
31698-PUN,Female,20,Yes,Punjab,15,1,,Yes,Yes,Yes,Fiber Optic,No,Yes,Yes,Yes,Yes,Yes,Yes,No,Month-to-Month,Yes,Bank Withdrawal,111.19999694824219,2317.10009765625,0.0,120,761.4600219726562,3198.56005859375,Churned,Attitude,Attitude of service provider,1
31758-UTT,Male,32,Yes,Uttarakhand,11,29,Deal 4,Yes,Yes,Yes,Fiber Optic,Yes,Yes,Yes,No,Yes,No,No,Yes,Month-to-Month,Yes,Bank Withdrawal,99.25,2186.39990234375,0.0,0,441.6000061035156,2628.0,Churned,Dissatisfaction,Service dissatisfaction,1
31800-JAM,Female,61,Yes,Jammu & Kashmir,2,18,,Yes,Yes,Yes,Fiber Optic,No,No,Yes,Yes,No,Yes,Yes,No,Two Year,Yes,Bank Withdrawal,96.25,4990.25,0.0,120,2422.679931640625,7532.93017578125,Churned,Competitor,Competitor made better offer,1
31805-ASS,Male,47,No,Assam,1,22,Deal 5,Yes,No,Yes,Fiber Optic,No,No,Yes,Yes,No,No,No,Yes,Month-to-Month,Yes,Mailed Check,80.5999984741211,319.1499938964844,0.0,0,57.20000076293945,376.3500061035156,Churned,Competitor,Competitor offered more data,1
31816-RAJ,Female,58,Yes,Rajasthan,2,35,,Yes,No,Yes,Cable,Yes,No,No,No,No,No,No,Yes,Month-to-Month,Yes,Bank Withdrawal,75.69999694824219,189.1999969482422,0.0,0,84.31999969482422,273.5199890136719,Churned,Other,Don't know,1
31859-MAH,Male,46,No,Maharashtra,5,35,,Yes,No,No,,,,,,,,,,Month-to-Month,No,Credit Card,19.75,19.75,0.0,0,11.90999984741211,31.65999984741211,Churned,Attitude,Attitude of support person,1
31918-KAR,Female,37,No,Karnataka,15,34,,No,,Yes,Cable,Yes,No,Yes,Yes,No,No,No,Yes,Month-to-Month,No,Credit Card,41.349998474121094,107.25,0.0,0,0.0,107.25,Joined,,,1
31940-ODI,Male,63,No,Odisha,6,35,Deal 5,Yes,Yes,Yes,Fiber Optic,No,No,No,No,No,Yes,No,No,Month-to-Month,Yes,Bank Withdrawal,85.05000305175781,746.5,0.0,30,109.62000274658203,886.1199951171875,Churned,Attitude,Attitude of service provider,1
31957-RAJ,Male,24,Yes,Rajasthan,8,8,,No,,Yes,DSL,No,Yes,No,No,Yes,Yes,Yes,Yes,Month-to-Month,Yes,Mailed Check,51.0,305.95001220703125,0.0,0,0.0,305.95001220703125,Churned,Price,Long distance charges,1
31962-KAR,Male,25,Yes,Karnataka,2,35,,Yes,Yes,No,,,,,,,,,,Month-to-Month,Yes,Mailed Check,24.049999237060547,24.049999237060547,0.0,0,20.260000228881836,44.310001373291016,Churned,Price,Price too high,1
32019-PUD,Female,57,Yes,Puducherry,0,18,Deal 4,Yes,Yes,Yes,Fiber Optic,No,No,Yes,No,Yes,No,No,Yes,Month-to-Month,Yes,Bank Withdrawal,89.19999694824219,990.2999877929688,0.0,0,120.44999694824219,1110.75,Stayed,Others,Others,1
32054-JAM,Male,68,No,Jammu & Kashmir,1,24,,Yes,Yes,Yes,Fiber Optic,No,No,No,No,Yes,Yes,No,Yes,Month-to-Month,Yes,Bank Withdrawal,94.5,3105.550048828125,0.0,0,916.739990234375,4022.2900390625,Churned,Dissatisfaction,Poor expertise of online support,1
32059-JAM,Female,71,Yes,Jammu & Kashmir,6,27,,Yes,Yes,Yes,Fiber Optic,No,No,No,No,Yes,No,No,Yes,Month-to-Month,Yes,Bank Withdrawal,84.75,1350.1500244140625,0.0,0,280.1600036621094,1630.31005859375,Churned,Attitude,Attitude of support person,1
32063-UTT,Female,63,Yes,Uttar Pradesh,6,31,Deal 5,Yes,No,No,,,,,,,,,,Month-to-Month,Yes,Credit Card,19.0,19.0,0.0,0,28.280000686645508,47.279998779296875,Joined,,,1
32067-PUN,Female,28,No,Punjab,13,33,Deal 4,Yes,Yes,No,,,,,,,,,,Month-to-Month,No,Credit Card,24.100000381469727,409.8999938964844,0.0,0,310.4200134277344,720.3200073242188,Churned,Price,Long distance charges,1
32103-GUJ,Female,76,No,Gujarat,12,28,,Yes,Yes,Yes,Fiber Optic,No,No,No,No,Yes,Yes,Yes,Yes,Month-to-Month,Yes,Bank Withdrawal,95.05000305175781,1290.0,0.0,0,247.38999938964844,1537.3900146484375,Churned,Competitor,Competitor made better offer,1
32129-GUJ,Male,67,No,Gujarat,12,29,,Yes,No,Yes,Fiber Optic,No,No,Yes,No,No,No,No,Yes,Month-to-Month,Yes,Bank Withdrawal,76.6500015258789,1313.550048828125,0.0,0,520.3699951171875,1833.9200439453125,Churned,Competitor,Competitor offered more data,1
32176-GUJ,Male,34,No,Gujarat,14,6,Deal 4,Yes,No,Yes,Fiber Optic,No,No,No,No,No,No,No,Yes,Month-to-Month,Yes,Bank Withdrawal,70.30000305175781,738.2000122070312,0.0,0,317.20001220703125,1055.4000244140625,Churned,Dissatisfaction,Limited range of services,1
32214-HAR,Female,30,Yes,Haryana,12,19,Deal 5,No,,Yes,DSL,No,No,No,No,Yes,No,No,Yes,Month-to-Month,Yes,Bank Withdrawal,34.70000076293945,34.70000076293945,0.0,0,0.0,34.70000076293945,Churned,Other,Don't know,1
32317-KAR,Female,52,No,Karnataka,13,33,Deal 5,Yes,No,Yes,Cable,No,No,No,No,No,Yes,Yes,Yes,Month-to-Month,No,Bank Withdrawal,80.0,80.0,0.0,0,35.709999084472656,115.70999908447266,Churned,Competitor,Competitor had better devices,1
32375-UTT,Female,23,Yes,Uttar Pradesh,1,3,,Yes,No,No,,,,,,,,,,Month-to-Month,No,Mailed Check,20.899999618530273,20.899999618530273,0.0,0,10.210000038146973,31.110000610351562,Joined,,,1
32377-DEL,Female,59,Yes,Delhi,10,31,,Yes,No,Yes,Fiber Optic,Yes,No,Yes,No,Yes,No,No,Yes,Month-to-Month,Yes,Bank Withdrawal,89.4000015258789,1539.449951171875,0.0,0,326.2300109863281,1865.6800537109375,Churned,Dissatisfaction,Service dissatisfaction,1
32447-HAR,Female,38,Yes,Haryana,13,18,,Yes,No,Yes,DSL,No,No,No,No,No,No,No,Yes,Month-to-Month,No,Credit Card,-4.0,46.29999923706055,0.0,0,48.220001220703125,94.5199966430664,Churned,Price,Extra data charges,1
32507-JAM,Female,44,No,Jammu & Kashmir,6,7,,Yes,No,Yes,Fiber Optic,No,No,Yes,No,Yes,Yes,Yes,Yes,Two Year,Yes,Bank Withdrawal,95.25,5464.64990234375,0.0,0,1000.3499755859375,6465.0,Churned,Competitor,Competitor made better offer,1
32554-DEL,Male,28,No,Delhi,0,21,,Yes,No,Yes,Fiber Optic,No,No,No,Yes,No,No,No,Yes,Month-to-Month,Yes,Bank Withdrawal,75.9000015258789,75.9000015258789,0.0,0,44.560001373291016,120.45999908447266,Churned,Competitor,Competitor made better offer,1
32563-KAR,Female,34,Yes,Karnataka,3,22,,Yes,No,Yes,Fiber Optic,No,No,No,No,No,No,No,No,Month-to-Month,Yes,Bank Withdrawal,69.80000305175781,146.64999389648438,0.0,10,22.3799991607666,179.02999877929688,Joined,,,1
32586-UTT,Female,25,No,Uttar Pradesh,15,10,,Yes,Yes,No,,,,,,,,,,Month-to-Month,Yes,Credit Card,-8.0,25.75,0.0,0,15.220000267028809,40.970001220703125,Joined,,,1
32587-UTT,Female,30,No,Uttar Pradesh,1,27,,Yes,No,Yes,Cable,No,No,No,No,No,No,No,Yes,Month-to-Month,No,Credit Card,45.45000076293945,141.6999969482422,0.0,0,61.11000061035156,202.80999755859375,Joined,,,1
32594-MAH,Male,61,Yes,Maharashtra,4,1,Deal 2,Yes,Yes,Yes,Fiber Optic,Yes,Yes,No,Yes,No,Yes,Yes,No,One Year,No,Bank Withdrawal,102.0,6529.25,0.0,110,500.9599914550781,7140.2099609375,Churned,Price,Price too high,1
32630-KAR,Male,65,Yes,Karnataka,0,16,,Yes,Yes,Yes,Fiber Optic,No,Yes,Yes,No,No,No,No,Yes,Month-to-Month,Yes,Bank Withdrawal,84.44999694824219,1058.5999755859375,0.0,0,284.44000244140625,1343.0400390625,Churned,Price,Long distance charges,1
32681-MAH,Female,83,Yes,Maharashtra,3,1,,Yes,Yes,Yes,Fiber Optic,No,No,No,No,No,Yes,No,Yes,Month-to-Month,Yes,Bank Withdrawal,84.3499984741211,474.8999938964844,0.0,0,172.25999450683594,647.1599731445312,Churned,Other,Deceased,1
32696-UTT,Female,49,Yes,Uttar Pradesh,0,10,,Yes,No,Yes,Fiber Optic,No,No,No,No,No,Yes,Yes,Yes,Month-to-Month,Yes,Bank Withdrawal,81.0999984741211,81.0999984741211,0.0,0,22.860000610351562,103.95999908447266,Churned,Competitor,Competitor offered more data,1
32720-RAJ,Female,30,Yes,Rajasthan,13,4,,Yes,No,Yes,Fiber Optic,No,Yes,Yes,No,Yes,Yes,Yes,Yes,One Year,Yes,Bank Withdrawal,102.3499984741211,3626.10009765625,0.0,0,1394.4000244140625,5020.5,Churned,Price,Price too high,1
32749-UTT,Female,58,No,Uttar Pradesh,13,12,,Yes,Yes,Yes,Fiber Optic,No,No,No,No,Yes,Yes,Yes,Yes,Month-to-Month,Yes,Bank Withdrawal,94.5999984741211,94.5999984741211,0.0,0,1.1699999570846558,95.7699966430664,Churned,Other,Don't know,1
32770-RAJ,Female,75,Yes,Rajasthan,12,12,,Yes,Yes,Yes,Fiber Optic,No,Yes,Yes,No,Yes,Yes,No,Yes,Month-to-Month,Yes,Bank Withdrawal,105.5,829.5499877929688,0.0,0,361.2799987792969,1190.8299560546875,Churned,Price,Price too high,1
32845-KAR,Female,57,No,Karnataka,11,21,Deal 5,Yes,Yes,Yes,Fiber Optic,No,No,No,Yes,No,Yes,Yes,No,Month-to-Month,Yes,Bank Withdrawal,90.25,743.75,0.0,0,79.04000091552734,822.7899780273438,Stayed,Others,Others,1
32847-KER,Female,58,Yes,Kerala,15,12,,Yes,No,Yes,Fiber Optic,No,No,No,No,Yes,Yes,Yes,Yes,Month-to-Month,Yes,Bank Withdrawal,91.0999984741211,455.29998779296875,0.0,0,70.86000061035156,526.1599731445312,Churned,Price,Long distance charges,1
32887-MAH,Female,60,Yes,Maharashtra,6,11,Deal 5,Yes,No,Yes,DSL,No,No,No,No,No,No,No,Yes,Month-to-Month,Yes,Bank Withdrawal,44.599998474121094,260.79998779296875,0.0,0,295.20001220703125,556.0,Churned,Price,Extra data charges,1
32902-KAR,Female,74,No,Karnataka,12,22,Deal 3,Yes,No,Yes,Fiber Optic,No,Yes,Yes,No,No,No,No,Yes,Month-to-Month,Yes,Credit Card,79.6500015258789,2365.14990234375,0.0,0,186.89999389648438,2552.050048828125,Churned,Attitude,Attitude of support person,1
32966-HAR,Female,23,No,Haryana,3,7,,Yes,No,No,,,,,,,,,,Month-to-Month,No,Bank Withdrawal,19.200000762939453,19.200000762939453,0.0,0,26.3700008392334,45.56999969482422,Joined,,,1
32997-AND,Female,38,Yes,Andhra Pradesh,11,23,,No,,Yes,DSL,No,No,No,No,No,No,No,Yes,Month-to-Month,No,Bank Withdrawal,24.600000381469727,24.600000381469727,0.0,0,0.0,24.600000381469727,Churned,Price,Price too high,1
33003-KAR,Female,25,No,Karnataka,4,29,Deal 5,Yes,No,Yes,Fiber Optic,No,No,Yes,Yes,No,No,No,Yes,Month-to-Month,No,Credit Card,80.0999984741211,217.5500030517578,0.0,0,122.01000213623047,339.55999755859375,Churned,Attitude,Attitude of service provider,1
33035-WES,Male,62,No,West Bengal,5,6,Deal 5,No,,Yes,Cable,No,No,No,No,No,No,No,Yes,Month-to-Month,No,Bank Withdrawal,24.799999237060547,24.799999237060547,0.0,0,0.0,24.799999237060547,Churned,Dissatisfaction,Service dissatisfaction,1
33041-JAM,Female,48,No,Jammu & Kashmir,6,12,Deal 4,Yes,Yes,Yes,Fiber Optic,No,Yes,Yes,No,Yes,Yes,Yes,Yes,Month-to-Month,No,Bank Withdrawal,104.4000015258789,2157.949951171875,0.0,0,895.6500244140625,3053.60009765625,Churned,Attitude,Attitude of support person,1
33124-TAM,Female,53,No,Tamil Nadu,15,26,,Yes,No,Yes,Fiber Optic,No,No,No,No,No,No,No,Yes,Month-to-Month,Yes,Bank Withdrawal,69.19999694824219,69.19999694824219,0.0,0,10.079999923706055,79.27999877929688,Churned,Dissatisfaction,Poor expertise of online support,1
33167-UTT,Female,52,No,Uttar Pradesh,6,15,,Yes,Yes,Yes,Fiber Optic,No,Yes,Yes,No,Yes,Yes,Yes,Yes,Month-to-Month,Yes,Credit Card,104.5,5921.35009765625,0.0,0,2287.409912109375,8208.759765625,Churned,Dissatisfaction,Product dissatisfaction,1
33169-JAM,Male,30,No,Jammu & Kashmir,3,6,,Yes,No,Yes,DSL,No,No,No,No,No,No,No,Yes,Month-to-Month,Yes,Bank Withdrawal,45.349998474121094,141.5,0.0,0,109.44000244140625,250.94000244140625,Churned,Other,Don't know,1
33206-MAD,Female,56,No,Madhya Pradesh,12,33,Deal 5,Yes,Yes,Yes,Fiber Optic,No,Yes,No,No,Yes,No,No,Yes,Month-to-Month,Yes,Bank Withdrawal,91.6500015258789,365.3999938964844,0.0,0,87.23999786376953,452.6400146484375,Churned,Price,Extra data charges,1
33248-TAM,Male,68,Yes,Tamil Nadu,14,2,,Yes,Yes,Yes,Fiber Optic,No,No,Yes,No,No,No,No,Yes,Month-to-Month,Yes,Bank Withdrawal,79.8499984741211,1471.75,0.0,0,318.82000732421875,1790.5699462890625,Churned,Dissatisfaction,Network reliability,1
33250-PUN,Male,54,No,Punjab,14,33,,No,,Yes,DSL,No,No,No,No,No,No,No,Yes,Month-to-Month,No,Bank Withdrawal,24.75,24.75,0.0,0,0.0,24.75,Churned,Competitor,Competitor had better devices,1
33257-TAM,Female,73,Yes,Tamil Nadu,10,35,,Yes,Yes,Yes,Fiber Optic,No,Yes,No,No,No,Yes,Yes,Yes,Month-to-Month,No,Bank Withdrawal,89.5,161.5,0.0,0,94.94000244140625,256.44000244140625,Churned,Attitude,Attitude of support person,1
33296-AND,Male,32,No,Andhra Pradesh,3,36,,Yes,No,Yes,DSL,No,No,No,No,No,No,No,No,Month-to-Month,Yes,Credit Card,-5.0,45.04999923706055,0.0,70,13.84000015258789,128.88999938964844,Churned,Dissatisfaction,Network reliability,1
33304-JAM,Female,58,No,Jammu & Kashmir,0,32,Deal 3,Yes,No,Yes,Fiber Optic,No,Yes,No,No,No,No,No,Yes,Month-to-Month,Yes,Credit Card,73.94999694824219,2524.449951171875,0.0,0,52.70000076293945,2577.14990234375,Churned,Competitor,Competitor made better offer,1
33334-PUN,Female,27,No,Punjab,1,12,,No,,Yes,DSL,Yes,Yes,No,No,No,No,No,Yes,Month-to-Month,Yes,Credit Card,35.45000076293945,106.8499984741211,0.0,0,0.0,106.8499984741211,Churned,Other,Moved,1
33391-MAH,Female,35,Yes,Maharashtra,5,11,,Yes,Yes,Yes,Fiber Optic,No,Yes,No,No,No,Yes,Yes,No,Month-to-Month,Yes,Bank Withdrawal,88.94999694824219,355.20001220703125,0.0,40,193.27999877929688,588.47998046875,Churned,Dissatisfaction,Network reliability,1
33437-MAD,Female,34,No,Madhya Pradesh,13,35,Deal 5,Yes,No,Yes,Fiber Optic,No,No,No,No,No,No,No,Yes,Month-to-Month,Yes,Bank Withdrawal,69.6500015258789,69.6500015258789,0.0,0,28.700000762939453,98.3499984741211,Churned,Dissatisfaction,Network reliability,1
33463-JAM,Female,43,No,Jammu & Kashmir,13,35,Deal 5,Yes,No,Yes,Fiber Optic,No,No,No,No,Yes,Yes,Yes,Yes,Month-to-Month,Yes,Bank Withdrawal,90.4000015258789,168.1999969482422,0.0,0,21.059999465942383,189.25999450683594,Churned,Other,Don't know,1
33490-BIH,Female,43,Yes,Bihar,13,9,,Yes,No,Yes,Fiber Optic,No,No,No,No,No,No,No,Yes,Month-to-Month,Yes,Bank Withdrawal,69.5,69.5,0.0,0,8.3100004196167,77.80999755859375,Churned,Dissatisfaction,Product dissatisfaction,1
33495-UTT,Male,81,No,Uttar Pradesh,14,23,,Yes,Yes,Yes,Fiber Optic,No,No,No,No,Yes,Yes,No,Yes,Month-to-Month,Yes,Bank Withdrawal,93.8499984741211,170.85000610351562,0.0,0,38.540000915527344,209.38999938964844,Churned,Dissatisfaction,Poor expertise of online support,1
33564-JAM,Female,30,No,Jammu & Kashmir,3,10,,Yes,Yes,Yes,Fiber Optic,No,No,No,No,Yes,No,No,Yes,Month-to-Month,Yes,Bank Withdrawal,86.44999694824219,3029.10009765625,0.0,0,667.4500122070312,3696.550048828125,Churned,Competitor,Competitor made better offer,1
33573-DEL,Female,20,Yes,Delhi,7,11,Deal 1,Yes,Yes,Yes,Fiber Optic,No,Yes,Yes,Yes,Yes,Yes,Yes,No,One Year,Yes,Bank Withdrawal,109.5,7674.5498046875,0.0,150,2931.60009765625,10756.150390625,Churned,Attitude,Attitude of service provider,1
33575-UTT,Male,83,Yes,Uttar Pradesh,2,25,Deal 3,Yes,No,Yes,Fiber Optic,No,No,Yes,No,Yes,No,No,Yes,Month-to-Month,Yes,Credit Card,85.19999694824219,2874.449951171875,0.0,0,1008.4400024414062,3882.889892578125,Stayed,Others,Others,1
33602-WES,Male,39,Yes,West Bengal,10,36,,Yes,No,Yes,DSL,No,No,No,Yes,No,Yes,Yes,Yes,Month-to-Month,No,Credit Card,61.45000076293945,229.5500030517578,0.0,0,108.95999908447266,338.510009765625,Churned,Price,Price too high,1
33621-MAD,Female,42,No,Madhya Pradesh,13,12,Deal 5,Yes,No,Yes,Fiber Optic,No,No,No,No,No,No,No,No,Month-to-Month,Yes,Bank Withdrawal,70.3499984741211,120.25,0.0,20,15.399999618530273,155.64999389648438,Joined,,,1
33672-JAM,Male,62,Yes,Jammu & Kashmir,9,4,,Yes,Yes,Yes,Fiber Optic,No,Yes,Yes,No,Yes,Yes,Yes,Yes,Month-to-Month,Yes,Bank Withdrawal,103.4000015258789,6603.0,0.0,0,3083.85009765625,9686.849609375,Churned,Competitor,Competitor made better offer,1
33710-GUJ,Female,37,No,Gujarat,0,8,,Yes,No,Yes,Fiber Optic,No,No,Yes,No,No,No,No,Yes,Month-to-Month,Yes,Bank Withdrawal,75.1500015258789,496.8999938964844,0.0,0,60.83000183105469,557.72998046875,Churned,Dissatisfaction,Service dissatisfaction,1
33717-JAM,Male,42,No,Jammu & Kashmir,10,29,,Yes,Yes,Yes,Fiber Optic,No,No,No,No,Yes,No,No,Yes,Month-to-Month,No,Bank Withdrawal,85.44999694824219,4517.25,0.0,0,870.7899780273438,5388.0400390625,Churned,Other,Don't know,1
33720-BIH,Female,84,Yes,Bihar,9,24,Deal 2,Yes,Yes,Yes,Fiber Optic,No,Yes,No,No,Yes,No,No,No,Month-to-Month,Yes,Bank Withdrawal,88.05000305175781,4367.35009765625,0.0,100,1856.0,6323.35009765625,Churned,Competitor,Competitor made better offer,1
33761-HAR,Female,45,Yes,Haryana,5,11,Deal 5,Yes,No,Yes,Fiber Optic,No,No,No,No,No,Yes,Yes,Yes,Month-to-Month,Yes,Bank Withdrawal,81.94999694824219,81.94999694824219,0.0,0,44.939998626708984,126.88999938964844,Churned,Competitor,Competitor had better devices,1
33773-UTT,Male,58,Yes,Uttar Pradesh,3,6,Deal 5,Yes,No,No,,,,,,,,,,Month-to-Month,No,Credit Card,20.600000381469727,20.600000381469727,0.0,0,1.4800000190734863,22.079999923706055,Joined,,,1
33776-BIH,Male,32,Yes,Bihar,6,10,,Yes,No,No,,,,,,,,,,Month-to-Month,No,Credit Card,19.200000762939453,19.200000762939453,0.0,0,35.880001068115234,55.08000183105469,Joined,,,1
33799-CHH,Female,23,No,Chhattisgarh,10,2,Deal 5,Yes,No,Yes,Fiber Optic,No,Yes,No,Yes,Yes,No,Yes,Yes,Month-to-Month,No,Bank Withdrawal,91.69999694824219,91.69999694824219,0.0,0,17.229999542236328,108.93000030517578,Churned,Attitude,Attitude of service provider,1
33855-HAR,Female,25,No,Haryana,10,16,,No,,Yes,DSL,No,Yes,No,No,No,No,No,Yes,Month-to-Month,No,Bank Withdrawal,30.200000762939453,30.200000762939453,0.0,0,0.0,30.200000762939453,Churned,Competitor,Competitor had better devices,1
33878-KER,Male,53,Yes,Kerala,5,10,,Yes,No,Yes,DSL,No,No,No,No,Yes,No,No,Yes,Month-to-Month,No,Bank Withdrawal,56.150001525878906,2499.300048828125,0.0,0,1601.75,4101.0498046875,Churned,Other,Don't know,1
33916-JAM,Female,39,Yes,Jammu & Kashmir,7,21,,Yes,No,Yes,Fiber Optic,No,No,No,No,No,Yes,Yes,Yes,Month-to-Month,Yes,Bank Withdrawal,80.25,846.0,0.0,0,271.0,1117.0,Churned,Competitor,Competitor made better offer,1
33928-MAH,Female,70,No,Maharashtra,11,18,,Yes,Yes,Yes,Fiber Optic,No,No,Yes,No,No,Yes,Yes,Yes,Month-to-Month,Yes,Bank Withdrawal,88.55000305175781,179.25,0.0,0,43.13999938964844,222.38999938964844,Churned,Competitor,Competitor had better devices,1
33993-ODI,Male,59,No,Odisha,3,13,Deal 1,Yes,Yes,Yes,Fiber Optic,Yes,Yes,Yes,No,Yes,Yes,Yes,Yes,One Year,Yes,Bank Withdrawal,111.30000305175781,7482.10009765625,0.0,0,1959.0799560546875,9441.1796875,Churned,Attitude,Attitude of support person,1
34005-UTT,Female,74,Yes,Uttar Pradesh,2,35,Deal 3,Yes,Yes,Yes,Fiber Optic,No,No,No,No,Yes,Yes,No,No,Month-to-Month,Yes,Bank Withdrawal,95.6500015258789,3759.050048828125,0.0,150,1635.27001953125,5544.31982421875,Churned,Other,Don't know,1
34024-AND,Female,45,Yes,Andhra Pradesh,4,21,,Yes,No,No,,,,,,,,,,Month-to-Month,No,Credit Card,20.049999237060547,20.049999237060547,0.0,0,7.659999847412109,27.709999084472656,Joined,,,1
34101-TAM,Female,41,No,Tamil Nadu,5,35,,Yes,No,No,,,,,,,,,,Month-to-Month,No,Bank Withdrawal,20.200000762939453,50.599998474121094,0.0,0,55.290000915527344,105.88999938964844,Joined,,,1
34110-MAH,Female,20,Yes,Maharashtra,6,3,,Yes,Yes,Yes,Cable,No,No,No,No,No,No,No,Yes,Month-to-Month,Yes,Bank Withdrawal,50.099998474121094,50.099998474121094,0.0,0,29.1299991607666,79.2300033569336,Joined,,,1
34135-JAM,Female,64,Yes,Jammu & Kashmir,7,14,,Yes,Yes,Yes,Fiber Optic,No,No,Yes,Yes,Yes,Yes,Yes,Yes,Month-to-Month,Yes,Bank Withdrawal,105.0,4026.39990234375,0.0,0,725.0399780273438,4751.43994140625,Churned,Other,Don't know,1
34169-RAJ,Male,51,Yes,Rajasthan,14,30,Deal 5,Yes,Yes,No,,,,,,,,,,Month-to-Month,No,Credit Card,24.850000381469727,62.0,0.0,0,80.5,142.5,Joined,,,1
34183-UTT,Male,52,No,Uttar Pradesh,1,28,,Yes,No,Yes,Fiber Optic,No,Yes,No,Yes,Yes,Yes,Yes,Yes,One Year,No,Bank Withdrawal,100.0,1888.6500244140625,0.0,0,835.0499877929688,2723.699951171875,Churned,Competitor,Competitor offered more data,1
34205-UTT,Male,50,No,Uttar Pradesh,5,29,Deal 5,Yes,No,Yes,Fiber Optic,No,No,No,No,No,No,No,Yes,Month-to-Month,No,Bank Withdrawal,69.94999694824219,330.1499938964844,0.0,0,85.4000015258789,415.54998779296875,Churned,Attitude,Attitude of service provider,1
34258-JAM,Female,24,No,Jammu & Kashmir,7,5,,Yes,No,Yes,Cable,No,No,Yes,Yes,No,No,No,Yes,Month-to-Month,No,Credit Card,55.20000076293945,528.3499755859375,0.0,0,94.0999984741211,622.4500122070312,Churned,Competitor,Competitor made better offer,1
34278-UTT,Female,56,No,Uttar Pradesh,13,32,Deal 4,Yes,No,Yes,Fiber Optic,No,Yes,No,Yes,No,Yes,Yes,No,Month-to-Month,Yes,Credit Card,89.6500015258789,1208.3499755859375,0.0,120,106.68000030517578,1435.030029296875,Churned,Competitor,Competitor had better devices,1
34284-UTT,Female,82,No,Uttar Pradesh,5,25,Deal 3,Yes,Yes,Yes,Fiber Optic,No,No,No,No,No,No,No,Yes,Month-to-Month,Yes,Bank Withdrawal,76.25,2841.550048828125,0.0,0,997.1500244140625,3838.699951171875,Churned,Other,Don't know,1
34319-UTT,Male,40,Yes,Uttar Pradesh,12,25,Deal 5,Yes,No,Yes,DSL,No,Yes,No,No,No,No,No,Yes,Month-to-Month,Yes,Credit Card,50.150001525878906,50.150001525878906,0.0,0,20.299999237060547,70.44999694824219,Joined,,,1
34402-MAD,Female,44,No,Madhya Pradesh,5,36,Deal 5,Yes,Yes,Yes,Fiber Optic,No,No,No,No,Yes,Yes,Yes,Yes,Month-to-Month,Yes,Bank Withdrawal,93.55000305175781,536.4000244140625,0.0,0,262.79998779296875,799.2000122070312,Churned,Other,Moved,1
34493-PUD,Female,19,No,Puducherry,14,8,Deal 1,Yes,Yes,Yes,Fiber Optic,Yes,Yes,Yes,Yes,Yes,Yes,Yes,Yes,Two Year,Yes,Bank Withdrawal,114.19999694824219,7723.89990234375,48.540000915527344,0,1174.5999755859375,8849.9599609375,Churned,Price,Price too high,1
34580-MAH,Male,62,No,Maharashtra,6,32,Deal 5,Yes,No,Yes,DSL,Yes,Yes,No,Yes,No,No,No,No,Month-to-Month,Yes,Bank Withdrawal,60.0,60.0,0.0,10,43.47999954223633,113.4800033569336,Churned,Attitude,Attitude of service provider,1
34622-WES,Female,59,No,West Bengal,12,24,,Yes,Yes,Yes,Fiber Optic,No,No,No,No,No,No,No,Yes,Month-to-Month,Yes,Bank Withdrawal,74.94999694824219,2149.050048828125,0.0,0,156.30999755859375,2305.360107421875,Stayed,Others,Others,1
34695-JAM,Female,64,No,Jammu & Kashmir,6,22,Deal 5,Yes,No,Yes,Fiber Optic,No,No,No,No,Yes,Yes,Yes,Yes,Month-to-Month,No,Bank Withdrawal,89.44999694824219,853.0999755859375,0.0,0,238.58999633789062,1091.68994140625,Churned,Competitor,Competitor made better offer,1
34713-KER,Male,58,Yes,Kerala,1,29,Deal 5,Yes,Yes,Yes,Fiber Optic,Yes,No,No,No,No,Yes,Yes,Yes,Month-to-Month,No,Credit Card,90.75,174.75,0.0,0,54.34000015258789,229.08999633789062,Joined,,,1
34729-MAH,Female,49,No,Maharashtra,4,19,,Yes,Yes,Yes,Fiber Optic,No,No,No,No,Yes,Yes,Yes,Yes,Month-to-Month,Yes,Mailed Check,93.9000015258789,486.8500061035156,0.0,0,232.25,719.0999755859375,Churned,Other,Don't know,1
34756-PUN,Male,54,Yes,Punjab,8,13,Deal 5,Yes,No,Yes,Fiber Optic,No,No,No,No,No,No,No,Yes,Month-to-Month,Yes,Bank Withdrawal,70.30000305175781,70.30000305175781,0.0,0,15.920000076293945,86.22000122070312,Churned,Dissatisfaction,Service dissatisfaction,1
34812-BIH,Female,83,No,Bihar,12,19,Deal 1,Yes,Yes,Yes,Fiber Optic,No,No,Yes,No,Yes,Yes,No,Yes,Month-to-Month,Yes,Credit Card,99.5,6822.14990234375,0.0,0,1904.760009765625,8726.91015625,Churned,Competitor,Competitor had better devices,1
35000-MAH,Male,77,Yes,Maharashtra,1,7,,Yes,Yes,Yes,Fiber Optic,No,No,No,No,No,No,No,Yes,Month-to-Month,Yes,Bank Withdrawal,74.30000305175781,1096.25,0.0,0,490.9800109863281,1587.22998046875,Churned,Dissatisfaction,Service dissatisfaction,1
35004-RAJ,Male,28,No,Rajasthan,4,32,Deal 5,Yes,No,Yes,Fiber Optic,No,No,No,No,Yes,Yes,Yes,No,Month-to-Month,No,Bank Withdrawal,90.55000305175781,90.55000305175781,0.0,60,15.4399995803833,165.99000549316406,Churned,Competitor,Competitor made better offer,1
35016-ODI,Male,49,Yes,Odisha,15,1,Deal 5,No,,Yes,Cable,No,No,No,No,No,Yes,Yes,Yes,Month-to-Month,No,Bank Withdrawal,35.900001525878906,35.900001525878906,0.0,0,0.0,35.900001525878906,Churned,Competitor,Competitor offered higher download speeds,1
35075-PUN,Male,64,Yes,Punjab,5,9,,Yes,No,Yes,Cable,No,No,Yes,Yes,No,No,No,Yes,Month-to-Month,No,Credit Card,55.04999923706055,55.04999923706055,0.0,0,14.649999618530273,69.69999694824219,Joined,,,1
35146-HAR,Female,21,No,Haryana,0,3,,Yes,Yes,Yes,Fiber Optic,No,No,No,No,No,Yes,Yes,Yes,Month-to-Month,Yes,Credit Card,85.44999694824219,85.44999694824219,0.0,0,31.030000686645508,116.4800033569336,Churned,Price,Price too high,1
35152-HAR,Female,42,No,Haryana,7,31,Deal 1,Yes,Yes,Yes,Fiber Optic,No,Yes,Yes,No,Yes,Yes,Yes,No,One Year,Yes,Credit Card,102.44999694824219,6615.14990234375,0.0,130,3218.820068359375,9963.9697265625,Churned,Competitor,Competitor had better devices,1
35197-TEL,Female,78,Yes,Telangana,14,27,,Yes,No,Yes,Fiber Optic,No,No,No,No,No,No,No,Yes,Month-to-Month,Yes,Bank Withdrawal,69.25,69.25,0.0,0,37.29999923706055,106.55000305175781,Churned,Competitor,Competitor had better devices,1
35237-MAH,Male,68,No,Maharashtra,0,2,,Yes,No,Yes,Fiber Optic,No,No,No,No,No,No,No,Yes,Month-to-Month,Yes,Bank Withdrawal,69.3499984741211,69.3499984741211,0.0,0,45.86000061035156,115.20999908447266,Churned,Price,Long distance charges,1
35279-BIH,Male,57,Yes,Bihar,0,19,,Yes,Yes,Yes,Fiber Optic,No,Yes,Yes,Yes,Yes,Yes,Yes,No,Month-to-Month,No,Bank Withdrawal,111.0999984741211,6014.85009765625,0.0,50,2523.9599609375,8588.8095703125,Churned,Dissatisfaction,Product dissatisfaction,1
35279-HAR,Female,43,No,Haryana,11,6,,Yes,No,Yes,DSL,No,No,Yes,No,No,Yes,Yes,Yes,Month-to-Month,No,Bank Withdrawal,59.20000076293945,59.20000076293945,0.0,0,13.579999923706055,72.77999877929688,Churned,Dissatisfaction,Service dissatisfaction,1
35401-UTT,Female,42,Yes,Uttar Pradesh,13,26,,Yes,No,Yes,Cable,No,No,No,No,No,No,No,No,Month-to-Month,No,Bank Withdrawal,71.3499984741211,71.3499984741211,0.0,0,40.400001525878906,111.75,Churned,Dissatisfaction,Poor expertise of phone support,1
35520-ASS,Female,25,No,Assam,7,3,,Yes,No,Yes,Fiber Optic,No,No,No,No,No,Yes,Yes,Yes,Month-to-Month,No,Bank Withdrawal,80.5,80.5,0.0,0,35.77000045776367,116.2699966430664,Churned,Dissatisfaction,Product dissatisfaction,1
35607-WES,Female,29,Yes,West Bengal,6,2,,No,,Yes,DSL,No,No,No,No,No,No,No,Yes,Month-to-Month,Yes,Bank Withdrawal,23.899999618530273,300.79998779296875,0.0,0,0.0,300.79998779296875,Churned,Dissatisfaction,Limited range of services,1
35635-TEL,Female,26,Yes,Telangana,10,5,,Yes,No,No,,,,,,,,,,Month-to-Month,No,Mailed Check,20.399999618530273,20.399999618530273,0.0,0,17.809999465942383,38.209999084472656,Joined,,,1
35656-AND,Male,44,Yes,Andhra Pradesh,7,27,,Yes,Yes,Yes,DSL,Yes,No,Yes,No,Yes,Yes,Yes,Yes,Two Year,Yes,Bank Withdrawal,79.69999694824219,5293.39990234375,0.0,0,2865.590087890625,8158.990234375,Churned,Price,Price too high,1
35658-JHA,Male,35,No,Jharkhand,2,16,,Yes,No,No,,,,,,,,,,Month-to-Month,No,Mailed Check,20.450000762939453,20.450000762939453,0.0,0,39.61000061035156,60.060001373291016,Joined,,,1
35700-MAH,Female,55,No,Maharashtra,9,32,Deal 5,Yes,No,Yes,Fiber Optic,No,No,No,No,No,No,No,Yes,Month-to-Month,Yes,Bank Withdrawal,69.9000015258789,69.9000015258789,0.0,0,45.65999984741211,115.55999755859375,Churned,Competitor,Competitor offered higher download speeds,1
35773-TAM,Female,43,Yes,Tamil Nadu,6,21,,Yes,No,Yes,Cable,Yes,No,No,No,No,No,No,No,Month-to-Month,Yes,Bank Withdrawal,49.400001525878906,184.39999389648438,0.0,10,39.08000183105469,233.47999572753906,Churned,Other,Don't know,1
35816-UTT,Male,43,No,Uttar Pradesh,7,4,,Yes,No,Yes,DSL,No,No,No,No,No,Yes,Yes,Yes,Month-to-Month,Yes,Mailed Check,54.75,54.75,0.0,0,13.010000228881836,67.76000213623047,Churned,Dissatisfaction,Network reliability,1
35841-KAR,Female,53,No,Karnataka,5,4,Deal 5,Yes,Yes,Yes,Fiber Optic,No,Yes,No,Yes,No,No,No,Yes,Month-to-Month,Yes,Bank Withdrawal,85.4000015258789,401.1000061035156,45.369998931884766,0,211.4499969482422,567.1799926757812,Churned,Dissatisfaction,Network reliability,1
35885-MAD,Female,55,No,Madhya Pradesh,9,25,,Yes,No,Yes,Cable,Yes,No,No,No,No,No,No,Yes,Month-to-Month,Yes,Mailed Check,51.0,354.04998779296875,0.0,0,241.42999267578125,595.47998046875,Churned,Attitude,Attitude of service provider,1
36017-TAM,Female,52,Yes,Tamil Nadu,15,23,,Yes,No,No,,,,,,,,,,Month-to-Month,No,Credit Card,19.549999237060547,19.549999237060547,0.0,0,40.630001068115234,60.18000030517578,Joined,,,1
36159-CHH,Female,43,No,Chhattisgarh,1,28,Deal 4,Yes,Yes,Yes,Fiber Optic,No,Yes,No,No,No,No,No,Yes,Month-to-Month,Yes,Bank Withdrawal,80.5,896.9000244140625,0.0,0,126.5,1023.4000244140625,Churned,Dissatisfaction,Product dissatisfaction,1
36267-UTT,Female,47,No,Uttar Pradesh,6,3,,Yes,Yes,Yes,DSL,Yes,No,No,No,No,No,No,No,Month-to-Month,Yes,Bank Withdrawal,55.650001525878906,1400.550048828125,0.0,60,215.75999450683594,1676.31005859375,Churned,Competitor,Competitor had better devices,1
36284-ODI,Male,43,Yes,Odisha,4,13,,Yes,No,Yes,DSL,No,No,No,No,No,No,No,Yes,Month-to-Month,No,Bank Withdrawal,44.54999923706055,44.54999923706055,0.0,0,41.099998474121094,85.6500015258789,Joined,,,1
36312-MAH,Male,22,Yes,Maharashtra,4,10,Deal 4,Yes,No,Yes,Fiber Optic,No,No,Yes,No,Yes,Yes,Yes,Yes,Month-to-Month,Yes,Bank Withdrawal,94.9000015258789,1048.8499755859375,0.0,0,402.20001220703125,1451.050048828125,Churned,Competitor,Competitor had better devices,1
36323-UTT,Female,48,No,Uttar Pradesh,14,11,,Yes,No,No,,,,,,,,,,One Year,No,Bank Withdrawal,20.5,38.25,0.0,0,62.02000045776367,100.2699966430664,Joined,,,1
36325-KAR,Female,23,No,Karnataka,15,4,Deal 4,Yes,No,No,,,,,,,,,,Month-to-Month,No,Bank Withdrawal,20.25,327.45001220703125,0.0,0,336.6400146484375,664.0900268554688,Churned,Price,Long distance charges,1
36339-UTT,Female,54,No,Uttar Pradesh,14,7,Deal 5,Yes,No,No,,,,,,,,,,Month-to-Month,Yes,Credit Card,19.899999618530273,45.75,0.0,0,124.08000183105469,169.8300018310547,Joined,,,1
36372-JAM,Male,41,No,Jammu & Kashmir,9,27,,Yes,No,Yes,DSL,No,No,No,No,No,No,No,Yes,Month-to-Month,No,Bank Withdrawal,45.150001525878906,416.45001220703125,0.0,0,140.5800018310547,557.030029296875,Churned,Dissatisfaction,Product dissatisfaction,1
36379-JAM,Male,41,Yes,Jammu & Kashmir,12,28,Deal 5,Yes,No,No,,,,,,,,,,One Year,No,Mailed Check,19.850000381469727,35.900001525878906,0.0,0,30.280000686645508,66.18000030517578,Churned,Attitude,Attitude of support person,1
36423-MAH,Male,66,Yes,Maharashtra,3,17,,Yes,No,Yes,Cable,No,No,No,No,Yes,No,No,Yes,Month-to-Month,Yes,Credit Card,53.54999923706055,53.54999923706055,0.0,0,1.590000033378601,55.13999938964844,Churned,Price,Lack of affordable download/upload speed,1
36440-JHA,Female,78,Yes,Jharkhand,3,26,,Yes,No,Yes,Fiber Optic,No,No,No,No,Yes,Yes,Yes,Yes,Month-to-Month,Yes,Mailed Check,89.55000305175781,3856.75,0.0,0,1682.1600341796875,5538.91015625,Churned,Dissatisfaction,Network reliability,1
36479-ODI,Female,71,Yes,Odisha,2,15,,Yes,Yes,Yes,Fiber Optic,No,Yes,No,No,No,No,No,Yes,Month-to-Month,Yes,Bank Withdrawal,79.5,4370.25,0.0,0,2471.580078125,6841.830078125,Churned,Attitude,Attitude of support person,1
36483-KAR,Male,42,No,Karnataka,2,14,,Yes,No,No,,,,,,,,,,Month-to-Month,No,Credit Card,19.75,19.75,0.0,0,15.770000457763672,35.52000045776367,Joined,,,1
36531-JAM,Male,58,No,Jammu & Kashmir,6,14,Deal 5,Yes,No,Yes,Fiber Optic,No,No,Yes,No,Yes,Yes,Yes,Yes,Month-to-Month,No,Bank Withdrawal,96.5,492.54998779296875,0.0,0,104.30000305175781,596.8499755859375,Churned,Competitor,Competitor made better offer,1
36574-WES,Female,51,Yes,West Bengal,7,26,,Yes,No,Yes,Fiber Optic,No,Yes,No,No,No,No,No,Yes,Month-to-Month,No,Bank Withdrawal,75.80000305175781,75.80000305175781,0.0,0,14.479999542236328,90.27999877929688,Churned,Competitor,Competitor had better devices,1
36589-UTT,Female,56,No,Uttar Pradesh,13,29,Deal 5,Yes,No,No,,,,,,,,,,Month-to-Month,No,Credit Card,20.899999618530273,20.899999618530273,0.0,0,15.510000228881836,36.40999984741211,Churned,Dissatisfaction,Limited range of services,1
36618-TEL,Female,83,No,Telangana,14,11,,Yes,Yes,Yes,Fiber Optic,No,Yes,Yes,No,No,No,No,Yes,Month-to-Month,Yes,Bank Withdrawal,85.19999694824219,3969.35009765625,0.0,0,791.010009765625,4760.35986328125,Churned,Price,Price too high,1
36628-GUJ,Female,44,Yes,Gujarat,7,1,Deal 5,Yes,No,Yes,Fiber Optic,Yes,No,No,Yes,No,No,No,Yes,Month-to-Month,Yes,Bank Withdrawal,80.1500015258789,194.5500030517578,0.0,0,53.15999984741211,247.7100067138672,Joined,,,1
36756-MAD,Male,64,Yes,Madhya Pradesh,15,33,,No,,Yes,Cable,No,No,No,No,No,No,No,Yes,Month-to-Month,Yes,Bank Withdrawal,25.100000381469727,25.100000381469727,0.0,0,0.0,25.100000381469727,Churned,Competitor,Competitor made better offer,1
36760-GUJ,Female,20,Yes,Gujarat,14,6,,Yes,Yes,Yes,Fiber Optic,No,No,No,No,No,Yes,Yes,Yes,Month-to-Month,No,Bank Withdrawal,85.5999984741211,1868.4000244140625,0.0,0,226.32000732421875,2094.719970703125,Stayed,Others,Others,1
36808-KAR,Female,29,No,Karnataka,11,14,,Yes,No,Yes,Cable,No,Yes,No,No,Yes,No,No,Yes,Month-to-Month,Yes,Bank Withdrawal,83.55000305175781,680.0499877929688,0.0,0,258.55999755859375,938.6099853515625,Churned,Dissatisfaction,Product dissatisfaction,1
36829-HAR,Female,66,Yes,Haryana,10,28,,Yes,Yes,Yes,Fiber Optic,No,Yes,Yes,No,Yes,Yes,Yes,No,Month-to-Month,Yes,Bank Withdrawal,106.30000305175781,4443.4501953125,0.0,130,427.6300048828125,5001.080078125,Churned,Price,Price too high,1
36832-UTT,Male,31,No,Uttar Pradesh,11,1,Deal 3,Yes,Yes,Yes,Fiber Optic,No,Yes,No,No,No,No,No,Yes,Month-to-Month,Yes,Bank Withdrawal,80.1500015258789,2265.25,0.0,0,754.8699951171875,3020.1201171875,Churned,Attitude,Attitude of support person,1
36839-MAD,Female,29,No,Madhya Pradesh,1,12,Deal 5,Yes,Yes,Yes,Fiber Optic,Yes,No,No,No,No,No,No,Yes,Month-to-Month,Yes,Bank Withdrawal,81.69999694824219,81.69999694824219,0.0,0,9.8100004196167,91.51000213623047,Churned,Dissatisfaction,Service dissatisfaction,1
36853-MAH,Female,27,No,Maharashtra,8,2,,Yes,Yes,Yes,Fiber Optic,No,Yes,Yes,No,Yes,Yes,Yes,Yes,Month-to-Month,Yes,Bank Withdrawal,101.9000015258789,3545.35009765625,0.0,0,889.47998046875,4434.830078125,Churned,Dissatisfaction,Lack of self-service on Website,1
36962-WES,Male,76,No,West Bengal,10,25,,Yes,Yes,Yes,Fiber Optic,No,No,No,No,No,Yes,No,Yes,Month-to-Month,Yes,Credit Card,84.80000305175781,906.8499755859375,0.0,0,45.099998474121094,951.9500122070312,Churned,Price,Extra data charges,1
36981-UTT,Male,68,No,Uttarakhand,0,9,Deal 4,Yes,Yes,Yes,Fiber Optic,No,No,No,No,No,No,No,Yes,Month-to-Month,No,Bank Withdrawal,75.6500015258789,1146.6500244140625,0.0,0,695.7000122070312,1842.3499755859375,Churned,Attitude,Attitude of support person,1
37034-RAJ,Female,58,Yes,Rajasthan,2,8,,Yes,No,Yes,Fiber Optic,No,No,No,No,Yes,No,No,Yes,Month-to-Month,Yes,Bank Withdrawal,79.55000305175781,79.55000305175781,0.0,0,4.039999961853027,83.58999633789062,Churned,Other,Don't know,1
37047-DEL,Male,80,Yes,Delhi,2,34,,No,,Yes,DSL,No,Yes,No,No,Yes,Yes,Yes,No,Month-to-Month,Yes,Bank Withdrawal,49.150001525878906,2550.89990234375,0.0,30,0.0,2580.89990234375,Churned,Competitor,Competitor made better offer,1
37071-KER,Female,48,No,Kerala,6,33,Deal 5,No,,Yes,Cable,Yes,No,No,No,No,No,No,Yes,Month-to-Month,No,Credit Card,-4.0,91.69999694824219,0.0,0,0.0,91.69999694824219,Churned,Attitude,Attitude of support person,1
37116-HAR,Female,63,No,Haryana,6,15,,Yes,No,Yes,DSL,No,No,Yes,No,No,No,No,Yes,Month-to-Month,No,Bank Withdrawal,-4.0,340.25,0.0,0,35.90999984741211,376.1600036621094,Churned,Other,Don't know,1
37131-MAH,Male,52,No,Maharashtra,6,2,,Yes,No,Yes,Fiber Optic,No,No,No,No,Yes,Yes,Yes,Yes,Month-to-Month,Yes,Bank Withdrawal,89.25,89.25,0.0,0,16.639999389648438,105.88999938964844,Joined,,,1
37148-BIH,Female,42,No,Bihar,6,2,,Yes,No,Yes,Fiber Optic,No,No,No,No,No,No,No,Yes,Month-to-Month,Yes,Bank Withdrawal,70.05000305175781,70.05000305175781,0.0,0,27.889999389648438,97.94000244140625,Churned,Attitude,Attitude of support person,1
37230-TEL,Female,19,No,Telangana,10,9,,Yes,Yes,Yes,DSL,No,No,No,No,No,No,No,Yes,Month-to-Month,No,Bank Withdrawal,50.70000076293945,214.5500030517578,39.91999816894531,0,65.0,239.6300048828125,Stayed,Others,Others,1
37251-AND,Female,31,No,Andhra Pradesh,12,26,Deal 1,Yes,Yes,Yes,Fiber Optic,No,Yes,Yes,Yes,Yes,Yes,Yes,Yes,Two Year,Yes,Bank Withdrawal,110.0,7611.85009765625,0.0,0,1005.719970703125,8617.5703125,Churned,Competitor,Competitor had better devices,1
37270-MAH,Male,36,No,Maharashtra,10,18,,No,,Yes,DSL,No,No,No,No,No,Yes,Yes,Yes,Month-to-Month,Yes,Bank Withdrawal,35.54999923706055,35.54999923706055,0.0,0,0.0,35.54999923706055,Churned,Other,Don't know,1
37338-RAJ,Male,48,Yes,Rajasthan,7,9,,Yes,No,Yes,Fiber Optic,No,No,Yes,No,Yes,Yes,Yes,No,Month-to-Month,Yes,Bank Withdrawal,94.69999694824219,740.2999877929688,0.0,80,155.9199981689453,976.219970703125,Churned,Competitor,Competitor offered more data,1
37453-JAM,Male,73,No,Jammu & Kashmir,13,2,Deal 3,Yes,No,Yes,Cable,No,No,Yes,No,Yes,Yes,Yes,Yes,Month-to-Month,Yes,Bank Withdrawal,93.1500015258789,2231.050048828125,0.0,0,386.3999938964844,2617.449951171875,Churned,Competitor,Competitor made better offer,1
37529-MAH,Female,72,No,Maharashtra,6,4,,Yes,Yes,Yes,Fiber Optic,No,No,No,No,No,No,No,Yes,Month-to-Month,Yes,Bank Withdrawal,77.0,237.75,0.0,0,145.02000427246094,382.7699890136719,Churned,Competitor,Competitor had better devices,1
37569-KER,Male,34,Yes,Kerala,9,32,Deal 5,Yes,Yes,Yes,Fiber Optic,Yes,No,No,No,No,Yes,Yes,Yes,Month-to-Month,Yes,Bank Withdrawal,89.1500015258789,413.25,0.0,0,78.69999694824219,491.95001220703125,Stayed,Others,Others,1
37598-UTT,Male,63,No,Uttar Pradesh,5,30,,Yes,Yes,Yes,Fiber Optic,No,Yes,Yes,No,Yes,No,No,Yes,Month-to-Month,Yes,Bank Withdrawal,95.75,5742.89990234375,0.0,0,2113.199951171875,7856.10009765625,Churned,Dissatisfaction,Service dissatisfaction,1
37635-JAM,Female,47,Yes,Jammu & Kashmir,13,27,Deal 4,Yes,Yes,Yes,DSL,Yes,No,No,No,No,Yes,Yes,Yes,Month-to-Month,Yes,Bank Withdrawal,64.6500015258789,994.5499877929688,0.0,0,713.5499877929688,1708.0999755859375,Churned,Competitor,Competitor made better offer,1
37657-KER,Female,57,Yes,Kerala,7,27,Deal 4,Yes,No,Yes,Fiber Optic,No,No,No,No,Yes,Yes,Yes,No,Month-to-Month,Yes,Bank Withdrawal,91.0999984741211,1135.699951171875,0.0,80,70.58999633789062,1286.2900390625,Churned,Attitude,Attitude of support person,1
37660-WES,Female,23,Yes,West Bengal,7,7,Deal 3,Yes,Yes,Yes,Cable,Yes,No,Yes,Yes,Yes,Yes,Yes,No,One Year,Yes,Credit Card,85.94999694824219,3110.10009765625,0.0,0,308.0,3418.10009765625,Churned,Price,Extra data charges,1
37708-BIH,Female,71,Yes,Bihar,4,30,,Yes,Yes,Yes,Fiber Optic,No,No,No,No,No,No,No,Yes,Month-to-Month,Yes,Bank Withdrawal,75.5,1893.949951171875,0.0,0,286.20001220703125,2180.14990234375,Churned,Competitor,Competitor had better devices,1
37791-HAR,Male,75,No,Haryana,10,12,,Yes,No,Yes,Cable,Yes,No,Yes,No,Yes,No,No,Yes,Month-to-Month,No,Bank Withdrawal,66.4000015258789,94.55000305175781,0.0,0,11.140000343322754,105.69000244140625,Churned,Price,Long distance charges,1
37799-TAM,Female,37,No,Tamil Nadu,7,31,Deal 4,Yes,No,Yes,Fiber Optic,No,No,Yes,Yes,Yes,Yes,Yes,Yes,One Year,No,Bank Withdrawal,98.5999984741211,1704.949951171875,0.0,0,91.80000305175781,1796.75,Churned,Competitor,Competitor had better devices,1
37816-JAM,Female,73,No,Jammu & Kashmir,2,3,Deal 4,Yes,No,Yes,Fiber Optic,No,Yes,No,No,Yes,Yes,No,Yes,Month-to-Month,Yes,Bank Withdrawal,94.75,2293.60009765625,0.0,0,716.9099731445312,3010.510009765625,Churned,Competitor,Competitor made better offer,1
37857-KAR,Male,64,No,Karnataka,3,27,,Yes,No,Yes,Fiber Optic,No,Yes,Yes,No,Yes,Yes,Yes,Yes,Month-to-Month,Yes,Credit Card,99.30000305175781,2431.35009765625,0.0,0,1079.0400390625,3510.389892578125,Churned,Competitor,Competitor offered more data,1
37882-WES,Female,78,Yes,West Bengal,1,11,Deal 3,Yes,Yes,Yes,Fiber Optic,No,Yes,Yes,No,Yes,Yes,No,Yes,Month-to-Month,Yes,Bank Withdrawal,106.1500015258789,3152.5,0.0,0,270.760009765625,3423.260009765625,Churned,Competitor,Competitor offered more data,1
37901-PUN,Female,29,No,Punjab,7,6,Deal 5,Yes,No,Yes,Fiber Optic,No,No,No,No,Yes,No,No,No,Month-to-Month,No,Bank Withdrawal,79.25,267.6000061035156,0.0,10,149.27999877929688,426.8800048828125,Churned,Competitor,Competitor offered higher download speeds,1
38256-ODI,Male,47,Yes,Odisha,8,26,,Yes,No,Yes,Fiber Optic,No,No,No,No,No,No,No,Yes,Month-to-Month,No,Bank Withdrawal,71.0,672.5499877929688,8.350000381469727,0,220.67999267578125,884.8800048828125,Churned,Competitor,Competitor offered more data,1
38353-PUN,Male,43,Yes,Punjab,12,23,,No,,Yes,Cable,No,Yes,No,No,Yes,Yes,Yes,No,Two Year,No,Bank Withdrawal,49.349998474121094,3515.25,0.0,100,0.0,3615.25,Churned,Dissatisfaction,Product dissatisfaction,1
38354-ASS,Female,31,Yes,Assam,2,26,Deal 5,Yes,Yes,Yes,DSL,No,No,Yes,No,No,No,No,Yes,Month-to-Month,No,Bank Withdrawal,54.349998474121094,54.349998474121094,0.0,0,25.389999389648438,79.73999786376953,Churned,Attitude,Attitude of service provider,1
38364-TEL,Male,26,Yes,Telangana,15,25,Deal 3,Yes,Yes,Yes,Cable,Yes,No,Yes,Yes,No,No,No,No,Month-to-Month,No,Credit Card,65.25,1994.300048828125,0.0,120,965.3400268554688,3079.639892578125,Churned,Competitor,Competitor offered higher download speeds,1
38393-AND,Female,56,Yes,Andhra Pradesh,4,2,,Yes,Yes,Yes,Fiber Optic,No,No,Yes,Yes,No,No,No,Yes,Month-to-Month,Yes,Bank Withdrawal,84.30000305175781,3588.39990234375,0.0,0,450.6600036621094,4039.06005859375,Churned,Attitude,Attitude of service provider,1
38434-HAR,Female,58,No,Haryana,10,19,,Yes,Yes,Yes,Fiber Optic,No,Yes,No,No,Yes,Yes,Yes,Yes,Month-to-Month,Yes,Bank Withdrawal,99.3499984741211,4749.14990234375,0.0,0,1473.449951171875,6222.60009765625,Churned,Competitor,Competitor had better devices,1
38452-MAH,Female,34,No,Maharashtra,6,14,Deal 5,Yes,No,Yes,DSL,Yes,No,No,No,No,No,No,Yes,Month-to-Month,No,Bank Withdrawal,47.95000076293945,47.95000076293945,0.0,0,46.22999954223633,94.18000030517578,Joined,,,1
38453-BIH,Female,46,Yes,Bihar,4,32,Deal 5,Yes,No,Yes,Fiber Optic,No,No,No,No,No,No,No,Yes,Month-to-Month,Yes,Mailed Check,71.55000305175781,71.55000305175781,0.0,0,17.270000457763672,88.81999969482422,Churned,Competitor,Competitor had better devices,1
38504-GUJ,Male,55,No,Gujarat,12,31,Deal 5,Yes,Yes,Yes,Fiber Optic,No,No,No,No,No,No,No,Yes,Month-to-Month,Yes,Bank Withdrawal,74.94999694824219,74.94999694824219,0.0,0,30.06999969482422,105.0199966430664,Churned,Competitor,Competitor had better devices,1
38577-BIH,Female,30,Yes,Bihar,6,36,,Yes,No,Yes,DSL,No,No,No,No,No,No,No,Yes,Month-to-Month,Yes,Bank Withdrawal,44.5,90.05000305175781,0.0,0,61.7400016784668,151.7899932861328,Joined,,,1
38636-TEL,Female,54,No,Telangana,8,13,Deal 3,Yes,Yes,Yes,Fiber Optic,No,Yes,Yes,No,Yes,Yes,Yes,Yes,Month-to-Month,Yes,Bank Withdrawal,104.6500015258789,2542.449951171875,0.0,0,72.0,2614.449951171875,Churned,Competitor,Competitor made better offer,1
38663-UTT,Male,42,No,Uttar Pradesh,7,15,Deal 5,Yes,No,No,,,,,,,,,,Month-to-Month,No,Credit Card,20.299999237060547,40.25,0.0,0,14.539999961853027,54.790000915527344,Joined,,,1
38748-AND,Female,22,Yes,Andhra Pradesh,13,6,,Yes,No,No,,,,,,,,,,Month-to-Month,No,Bank Withdrawal,19.649999618530273,19.649999618530273,0.0,0,27.8799991607666,47.529998779296875,Joined,,,1
38793-DEL,Female,46,Yes,Delhi,10,19,,Yes,No,Yes,Cable,Yes,No,Yes,Yes,Yes,No,No,Yes,One Year,Yes,Bank Withdrawal,67.5,1544.050048828125,0.0,0,435.6000061035156,1979.6500244140625,Churned,Other,Don't know,1
38815-JAM,Female,67,No,Jammu & Kashmir,13,16,,Yes,Yes,Yes,Fiber Optic,No,Yes,Yes,No,Yes,No,No,Yes,Month-to-Month,Yes,Bank Withdrawal,95.55000305175781,3930.60009765625,0.0,0,961.3800048828125,4891.97998046875,Stayed,Others,Others,1
38920-GUJ,Female,81,Yes,Gujarat,15,34,,Yes,Yes,Yes,Fiber Optic,No,No,No,No,No,Yes,No,Yes,Month-to-Month,Yes,Bank Withdrawal,82.0,1127.199951171875,0.0,0,57.849998474121094,1185.050048828125,Churned,Attitude,Attitude of support person,1
38920-PUN,Female,50,No,Punjab,8,7,,Yes,No,Yes,Cable,No,No,No,No,No,No,No,No,Month-to-Month,Yes,Bank Withdrawal,43.849998474121094,43.849998474121094,0.0,10,15.899999618530273,69.75,Joined,,,1
38932-TAM,Female,59,No,Tamil Nadu,5,8,,Yes,Yes,Yes,Fiber Optic,No,Yes,Yes,No,Yes,Yes,Yes,Yes,Month-to-Month,Yes,Bank Withdrawal,105.8499984741211,2239.64990234375,0.0,0,575.7999877929688,2815.449951171875,Churned,Dissatisfaction,Service dissatisfaction,1
38963-TEL,Female,59,Yes,Telangana,13,33,,Yes,Yes,Yes,Fiber Optic,No,Yes,Yes,Yes,Yes,Yes,Yes,Yes,One Year,Yes,Bank Withdrawal,109.25,8109.7998046875,0.0,0,2241.360107421875,10351.16015625,Churned,Competitor,Competitor had better devices,1
38999-WES,Female,59,Yes,West Bengal,0,15,Deal 5,Yes,No,Yes,Fiber Optic,No,No,No,No,No,No,No,Yes,Month-to-Month,Yes,Credit Card,69.80000305175781,134.6999969482422,0.0,0,75.44000244140625,210.13999938964844,Churned,Other,Don't know,1
39047-KAR,Female,20,No,Karnataka,9,8,,Yes,No,Yes,Fiber Optic,No,No,No,No,No,No,Yes,Yes,Month-to-Month,Yes,Credit Card,71.3499984741211,71.3499984741211,0.0,0,35.279998779296875,106.62999725341797,Churned,Attitude,Attitude of support person,1
39123-MAH,Female,45,No,Maharashtra,10,9,,No,,Yes,DSL,No,No,Yes,No,Yes,Yes,Yes,Yes,Month-to-Month,Yes,Bank Withdrawal,48.75,633.4000244140625,0.0,0,0.0,633.4000244140625,Churned,Attitude,Attitude of support person,1
39128-PUN,Male,36,No,Punjab,15,22,Deal 5,Yes,No,Yes,DSL,No,No,No,No,No,No,No,No,Month-to-Month,Yes,Bank Withdrawal,44.75,44.75,0.0,10,18.56999969482422,73.31999969482422,Joined,,,1
39161-JAM,Female,72,No,Jammu & Kashmir,5,9,Deal 5,Yes,Yes,Yes,Fiber Optic,No,No,No,No,No,Yes,No,Yes,Month-to-Month,Yes,Bank Withdrawal,84.55000305175781,646.8499755859375,0.0,0,150.00999450683594,796.8599853515625,Churned,Competitor,Competitor made better offer,1
39191-UTT,Female,74,No,Uttar Pradesh,14,20,,Yes,No,Yes,Fiber Optic,No,Yes,No,No,No,No,No,Yes,Month-to-Month,Yes,Mailed Check,76.4000015258789,76.4000015258789,0.0,0,41.15999984741211,117.55999755859375,Churned,Attitude,Attitude of support person,1
39216-JHA,Female,21,No,Jharkhand,3,3,,Yes,No,Yes,Fiber Optic,No,Yes,No,No,No,Yes,Yes,Yes,Month-to-Month,Yes,Mailed Check,84.30000305175781,1855.6500244140625,0.0,0,639.5399780273438,2495.18994140625,Churned,Competitor,Competitor had better devices,1
39219-KAR,Female,58,Yes,Karnataka,6,35,Deal 3,Yes,Yes,No,,,,,,,,,,One Year,No,Bank Withdrawal,25.299999237060547,676.3499755859375,0.0,0,139.25,815.5999755859375,Churned,Price,Long distance charges,1
39251-KAR,Male,68,No,Karnataka,6,31,,Yes,No,Yes,Fiber Optic,No,No,No,No,No,No,No,No,Month-to-Month,Yes,Bank Withdrawal,69.8499984741211,69.8499984741211,0.0,40,43.45000076293945,153.3000030517578,Churned,Dissatisfaction,Limited range of services,1
39322-UTT,Female,44,No,Uttar Pradesh,12,33,,Yes,No,Yes,Fiber Optic,Yes,No,Yes,Yes,Yes,Yes,Yes,No,One Year,Yes,Bank Withdrawal,103.75,3361.050048828125,0.0,100,516.780029296875,3977.830078125,Churned,Attitude,Attitude of service provider,1
39332-TEL,Female,44,Yes,Telangana,6,8,,Yes,No,Yes,Fiber Optic,No,No,No,No,Yes,No,No,No,Month-to-Month,Yes,Bank Withdrawal,80.55000305175781,80.55000305175781,0.0,60,5.929999828338623,146.47999572753906,Joined,,,1
39348-MAD,Female,56,Yes,Madhya Pradesh,3,31,,Yes,No,Yes,Fiber Optic,No,No,No,No,No,No,No,No,Month-to-Month,No,Credit Card,70.94999694824219,1767.3499755859375,0.0,20,622.75,2410.10009765625,Churned,Dissatisfaction,Product dissatisfaction,1
39394-HAR,Female,69,Yes,Haryana,0,1,,Yes,Yes,Yes,Fiber Optic,No,No,No,No,Yes,No,No,Yes,Month-to-Month,Yes,Credit Card,83.1500015258789,446.04998779296875,0.0,0,209.14999389648438,655.2000122070312,Churned,Dissatisfaction,Service dissatisfaction,1
39400-UTT,Female,32,No,Uttar Pradesh,10,5,,No,,Yes,DSL,No,No,No,No,No,No,Yes,Yes,Month-to-Month,No,Mailed Check,25.200000762939453,25.200000762939453,0.0,0,0.0,25.200000762939453,Churned,Other,Don't know,1
39419-GUJ,Male,35,No,Gujarat,12,17,Deal 5,Yes,Yes,Yes,Fiber Optic,No,No,Yes,No,Yes,No,No,Yes,Month-to-Month,Yes,Bank Withdrawal,90.44999694824219,593.4500122070312,0.0,0,251.3699951171875,844.8200073242188,Churned,Competitor,Competitor made better offer,1
39517-KAR,Male,57,No,Karnataka,13,19,,Yes,No,No,,,,,,,,,,One Year,No,Credit Card,19.299999237060547,28.299999237060547,0.0,0,31.579999923706055,59.880001068115234,Churned,Price,Long distance charges,1
39540-BIH,Female,34,No,Bihar,12,13,,Yes,No,Yes,Cable,No,No,No,Yes,No,No,No,Yes,Month-to-Month,No,Credit Card,49.04999923706055,49.04999923706055,0.0,0,25.770000457763672,74.81999969482422,Joined,,,1
39561-KAR,Female,26,No,Karnataka,3,24,,Yes,No,Yes,Cable,No,No,No,No,No,No,No,Yes,Month-to-Month,Yes,Bank Withdrawal,44.349998474121094,44.349998474121094,0.0,0,40.41999816894531,84.7699966430664,Churned,Attitude,Attitude of support person,1
39603-RAJ,Female,81,Yes,Rajasthan,10,7,,Yes,Yes,Yes,Fiber Optic,No,No,No,No,No,No,No,Yes,Month-to-Month,Yes,Bank Withdrawal,75.3499984741211,75.3499984741211,0.0,0,28.489999771118164,103.83999633789062,Churned,Attitude,Attitude of support person,1
39606-TAM,Female,73,Yes,Tamil Nadu,8,29,,Yes,Yes,Yes,Fiber Optic,No,No,No,No,Yes,Yes,No,Yes,Month-to-Month,Yes,Bank Withdrawal,96.1500015258789,1529.199951171875,0.0,0,620.0,2149.199951171875,Churned,Other,Don't know,1
39623-HAR,Female,85,No,Haryana,2,10,Deal 5,Yes,No,Yes,Fiber Optic,No,Yes,No,No,No,No,No,No,Month-to-Month,Yes,Bank Withdrawal,74.5999984741211,239.0500030517578,0.0,30,118.52999877929688,387.5799865722656,Joined,,,1
39642-RAJ,Female,54,No,Rajasthan,4,34,Deal 5,Yes,No,Yes,DSL,No,No,No,No,Yes,No,No,Yes,Month-to-Month,Yes,Credit Card,54.70000076293945,169.4499969482422,0.0,0,8.640000343322754,178.08999633789062,Churned,Competitor,Competitor had better devices,1
39659-JAM,Female,61,No,Jammu & Kashmir,8,10,,Yes,No,Yes,Fiber Optic,No,No,No,No,Yes,No,No,Yes,Month-to-Month,Yes,Bank Withdrawal,79.0999984741211,79.0999984741211,0.0,0,42.29999923706055,121.4000015258789,Churned,Competitor,Competitor made better offer,1
39718-JAM,Male,35,Yes,Jammu & Kashmir,14,32,,Yes,No,Yes,DSL,No,No,No,No,No,No,No,Yes,Month-to-Month,Yes,Credit Card,44.849998474121094,435.3999938964844,0.0,0,495.79998779296875,931.2000122070312,Churned,Competitor,Competitor made better offer,1
39764-UTT,Female,39,Yes,Uttar Pradesh,5,14,,Yes,No,No,,,,,,,,,,Month-to-Month,No,Credit Card,19.350000381469727,46.349998474121094,0.0,0,88.68000030517578,135.02999877929688,Joined,,,1
39778-BIH,Female,39,No,Bihar,10,11,Deal 5,Yes,No,Yes,Fiber Optic,No,No,No,No,No,Yes,Yes,Yes,Month-to-Month,No,Bank Withdrawal,78.6500015258789,78.6500015258789,0.0,0,46.09000015258789,124.73999786376953,Churned,Competitor,Competitor had better devices,1
39810-GUJ,Female,72,No,Gujarat,12,23,,Yes,No,Yes,Fiber Optic,No,No,No,No,Yes,Yes,Yes,No,Month-to-Month,Yes,Bank Withdrawal,90.5,1201.1500244140625,29.84000015258789,140,339.42999267578125,1650.739990234375,Churned,Competitor,Competitor had better devices,1
39834-AND,Male,46,Yes,Andhra Pradesh,12,27,,No,,Yes,DSL,Yes,No,Yes,No,Yes,Yes,Yes,Yes,Month-to-Month,No,Bank Withdrawal,55.900001525878906,2184.35009765625,0.0,0,0.0,2184.35009765625,Churned,Dissatisfaction,Lack of self-service on Website,1
39866-MAH,Female,24,No,Maharashtra,1,12,Deal 5,Yes,No,Yes,DSL,No,No,No,No,No,No,No,No,Month-to-Month,No,Bank Withdrawal,45.54999923706055,84.4000015258789,0.0,10,83.80000305175781,178.1999969482422,Joined,,,1
39870-WES,Male,40,No,West Bengal,10,21,Deal 5,Yes,No,Yes,Fiber Optic,No,No,No,No,No,No,No,Yes,Month-to-Month,No,Bank Withdrawal,-7.0,69.75,0.0,0,27.969999313354492,97.72000122070312,Churned,Attitude,Attitude of support person,1
39873-ODI,Female,80,Yes,Odisha,3,30,,Yes,Yes,Yes,Fiber Optic,Yes,Yes,No,No,Yes,Yes,Yes,Yes,Month-to-Month,Yes,Credit Card,105.0999984741211,7548.10009765625,0.0,0,3170.860107421875,10718.9599609375,Churned,Attitude,Attitude of support person,1
39881-TEL,Male,22,Yes,Telangana,13,9,,Yes,No,Yes,Fiber Optic,No,No,No,No,No,No,No,Yes,Month-to-Month,Yes,Bank Withdrawal,69.25,1554.0,0.0,0,706.4199829101562,2260.419921875,Churned,Competitor,Competitor offered higher download speeds,1
39934-WES,Female,20,Yes,West Bengal,1,9,Deal 2,Yes,No,Yes,Fiber Optic,No,Yes,Yes,No,Yes,No,Yes,Yes,One Year,No,Bank Withdrawal,90.94999694824219,5453.39990234375,0.0,0,1995.0,7448.39990234375,Churned,Other,Moved,1
39937-UTT,Female,34,Yes,Uttar Pradesh,5,32,,Yes,No,Yes,Fiber Optic,Yes,No,No,No,Yes,Yes,Yes,Yes,Month-to-Month,No,Bank Withdrawal,93.8499984741211,1625.6500244140625,0.0,0,76.66999816894531,1702.3199462890625,Churned,Price,Price too high,1
41013-TEL,Female,35,Yes,Telangana,4,19,,Yes,Yes,Yes,DSL,No,No,No,No,No,No,No,Yes,Month-to-Month,Yes,Bank Withdrawal,49.099998474121094,679.5499877929688,0.0,0,145.64999389648438,825.2000122070312,Churned,Competitor,Competitor had better devices,1
41017-MAH,Female,52,No,Maharashtra,12,1,Deal 5,Yes,No,Yes,DSL,No,No,Yes,No,No,No,No,Yes,Month-to-Month,Yes,Bank Withdrawal,51.04999923706055,415.04998779296875,0.0,0,30.799999237060547,445.8500061035156,Churned,Dissatisfaction,Product dissatisfaction,1
41031-TAM,Female,60,Yes,Tamil Nadu,12,6,,Yes,No,Yes,Fiber Optic,No,No,No,No,Yes,Yes,Yes,Yes,Month-to-Month,Yes,Bank Withdrawal,90.19999694824219,1776.550048828125,0.0,0,993.7999877929688,2770.35009765625,Churned,Other,Moved,1
41047-TAM,Female,30,No,Tamil Nadu,5,19,,Yes,No,Yes,Fiber Optic,No,No,Yes,No,No,No,No,Yes,Month-to-Month,Yes,Bank Withdrawal,74.9000015258789,74.9000015258789,0.0,0,35.25,110.1500015258789,Churned,Competitor,Competitor had better devices,1
41061-JAM,Female,33,No,Jammu & Kashmir,13,9,,Yes,Yes,Yes,Fiber Optic,No,No,No,No,No,No,No,Yes,Month-to-Month,Yes,Bank Withdrawal,75.9000015258789,357.75,0.0,0,234.39999389648438,592.1500244140625,Churned,Competitor,Competitor made better offer,1
41067-HAR,Female,22,Yes,Haryana,5,8,,Yes,No,Yes,Cable,No,No,No,No,Yes,Yes,Yes,Yes,Month-to-Month,Yes,Credit Card,64.69999694824219,1093.0999755859375,0.0,0,689.3499755859375,1782.449951171875,Churned,Competitor,Competitor offered higher download speeds,1
41083-DEL,Female,26,Yes,Delhi,3,2,Deal 5,Yes,Yes,Yes,Fiber Optic,No,Yes,Yes,No,Yes,Yes,Yes,Yes,Month-to-Month,Yes,Bank Withdrawal,105.30000305175781,545.2000122070312,0.0,0,164.63999938964844,709.8400268554688,Churned,Competitor,Competitor offered more data,1
41128-BIH,Male,42,Yes,Bihar,13,29,,Yes,No,Yes,Fiber Optic,No,Yes,Yes,No,Yes,No,No,Yes,Month-to-Month,Yes,Credit Card,89.44999694824219,1430.25,0.0,0,507.67999267578125,1937.9300537109375,Churned,Attitude,Attitude of support person,1
41173-MAH,Female,76,Yes,Maharashtra,14,23,Deal 5,Yes,No,No,,,,,,,,,,Month-to-Month,Yes,Credit Card,20.850000381469727,20.850000381469727,0.0,0,22.860000610351562,43.709999084472656,Churned,Attitude,Attitude of support person,1
41196-MAH,Female,29,Yes,Maharashtra,11,10,Deal 5,Yes,No,Yes,DSL,No,No,No,No,No,No,No,No,Month-to-Month,Yes,Bank Withdrawal,45.0,45.0,0.0,10,40.630001068115234,95.62999725341797,Joined,,,1
41235-WES,Female,37,No,West Bengal,8,10,Deal 5,Yes,No,Yes,DSL,No,No,No,No,No,No,No,Yes,Month-to-Month,Yes,Bank Withdrawal,44.79999923706055,44.79999923706055,0.0,0,27.459999084472656,72.26000213623047,Joined,,,1
41280-UTT,Male,78,Yes,Uttar Pradesh,10,16,,Yes,Yes,Yes,Fiber Optic,No,Yes,No,No,No,No,No,Yes,Month-to-Month,Yes,Bank Withdrawal,79.4000015258789,205.0500030517578,0.0,0,125.69999694824219,330.75,Churned,Dissatisfaction,Product dissatisfaction,1
41330-AND,Female,56,No,Andhra Pradesh,6,34,,Yes,No,Yes,Fiber Optic,No,No,Yes,No,Yes,Yes,Yes,Yes,Month-to-Month,Yes,Credit Card,94.69999694824219,1914.9000244140625,0.0,0,831.5999755859375,2746.5,Churned,Attitude,Attitude of support person,1
41377-AND,Female,45,No,Andhra Pradesh,9,15,,Yes,No,Yes,Fiber Optic,No,No,No,No,No,No,No,Yes,Month-to-Month,Yes,Bank Withdrawal,70.44999694824219,1470.949951171875,0.0,0,329.79998779296875,1800.75,Churned,Competitor,Competitor had better devices,1
41399-GUJ,Female,36,No,Gujarat,6,2,Deal 5,Yes,Yes,Yes,Fiber Optic,No,No,No,No,Yes,Yes,Yes,No,Month-to-Month,Yes,Bank Withdrawal,94.75,889.9000244140625,0.0,30,90.62999725341797,1010.530029296875,Churned,Competitor,Competitor offered more data,1
41405-TAM,Male,62,No,Tamil Nadu,4,27,,Yes,Yes,Yes,Fiber Optic,No,Yes,No,No,No,No,No,Yes,Month-to-Month,Yes,Credit Card,80.55000305175781,1411.6500244140625,0.0,0,698.219970703125,2109.8701171875,Stayed,Others,Others,1
41417-JHA,Female,41,Yes,Jharkhand,10,2,,Yes,No,Yes,Fiber Optic,No,No,No,No,No,Yes,Yes,Yes,Month-to-Month,Yes,Bank Withdrawal,79.69999694824219,79.69999694824219,0.0,0,33.880001068115234,113.58000183105469,Churned,Dissatisfaction,Poor expertise of online support,1
41427-HAR,Male,37,No,Haryana,13,13,Deal 5,Yes,No,No,,,,,,,,,,Month-to-Month,No,Bank Withdrawal,20.200000762939453,20.200000762939453,0.0,0,24.479999542236328,44.68000030517578,Joined,,,1
41454-JAM,Female,72,Yes,Jammu & Kashmir,14,7,,Yes,No,Yes,Fiber Optic,No,No,Yes,No,Yes,No,No,Yes,Month-to-Month,Yes,Bank Withdrawal,86.8499984741211,220.9499969482422,0.0,0,55.13999938964844,276.0899963378906,Churned,Attitude,Attitude of service provider,1
41455-MAD,Male,25,Yes,Madhya Pradesh,8,19,Deal 5,Yes,No,No,,,,,,,,,,Month-to-Month,No,Mailed Check,19.850000381469727,64.55000305175781,0.0,0,96.02999877929688,160.5800018310547,Churned,Price,Price too high,1
41464-UTT,Female,68,No,Uttar Pradesh,12,6,Deal 5,Yes,No,Yes,Fiber Optic,No,No,No,No,No,No,No,Yes,Month-to-Month,No,Credit Card,70.8499984741211,70.8499984741211,0.0,0,49.599998474121094,120.44999694824219,Churned,Price,Long distance charges,1
41500-KAR,Male,31,No,Karnataka,1,31,Deal 5,Yes,No,No,,,,,,,,,,Month-to-Month,No,Credit Card,19.850000381469727,51.599998474121094,0.0,0,54.939998626708984,106.54000091552734,Joined,,,1
41508-AND,Male,52,No,Andhra Pradesh,11,29,Deal 5,Yes,No,Yes,DSL,No,No,No,Yes,Yes,Yes,Yes,Yes,Month-to-Month,Yes,Credit Card,70.75,450.79998779296875,0.0,0,163.4499969482422,614.25,Churned,Attitude,Attitude of support person,1
41514-UTT,Female,65,No,Uttar Pradesh,1,35,Deal 3,Yes,No,Yes,Fiber Optic,No,No,Yes,Yes,Yes,Yes,No,Yes,Month-to-Month,Yes,Bank Withdrawal,98.9000015258789,2911.300048828125,0.0,0,1486.449951171875,4397.75,Churned,Other,Don't know,1
41548-RAJ,Female,27,No,Rajasthan,7,18,Deal 3,Yes,Yes,Yes,Fiber Optic,No,Yes,No,No,No,No,No,Yes,Month-to-Month,Yes,Bank Withdrawal,80.3499984741211,2596.14990234375,0.0,0,47.68000030517578,2643.830078125,Churned,Competitor,Competitor had better devices,1
41561-JHA,Male,55,No,Jharkhand,3,5,Deal 2,Yes,Yes,Yes,Fiber Optic,No,No,No,No,Yes,Yes,Yes,Yes,Month-to-Month,Yes,Bank Withdrawal,97.0999984741211,3706.949951171875,41.849998474121094,0,653.2000122070312,4318.2998046875,Churned,Competitor,Competitor offered more data,1
41616-TAM,Female,40,Yes,Tamil Nadu,14,7,Deal 4,Yes,Yes,Yes,Fiber Optic,No,Yes,No,No,No,No,No,Yes,Month-to-Month,Yes,Bank Withdrawal,79.75,1111.8499755859375,0.0,0,642.4500122070312,1754.300048828125,Churned,Dissatisfaction,Limited range of services,1
41620-MAH,Female,48,Yes,Maharashtra,8,16,,Yes,No,Yes,Fiber Optic,No,No,No,No,No,No,No,Yes,Month-to-Month,No,Bank Withdrawal,70.4000015258789,147.14999389648438,0.0,0,92.45999908447266,239.61000061035156,Churned,Dissatisfaction,Network reliability,1
41631-JAM,Male,26,Yes,Jammu & Kashmir,9,21,,Yes,No,No,,,,,,,,,,Month-to-Month,No,Mailed Check,19.549999237060547,19.549999237060547,0.0,0,38.439998626708984,57.9900016784668,Churned,Competitor,Competitor made better offer,1
41644-RAJ,Female,27,No,Rajasthan,2,33,,Yes,No,No,,,,,,,,,,Month-to-Month,No,Mailed Check,19.5,31.549999237060547,0.0,0,56.040000915527344,87.58999633789062,Churned,Dissatisfaction,Limited range of services,1
41646-HAR,Female,39,No,Haryana,0,4,Deal 5,Yes,No,Yes,Fiber Optic,No,No,Yes,No,Yes,Yes,Yes,Yes,Month-to-Month,Yes,Bank Withdrawal,94.05000305175781,811.6500244140625,0.0,0,139.77000427246094,951.4199829101562,Stayed,Others,Others,1
41647-UTT,Male,65,No,Uttar Pradesh,6,20,,Yes,No,Yes,Fiber Optic,No,No,Yes,No,Yes,Yes,Yes,Yes,Month-to-Month,Yes,Bank Withdrawal,95.8499984741211,197.6999969482422,0.0,0,74.86000061035156,272.55999755859375,Churned,Competitor,Competitor had better devices,1
41652-JAM,Female,43,No,Jammu & Kashmir,13,28,,Yes,Yes,Yes,Fiber Optic,No,No,No,No,No,No,No,Yes,Month-to-Month,Yes,Bank Withdrawal,74.75,799.6500244140625,0.0,0,56.29999923706055,855.9500122070312,Churned,Other,Don't know,1
41677-DEL,Male,60,Yes,Delhi,5,6,Deal 5,Yes,No,Yes,Fiber Optic,No,Yes,No,No,Yes,Yes,Yes,Yes,Month-to-Month,Yes,Bank Withdrawal,96.25,512.4500122070312,0.0,0,160.60000610351562,673.0499877929688,Churned,Competitor,Competitor made better offer,1
41692-KAR,Male,42,No,Karnataka,11,23,Deal 5,Yes,No,No,,,,,,,,,,Month-to-Month,Yes,Credit Card,20.200000762939453,20.200000762939453,0.0,0,45.4900016784668,65.69000244140625,Churned,Competitor,Competitor made better offer,1
41725-RAJ,Female,58,Yes,Rajasthan,3,29,Deal 5,Yes,No,Yes,Fiber Optic,No,No,Yes,No,Yes,No,No,Yes,Month-to-Month,Yes,Bank Withdrawal,86.25,587.0999755859375,0.0,0,312.6199951171875,899.719970703125,Churned,Attitude,Attitude of support person,1
41762-RAJ,Female,30,Yes,Rajasthan,9,13,,Yes,No,Yes,Fiber Optic,Yes,No,No,No,Yes,Yes,Yes,Yes,Month-to-Month,Yes,Bank Withdrawal,95.5999984741211,95.5999984741211,0.0,0,6.670000076293945,102.2699966430664,Churned,Other,Don't know,1
41777-JAM,Female,56,No,Jammu & Kashmir,12,8,,Yes,Yes,Yes,Fiber Optic,No,Yes,Yes,No,Yes,Yes,Yes,Yes,One Year,Yes,Credit Card,106.0999984741211,5082.7998046875,0.0,0,1187.0400390625,6269.83984375,Churned,Other,Don't know,1
41795-UTT,Female,58,No,Uttar Pradesh,5,10,,Yes,No,No,,,,,,,,,,Month-to-Month,No,Credit Card,19.75,19.75,0.0,0,41.279998779296875,61.029998779296875,Joined,,,1
41835-MAH,Female,20,Yes,Maharashtra,1,12,Deal 5,No,,Yes,Cable,No,No,No,No,No,No,Yes,Yes,Month-to-Month,Yes,Bank Withdrawal,25.049999237060547,56.349998474121094,0.0,0,0.0,56.349998474121094,Churned,Dissatisfaction,Product dissatisfaction,1
41916-WES,Female,62,No,West Bengal,9,14,,Yes,Yes,Yes,Fiber Optic,No,No,No,No,No,Yes,No,Yes,Month-to-Month,Yes,Credit Card,84.4000015258789,732.5,0.0,0,277.20001220703125,1009.7000122070312,Churned,Attitude,Attitude of support person,1
41924-RAJ,Female,57,No,Rajasthan,9,11,,Yes,No,Yes,DSL,No,No,No,No,No,No,No,Yes,Month-to-Month,No,Mailed Check,46.0,221.6999969482422,0.0,0,119.44999694824219,341.1499938964844,Churned,Competitor,Competitor had better devices,1
41944-UTT,Female,57,Yes,Uttar Pradesh,10,28,Deal 5,Yes,Yes,Yes,Fiber Optic,No,No,No,No,No,Yes,Yes,Yes,Month-to-Month,Yes,Bank Withdrawal,86.0,165.4499969482422,0.0,0,86.94000244140625,252.38999938964844,Churned,Attitude,Attitude of support person,1
42089-MAH,Female,32,No,Maharashtra,2,34,Deal 5,Yes,No,No,,,,,,,,,,Month-to-Month,No,Credit Card,20.700000762939453,57.5,0.0,0,115.2300033569336,172.72999572753906,Joined,,,1
42100-TEL,Male,59,No,Telangana,1,7,,No,,Yes,DSL,No,No,No,No,No,No,No,Yes,Month-to-Month,Yes,Bank Withdrawal,24.950000762939453,190.25,0.0,0,0.0,190.25,Stayed,Others,Others,1
42264-UTT,Female,73,No,Uttar Pradesh,6,21,,Yes,Yes,Yes,Cable,No,No,No,No,No,Yes,No,Yes,Month-to-Month,Yes,Bank Withdrawal,84.5999984741211,360.1000061035156,0.0,0,26.719999313354492,386.82000732421875,Churned,Competitor,Competitor had better devices,1
42358-BIH,Female,53,No,Bihar,9,35,,Yes,No,Yes,DSL,No,No,No,No,Yes,No,No,Yes,Month-to-Month,Yes,Bank Withdrawal,54.20000076293945,140.39999389648438,0.0,0,124.13999938964844,264.5400085449219,Joined,,,1
42517-UTT,Female,46,Yes,Uttar Pradesh,7,12,,Yes,No,Yes,Fiber Optic,No,Yes,No,No,No,No,No,Yes,Month-to-Month,No,Bank Withdrawal,74.94999694824219,815.5,0.0,0,277.6400146484375,1093.1400146484375,Churned,Attitude,Attitude of support person,1
42556-JAM,Male,50,Yes,Jammu & Kashmir,9,27,,Yes,No,Yes,Fiber Optic,No,No,No,No,No,No,No,Yes,Month-to-Month,Yes,Mailed Check,69.9000015258789,69.9000015258789,0.0,0,4.989999771118164,74.88999938964844,Churned,Competitor,Competitor made better offer,1
42571-JAM,Female,27,No,Jammu & Kashmir,8,32,Deal 5,Yes,Yes,Yes,Fiber Optic,No,No,No,No,No,Yes,Yes,Yes,Month-to-Month,No,Credit Card,85.80000305175781,85.80000305175781,0.0,0,34.470001220703125,120.2699966430664,Churned,Competitor,Competitor made better offer,1
42574-ASS,Female,25,No,Assam,5,3,,Yes,No,No,,,,,,,,,,Month-to-Month,No,Credit Card,19.549999237060547,19.549999237060547,0.0,0,8.229999542236328,27.780000686645508,Joined,,,1
42588-KAR,Female,83,No,Karnataka,5,31,Deal 2,Yes,Yes,Yes,Fiber Optic,Yes,No,Yes,No,Yes,Yes,No,Yes,Month-to-Month,No,Bank Withdrawal,105.25,6786.39990234375,0.0,0,1195.3499755859375,7981.75,Churned,Attitude,Attitude of support person,1
42623-MAH,Female,47,No,Maharashtra,7,36,Deal 4,Yes,Yes,Yes,Fiber Optic,No,No,No,No,Yes,No,No,Yes,Month-to-Month,Yes,Bank Withdrawal,85.25,1734.5,0.0,0,27.200000762939453,1761.699951171875,Churned,Other,Moved,1
42667-ASS,Male,65,No,Assam,14,35,,Yes,Yes,Yes,Fiber Optic,No,No,No,No,No,No,No,No,Month-to-Month,No,Credit Card,75.19999694824219,3678.300048828125,0.0,20,934.9199829101562,4633.22021484375,Churned,Price,Extra data charges,1
42735-WES,Female,76,Yes,West Bengal,7,35,,Yes,Yes,Yes,Fiber Optic,No,Yes,No,No,Yes,Yes,No,Yes,Month-to-Month,Yes,Bank Withdrawal,99.94999694824219,3186.64990234375,0.0,0,1220.1600341796875,4406.81005859375,Churned,Competitor,Competitor made better offer,1
42738-UTT,Male,63,Yes,Uttar Pradesh,4,17,Deal 4,Yes,No,Yes,Fiber Optic,No,Yes,Yes,No,No,No,No,Yes,Month-to-Month,Yes,Bank Withdrawal,78.25,1490.949951171875,0.0,0,384.94000244140625,1875.8900146484375,Churned,Competitor,Competitor had better devices,1
42767-WES,Female,57,Yes,West Bengal,9,21,Deal 2,No,,Yes,Cable,No,Yes,No,No,Yes,Yes,Yes,Yes,Month-to-Month,Yes,Bank Withdrawal,50.79999923706055,3027.39990234375,0.0,0,0.0,3027.39990234375,Churned,Competitor,Competitor offered more data,1
42768-TAM,Female,45,No,Tamil Nadu,13,14,,Yes,No,No,,,,,,,,,,Month-to-Month,No,Credit Card,19.399999618530273,19.399999618530273,0.0,0,2.8499999046325684,22.25,Joined,,,1
42776-TAM,Male,44,No,Tamil Nadu,7,2,,Yes,Yes,Yes,Fiber Optic,No,No,No,No,No,No,No,Yes,Month-to-Month,Yes,Bank Withdrawal,74.5,74.5,0.0,0,36.439998626708984,110.94000244140625,Churned,Attitude,Attitude of service provider,1
42804-AND,Female,47,Yes,Andhra Pradesh,9,3,,Yes,Yes,Yes,Cable,No,No,No,No,No,No,No,Yes,Month-to-Month,Yes,Bank Withdrawal,49.95000076293945,49.95000076293945,0.0,0,43.4900016784668,93.44000244140625,Churned,Competitor,Competitor had better devices,1
42864-ODI,Female,29,No,Odisha,2,10,Deal 5,No,,Yes,DSL,No,Yes,No,No,No,No,No,Yes,Month-to-Month,Yes,Mailed Check,30.25,63.75,0.0,0,0.0,63.75,Joined,,,1
42870-TAM,Male,84,Yes,Tamil Nadu,4,30,,Yes,Yes,Yes,Fiber Optic,No,No,No,No,No,No,No,Yes,Month-to-Month,Yes,Bank Withdrawal,75.75,75.75,0.0,0,8.350000381469727,84.0999984741211,Churned,Competitor,Competitor made better offer,1
42909-KER,Female,35,No,Kerala,0,4,,Yes,Yes,Yes,Fiber Optic,No,No,No,No,No,No,No,No,Month-to-Month,Yes,Bank Withdrawal,77.1500015258789,77.1500015258789,0.0,10,27.700000762939453,114.8499984741211,Churned,Dissatisfaction,Limited range of services,1
42918-PUN,Male,71,No,Punjab,10,13,,Yes,Yes,Yes,Fiber Optic,No,No,No,No,No,No,No,Yes,Month-to-Month,Yes,Bank Withdrawal,75.55000305175781,2425.39990234375,0.0,0,70.37999725341797,2495.780029296875,Stayed,Others,Others,1
42965-UTT,Male,64,No,Uttarakhand,5,33,,Yes,Yes,Yes,Fiber Optic,No,No,Yes,No,Yes,Yes,No,Yes,Month-to-Month,Yes,Bank Withdrawal,100.05000305175781,4871.0498046875,0.0,0,421.5899963378906,5292.64013671875,Churned,Attitude,Attitude of support person,1
42969-KAR,Female,23,No,Karnataka,11,12,Deal 3,No,,Yes,DSL,Yes,Yes,Yes,No,Yes,Yes,Yes,Yes,Month-to-Month,Yes,Credit Card,58.599998474121094,1502.6500244140625,4.480000019073486,0,0.0,1498.1700439453125,Churned,Attitude,Attitude of support person,1
43023-BIH,Male,69,No,Bihar,4,11,,Yes,Yes,Yes,Fiber Optic,No,No,No,No,Yes,No,No,Yes,Month-to-Month,Yes,Bank Withdrawal,86.05000305175781,86.05000305175781,0.0,0,38.779998779296875,124.83000183105469,Churned,Competitor,Competitor had better devices,1
43070-MAD,Female,39,No,Madhya Pradesh,0,5,,Yes,No,No,,,,,,,,,,Month-to-Month,No,Bank Withdrawal,19.649999618530273,655.8499755859375,0.0,0,460.79998779296875,1116.6500244140625,Churned,Attitude,Attitude of support person,1
43073-UTT,Male,73,No,Uttar Pradesh,1,11,,Yes,Yes,Yes,Fiber Optic,No,Yes,Yes,No,Yes,Yes,No,Yes,Month-to-Month,No,Bank Withdrawal,106.3499984741211,3520.75,0.0,0,253.44000244140625,3774.18994140625,Churned,Other,Moved,1
43116-JAM,Female,43,No,Jammu & Kashmir,10,30,,Yes,No,Yes,Fiber Optic,No,No,No,No,Yes,No,No,Yes,Month-to-Month,Yes,Bank Withdrawal,79.75,164.5,0.0,0,16.639999389648438,181.13999938964844,Churned,Competitor,Competitor made better offer,1
43274-WES,Male,53,No,West Bengal,9,23,Deal 5,No,,Yes,Cable,No,Yes,No,Yes,No,Yes,Yes,Yes,Month-to-Month,Yes,Mailed Check,44.650001525878906,44.650001525878906,0.0,0,0.0,44.650001525878906,Churned,Competitor,Competitor had better devices,1
43297-MAH,Male,60,No,Maharashtra,12,18,,Yes,No,Yes,Cable,No,No,No,Yes,No,No,No,No,Month-to-Month,Yes,Credit Card,50.20000076293945,109.25,0.0,10,12.680000305175781,131.92999267578125,Joined,,,1
43298-HAR,Female,55,No,Haryana,1,23,Deal 3,Yes,Yes,Yes,Fiber Optic,No,Yes,Yes,No,Yes,Yes,Yes,Yes,Month-to-Month,Yes,Bank Withdrawal,106.3499984741211,3549.25,0.0,0,737.4600219726562,4286.7099609375,Churned,Competitor,Competitor offered higher download speeds,1
43324-KAR,Female,73,No,Karnataka,8,32,Deal 4,Yes,Yes,Yes,Fiber Optic,No,No,No,No,No,Yes,No,Yes,Month-to-Month,No,Bank Withdrawal,85.55000305175781,851.75,0.0,0,60.099998474121094,911.8499755859375,Churned,Attitude,Attitude of support person,1
43353-GUJ,Female,72,Yes,Gujarat,11,33,,Yes,Yes,Yes,Fiber Optic,No,No,Yes,No,No,Yes,No,Yes,Month-to-Month,Yes,Bank Withdrawal,88.8499984741211,372.45001220703125,0.0,0,51.439998626708984,423.8900146484375,Churned,Other,Don't know,1
43397-UTT,Female,41,No,Uttar Pradesh,6,33,,Yes,Yes,Yes,Fiber Optic,No,No,No,No,No,No,No,Yes,Month-to-Month,Yes,Credit Card,74.4000015258789,896.75,0.0,0,37.959999084472656,934.7100219726562,Churned,Competitor,Competitor made better offer,1
43604-TAM,Female,18,No,Tamil Nadu,14,7,Deal 5,Yes,No,No,,,,,,,,,,One Year,No,Mailed Check,19.649999618530273,19.649999618530273,0.0,0,23.40999984741211,43.060001373291016,Joined,,,1
43625-UTT,Female,22,Yes,Uttar Pradesh,6,8,,Yes,Yes,Yes,Fiber Optic,No,Yes,Yes,No,Yes,Yes,Yes,Yes,Month-to-Month,Yes,Bank Withdrawal,105.05000305175781,5624.85009765625,27.600000381469727,0,550.6799926757812,6147.93017578125,Churned,Other,Don't know,1
43670-BIH,Female,45,Yes,Bihar,2,20,Deal 5,Yes,No,Yes,Cable,No,No,No,No,No,No,No,Yes,Month-to-Month,No,Mailed Check,45.95000076293945,45.95000076293945,0.0,0,46.16999816894531,92.12000274658203,Churned,Competitor,Competitor had better devices,1
43865-ASS,Male,37,Yes,Assam,1,26,Deal 5,Yes,No,No,,,,,,,,,,Month-to-Month,Yes,Credit Card,19.450000762939453,19.450000762939453,0.0,0,48.959999084472656,68.41000366210938,Churned,Dissatisfaction,Poor expertise of phone support,1
43877-PUN,Male,23,No,Punjab,6,3,,Yes,No,Yes,DSL,No,No,Yes,No,No,Yes,Yes,Yes,Month-to-Month,No,Bank Withdrawal,60.849998474121094,111.4000015258789,0.0,0,30.5,141.89999389648438,Joined,,,1
43887-MAH,Female,62,Yes,Maharashtra,4,27,,Yes,Yes,Yes,Fiber Optic,No,Yes,No,No,Yes,Yes,Yes,Yes,Month-to-Month,Yes,Bank Withdrawal,99.1500015258789,6010.0498046875,0.0,0,3009.1298828125,9019.1796875,Churned,Dissatisfaction,Service dissatisfaction,1
43908-WES,Male,36,No,West Bengal,3,25,,Yes,No,Yes,Fiber Optic,No,No,No,No,No,No,No,Yes,Month-to-Month,No,Bank Withdrawal,70.3499984741211,139.25,0.0,0,89.54000091552734,228.7899932861328,Joined,,,1
43916-AND,Male,41,Yes,Andhra Pradesh,9,13,,Yes,No,Yes,Fiber Optic,Yes,No,No,No,Yes,Yes,Yes,Yes,Month-to-Month,No,Credit Card,94.6500015258789,2649.14990234375,0.0,0,1174.2099609375,3823.360107421875,Churned,Other,Don't know,1
43920-RAJ,Female,38,No,Rajasthan,9,3,Deal 5,Yes,No,Yes,Cable,Yes,No,No,No,No,No,No,Yes,Month-to-Month,No,Credit Card,49.900001525878906,49.900001525878906,0.0,0,9.0,58.900001525878906,Joined,,,1
43991-TAM,Female,52,No,Tamil Nadu,6,25,Deal 5,Yes,No,Yes,DSL,No,No,Yes,No,No,No,No,Yes,Month-to-Month,No,Mailed Check,50.45000076293945,50.45000076293945,0.0,0,9.729999542236328,60.18000030517578,Churned,Competitor,Competitor made better offer,1
44010-BIH,Male,59,No,Bihar,0,29,Deal 5,Yes,No,No,,,,,,,,,,Month-to-Month,Yes,Credit Card,20.25,20.25,0.0,0,10.710000038146973,30.959999084472656,Churned,Attitude,Attitude of support person,1
44143-GUJ,Female,35,Yes,Gujarat,4,11,,Yes,Yes,Yes,DSL,No,No,Yes,Yes,Yes,No,No,No,Month-to-Month,No,Bank Withdrawal,67.94999694824219,350.29998779296875,0.0,20,74.5,444.79998779296875,Churned,Price,Price too high,1
44198-TEL,Female,49,Yes,Telangana,3,24,,Yes,No,No,,,,,,,,,,Month-to-Month,No,Mailed Check,19.450000762939453,19.450000762939453,0.0,0,28.729999542236328,48.18000030517578,Churned,Competitor,Competitor made better offer,1
44202-TEL,Female,50,Yes,Telangana,9,14,,Yes,No,Yes,Fiber Optic,No,No,No,No,No,No,No,Yes,Month-to-Month,Yes,Credit Card,69.94999694824219,69.94999694824219,0.0,0,11.449999809265137,81.4000015258789,Joined,,,1
44208-AND,Female,25,Yes,Andhra Pradesh,2,20,,Yes,Yes,Yes,DSL,No,Yes,Yes,No,Yes,No,No,No,Month-to-Month,Yes,Bank Withdrawal,69.1500015258789,235.0,0.0,0,72.83999633789062,307.8399963378906,Joined,,,1
44434-ASS,Female,73,No,Assam,15,12,Deal 2,Yes,Yes,Yes,Fiber Optic,No,Yes,No,No,Yes,Yes,Yes,Yes,One Year,Yes,Credit Card,101.5,5373.10009765625,0.0,0,1808.4599609375,7181.56005859375,Churned,Price,Lack of affordable download/upload speed,1
44458-TAM,Female,43,No,Tamil Nadu,7,20,,Yes,No,Yes,Fiber Optic,No,No,No,No,No,Yes,Yes,Yes,Month-to-Month,Yes,Bank Withdrawal,79.55000305175781,723.4000244140625,0.0,0,408.69000244140625,1132.0899658203125,Churned,Competitor,Competitor offered more data,1
44514-PUN,Male,62,Yes,Punjab,12,2,Deal 5,No,,Yes,DSL,No,No,No,No,No,No,No,Yes,Month-to-Month,Yes,Bank Withdrawal,24.25,24.25,0.0,0,0.0,24.25,Churned,Dissatisfaction,Lack of self-service on Website,1
44558-AND,Female,36,Yes,Andhra Pradesh,11,2,,Yes,Yes,Yes,Fiber Optic,No,Yes,No,No,No,Yes,Yes,No,Month-to-Month,Yes,Credit Card,91.5,242.9499969482422,0.0,10,94.83000183105469,347.7799987792969,Churned,Competitor,Competitor offered higher download speeds,1
44561-MAD,Male,35,Yes,Madhya Pradesh,5,25,Deal 4,Yes,Yes,Yes,Fiber Optic,No,No,No,No,Yes,Yes,Yes,Yes,Month-to-Month,No,Bank Withdrawal,94.55000305175781,1173.550048828125,0.0,0,166.55999755859375,1340.1099853515625,Stayed,Others,Others,1
44580-HAR,Female,82,No,Haryana,8,17,,Yes,Yes,Yes,DSL,Yes,Yes,Yes,Yes,Yes,Yes,No,Yes,Two Year,No,Credit Card,92.44999694824219,6440.25,0.0,0,1855.43994140625,8295.6904296875,Churned,Competitor,Competitor made better offer,1
44580-MAH,Male,39,Yes,Maharashtra,2,22,Deal 1,Yes,Yes,Yes,Fiber Optic,Yes,No,No,Yes,No,Yes,Yes,Yes,One Year,Yes,Credit Card,94.3499984741211,6341.4501953125,0.0,0,2072.97998046875,8414.4296875,Churned,Price,Long distance charges,1
44655-TEL,Male,41,Yes,Telangana,0,25,,Yes,No,Yes,DSL,No,No,No,Yes,No,No,No,Yes,Month-to-Month,Yes,Mailed Check,50.5,147.75,0.0,0,79.13999938964844,226.88999938964844,Joined,,,1
44693-UTT,Female,53,No,Uttar Pradesh,11,27,,Yes,No,No,,,,,,,,,,One Year,No,Credit Card,20.299999237060547,31.899999618530273,0.0,0,70.83999633789062,102.73999786376953,Joined,,,1
44700-DEL,Female,48,No,Delhi,10,19,Deal 5,Yes,Yes,Yes,Fiber Optic,No,No,No,No,Yes,No,No,No,Month-to-Month,Yes,Bank Withdrawal,84.5999984741211,84.5999984741211,0.0,0,7.340000152587891,91.94000244140625,Joined,,,1
44709-WES,Female,72,Yes,West Bengal,7,17,,No,,Yes,DSL,No,Yes,No,No,No,No,No,Yes,Month-to-Month,Yes,Bank Withdrawal,30.75,82.8499984741211,0.0,0,0.0,82.8499984741211,Joined,,,1
44718-JAM,Male,52,Yes,Jammu & Kashmir,15,18,,Yes,No,No,,,,,,,,,,Month-to-Month,Yes,Mailed Check,20.200000762939453,20.200000762939453,0.0,0,13.270000457763672,33.470001220703125,Churned,Price,Long distance charges,1
44732-AND,Male,71,No,Andhra Pradesh,6,29,Deal 4,Yes,Yes,Yes,Fiber Optic,No,Yes,No,No,Yes,No,No,Yes,Month-to-Month,Yes,Bank Withdrawal,88.19999694824219,1775.800048828125,0.0,0,759.4299926757812,2535.22998046875,Churned,Competitor,Competitor had better devices,1
44755-JHA,Female,28,Yes,Jharkhand,9,19,,Yes,No,Yes,Fiber Optic,No,No,No,No,Yes,No,Yes,No,Month-to-Month,Yes,Bank Withdrawal,80.55000305175781,80.55000305175781,0.0,0,43.66999816894531,124.22000122070312,Churned,Competitor,Competitor had better devices,1
44775-GUJ,Female,58,Yes,Gujarat,10,1,,No,,Yes,Cable,No,No,No,No,Yes,Yes,Yes,No,Month-to-Month,Yes,Bank Withdrawal,45.400001525878906,418.79998779296875,0.0,20,0.0,438.79998779296875,Churned,Competitor,Competitor had better devices,1
44857-GUJ,Female,46,Yes,Gujarat,14,2,,Yes,No,Yes,Fiber Optic,No,No,No,No,No,No,No,Yes,Month-to-Month,Yes,Bank Withdrawal,70.19999694824219,237.9499969482422,0.0,0,52.08000183105469,290.0299987792969,Churned,Competitor,Competitor had better devices,1
44934-TAM,Male,23,Yes,Tamil Nadu,9,9,Deal 2,Yes,Yes,Yes,Fiber Optic,No,Yes,No,Yes,Yes,Yes,Yes,Yes,Month-to-Month,No,Bank Withdrawal,103.69999694824219,5071.0498046875,36.61000061035156,0,1707.0,6741.43994140625,Churned,Competitor,Competitor had better devices,1
45007-MAH,Female,80,No,Maharashtra,8,31,,Yes,No,Yes,Fiber Optic,No,No,No,No,Yes,Yes,No,Yes,Month-to-Month,Yes,Bank Withdrawal,91.4000015258789,449.75,0.0,0,22.950000762939453,472.70001220703125,Churned,Dissatisfaction,Network reliability,1
45027-KAR,Female,42,No,Karnataka,7,5,Deal 5,Yes,No,Yes,DSL,No,Yes,No,Yes,No,No,No,Yes,Month-to-Month,Yes,Credit Card,55.04999923706055,102.75,0.0,0,85.0999984741211,187.85000610351562,Churned,Competitor,Competitor had better devices,1
45038-BIH,Female,25,Yes,Bihar,7,14,,Yes,No,Yes,Fiber Optic,Yes,No,No,No,No,No,No,Yes,Month-to-Month,Yes,Bank Withdrawal,74.55000305175781,233.64999389648438,0.0,0,30.299999237060547,263.95001220703125,Joined,,,1
45084-JAM,Female,18,No,Jammu & Kashmir,14,9,,Yes,Yes,Yes,Fiber Optic,No,No,No,No,Yes,Yes,Yes,No,Month-to-Month,Yes,Bank Withdrawal,95.19999694824219,292.8500061035156,0.0,20,69.77999877929688,382.6300048828125,Churned,Competitor,Competitor made better offer,1
45159-UTT,Female,52,Yes,Uttar Pradesh,14,13,Deal 4,Yes,No,No,,,,,,,,,,Month-to-Month,No,Credit Card,19.0,233.5500030517578,0.0,0,233.75999450683594,467.30999755859375,Churned,Competitor,Competitor made better offer,1
45199-ASS,Male,44,No,Assam,2,11,,Yes,No,Yes,DSL,No,No,No,No,No,No,No,No,Month-to-Month,No,Mailed Check,44.650001525878906,74.9000015258789,0.0,10,49.79999923706055,134.6999969482422,Churned,Competitor,Competitor made better offer,1
45202-UTT,Male,38,No,Uttar Pradesh,9,25,,Yes,No,Yes,Fiber Optic,No,No,No,No,No,No,No,Yes,Month-to-Month,Yes,Bank Withdrawal,70.0,740.0,0.0,0,272.79998779296875,1012.7999877929688,Churned,Competitor,Competitor had better devices,1
45213-AND,Female,25,Yes,Andhra Pradesh,15,5,Deal 5,Yes,No,Yes,Cable,Yes,No,No,No,No,Yes,Yes,Yes,Month-to-Month,Yes,Credit Card,61.20000076293945,125.94999694824219,0.0,0,64.12000274658203,190.07000732421875,Joined,,,1
45307-MAD,Female,73,Yes,Madhya Pradesh,5,9,,Yes,Yes,Yes,Cable,No,No,No,No,No,Yes,No,Yes,Month-to-Month,Yes,Bank Withdrawal,86.6500015258789,856.6500244140625,0.0,0,465.0,1321.6500244140625,Churned,Dissatisfaction,Limited range of services,1
45324-TAM,Female,36,Yes,Tamil Nadu,8,14,,Yes,No,Yes,Fiber Optic,No,Yes,No,No,No,Yes,Yes,Yes,Month-to-Month,Yes,Bank Withdrawal,84.5999984741211,1017.3499755859375,0.0,0,30.84000015258789,1048.18994140625,Stayed,Others,Others,1
45330-MAH,Female,58,Yes,Maharashtra,14,22,,No,,Yes,DSL,No,No,No,Yes,No,No,No,No,Month-to-Month,Yes,Bank Withdrawal,29.700000762939453,438.25,0.0,90,0.0,528.25,Churned,Competitor,Competitor offered more data,1
45339-AND,Female,29,Yes,Andhra Pradesh,11,2,Deal 5,Yes,No,No,,,,,,,,,,Month-to-Month,Yes,Mailed Check,19.799999237060547,58.150001525878906,0.0,0,45.36000061035156,103.51000213623047,Churned,Price,Long distance charges,1
45398-GUJ,Female,39,No,Gujarat,15,29,Deal 1,Yes,Yes,Yes,Fiber Optic,No,Yes,No,No,Yes,Yes,Yes,No,Two Year,No,Bank Withdrawal,98.30000305175781,6859.5,0.0,20,2071.300048828125,8950.7998046875,Churned,Competitor,Competitor had better devices,1
45501-AND,Male,64,Yes,Andhra Pradesh,12,7,Deal 2,Yes,Yes,Yes,Fiber Optic,No,No,No,No,Yes,Yes,No,Yes,Month-to-Month,Yes,Bank Withdrawal,96.19999694824219,4718.25,0.0,0,1585.6400146484375,6303.89013671875,Churned,Attitude,Attitude of support person,1
45522-ODI,Male,75,No,Odisha,14,33,,Yes,Yes,Yes,Fiber Optic,No,Yes,Yes,No,No,Yes,No,No,Month-to-Month,Yes,Bank Withdrawal,94.0999984741211,1782.4000244140625,0.0,80,974.5999755859375,2837.0,Churned,Competitor,Competitor had better devices,1
45561-MAH,Female,44,Yes,Maharashtra,6,7,Deal 5,Yes,No,No,,,,,,,,,,Month-to-Month,Yes,Mailed Check,20.0,40.900001525878906,0.0,0,86.54000091552734,127.44000244140625,Joined,,,1
45591-GUJ,Female,20,Yes,Gujarat,8,5,,Yes,Yes,Yes,Cable,No,No,No,Yes,No,Yes,Yes,Yes,Month-to-Month,No,Credit Card,65.55000305175781,237.1999969482422,0.0,0,53.2400016784668,290.44000244140625,Stayed,Others,Others,1
45611-GUJ,Female,66,No,Gujarat,12,33,Deal 3,Yes,No,Yes,Fiber Optic,No,Yes,No,No,No,Yes,Yes,Yes,Month-to-Month,No,Bank Withdrawal,84.94999694824219,2169.75,0.0,0,474.760009765625,2644.510009765625,Churned,Price,Price too high,1
45654-PUN,Female,26,Yes,Punjab,7,19,Deal 5,Yes,Yes,Yes,Fiber Optic,No,No,No,No,No,No,Yes,Yes,Month-to-Month,Yes,Bank Withdrawal,74.4000015258789,229.5500030517578,8.739999771118164,0,43.79999923706055,264.6099853515625,Churned,Dissatisfaction,Product dissatisfaction,1
45672-TAM,Female,29,No,Tamil Nadu,0,2,,Yes,No,No,,,,,,,,,,Month-to-Month,No,Mailed Check,20.200000762939453,20.200000762939453,0.0,0,42.150001525878906,62.349998474121094,Joined,,,1
45744-WES,Female,68,Yes,West Bengal,1,35,,Yes,Yes,Yes,Fiber Optic,No,No,No,No,Yes,Yes,No,Yes,Month-to-Month,Yes,Bank Withdrawal,93.8499984741211,5574.75,8.130000114440918,0,636.02001953125,6202.64013671875,Churned,Price,Price too high,1
45771-KAR,Female,50,No,Karnataka,3,7,,Yes,No,Yes,DSL,No,No,No,No,No,No,No,Yes,Month-to-Month,No,Credit Card,44.45000076293945,44.45000076293945,0.0,0,23.34000015258789,67.79000091552734,Joined,,,1
45773-AND,Female,45,No,Andhra Pradesh,14,7,Deal 4,Yes,No,Yes,DSL,No,No,No,No,No,No,No,Yes,Month-to-Month,Yes,Bank Withdrawal,44.04999923706055,483.70001220703125,0.0,0,273.1300048828125,756.8300170898438,Churned,Competitor,Competitor had better devices,1
45860-ODI,Female,38,Yes,Odisha,14,12,,Yes,No,Yes,Fiber Optic,No,No,No,No,Yes,No,No,Yes,Month-to-Month,Yes,Bank Withdrawal,77.6500015258789,714.1500244140625,0.0,0,205.9199981689453,920.0700073242188,Churned,Competitor,Competitor made better offer,1
45932-JAM,Male,58,No,Jammu & Kashmir,8,30,,Yes,No,No,,,,,,,,,,Month-to-Month,Yes,Bank Withdrawal,20.0,288.04998779296875,0.0,0,467.1000061035156,755.1500244140625,Churned,Competitor,Competitor made better offer,1
45978-GUJ,Female,38,Yes,Gujarat,2,19,,Yes,No,No,,,,,,,,,,Month-to-Month,No,Credit Card,20.75,44.20000076293945,0.0,0,55.34000015258789,99.54000091552734,Joined,,,1
45987-MAH,Female,68,Yes,Maharashtra,12,8,,Yes,Yes,Yes,Cable,No,No,No,No,No,No,No,Yes,Month-to-Month,No,Credit Card,50.54999923706055,50.54999923706055,0.0,0,22.559999465942383,73.11000061035156,Churned,Dissatisfaction,Product dissatisfaction,1
45991-MAH,Female,29,No,Maharashtra,7,10,,Yes,No,Yes,Fiber Optic,Yes,Yes,Yes,No,No,No,Yes,Yes,Month-to-Month,Yes,Credit Card,83.9000015258789,3233.60009765625,0.0,0,1374.8399658203125,4608.43994140625,Churned,Competitor,Competitor offered higher download speeds,1
46004-TAM,Male,25,Yes,Tamil Nadu,1,6,,Yes,No,Yes,DSL,No,No,No,Yes,Yes,Yes,Yes,Yes,Month-to-Month,No,Bank Withdrawal,-8.0,132.39999389648438,0.0,0,47.040000915527344,179.44000244140625,Joined,,,1
46081-TAM,Male,41,Yes,Tamil Nadu,14,29,,Yes,No,Yes,DSL,No,No,No,No,No,No,No,Yes,Month-to-Month,No,Credit Card,45.150001525878906,45.150001525878906,0.0,0,42.34000015258789,87.48999786376953,Joined,,,1
46097-AND,Male,28,Yes,Andhra Pradesh,11,33,Deal 5,Yes,Yes,Yes,Fiber Optic,No,No,No,No,No,No,Yes,Yes,Month-to-Month,Yes,Bank Withdrawal,74.9000015258789,74.9000015258789,0.0,0,1.840000033378601,76.73999786376953,Churned,Other,Moved,1
46143-JHA,Male,30,No,Jharkhand,0,6,,Yes,No,Yes,Fiber Optic,No,No,No,No,No,No,No,Yes,Month-to-Month,Yes,Bank Withdrawal,70.4000015258789,1214.050048828125,0.0,0,232.55999755859375,1446.6099853515625,Churned,Competitor,Competitor had better devices,1
46162-AND,Female,76,Yes,Andhra Pradesh,4,11,Deal 4,Yes,No,Yes,Fiber Optic,No,No,No,No,No,Yes,No,Yes,Month-to-Month,Yes,Bank Withdrawal,79.25,793.5499877929688,0.0,0,75.0999984741211,868.6500244140625,Churned,Competitor,Competitor had better devices,1
46172-ASS,Male,60,Yes,Assam,1,20,,Yes,No,Yes,Fiber Optic,No,No,No,Yes,Yes,Yes,Yes,Yes,Month-to-Month,Yes,Bank Withdrawal,96.0999984741211,453.3999938964844,0.0,0,155.4499969482422,608.8499755859375,Churned,Competitor,Competitor made better offer,1
46190-DEL,Male,28,Yes,Delhi,0,24,Deal 3,Yes,No,Yes,Fiber Optic,No,No,Yes,No,Yes,Yes,Yes,No,One Year,Yes,Bank Withdrawal,95.80000305175781,3036.75,0.0,60,1379.4000244140625,4476.14990234375,Churned,Competitor,Competitor made better offer,1
46190-GUJ,Male,27,Yes,Gujarat,0,36,Deal 5,Yes,No,Yes,DSL,No,No,No,No,No,Yes,Yes,No,Month-to-Month,No,Mailed Check,55.54999923706055,55.54999923706055,0.0,30,33.31999969482422,118.87000274658203,Joined,,,1
46214-JAM,Female,58,No,Jammu & Kashmir,5,12,,Yes,Yes,Yes,Fiber Optic,No,No,No,No,Yes,No,No,Yes,Month-to-Month,Yes,Bank Withdrawal,84.4000015258789,4116.14990234375,0.0,0,1766.5,5882.64990234375,Churned,Competitor,Competitor had better devices,1
46363-GUJ,Male,51,No,Gujarat,14,6,,Yes,No,Yes,Cable,Yes,No,No,No,No,No,No,Yes,Month-to-Month,No,Credit Card,50.599998474121094,50.599998474121094,0.0,0,11.859999656677246,62.459999084472656,Churned,Dissatisfaction,Service dissatisfaction,1
46378-MAH,Female,59,Yes,Maharashtra,15,10,,Yes,No,Yes,Fiber Optic,No,No,No,No,No,No,No,Yes,Month-to-Month,Yes,Credit Card,70.4000015258789,154.8000030517578,0.0,0,14.979999542236328,169.77999877929688,Joined,,,1
46518-MAH,Male,74,No,Maharashtra,0,5,,Yes,No,Yes,Fiber Optic,No,No,No,No,No,Yes,No,Yes,Month-to-Month,No,Bank Withdrawal,81.5,1329.199951171875,0.0,0,161.5,1490.699951171875,Churned,Competitor,Competitor made better offer,1
46549-TAM,Male,72,Yes,Tamil Nadu,3,20,Deal 5,Yes,No,Yes,Fiber Optic,No,No,No,No,No,No,No,Yes,Month-to-Month,Yes,Bank Withdrawal,70.4000015258789,204.6999969482422,0.0,0,6.78000020980835,211.47999572753906,Churned,Other,Don't know,1
46577-MAH,Female,36,Yes,Maharashtra,13,8,,Yes,Yes,Yes,Fiber Optic,No,Yes,Yes,No,No,Yes,Yes,Yes,Month-to-Month,Yes,Bank Withdrawal,94.8499984741211,953.4500122070312,0.0,0,432.6000061035156,1386.050048828125,Churned,Competitor,Competitor offered more data,1
46619-RAJ,Male,25,No,Rajasthan,1,14,,Yes,No,No,,,,,,,,,,One Year,No,Credit Card,20.399999618530273,20.399999618530273,0.0,0,27.5,47.900001525878906,Joined,,,1
46624-WES,Female,26,Yes,West Bengal,13,27,Deal 5,Yes,Yes,Yes,Fiber Optic,No,Yes,No,No,No,No,No,Yes,Month-to-Month,Yes,Mailed Check,80.19999694824219,80.19999694824219,0.0,0,1.2300000190734863,81.43000030517578,Churned,Price,Lack of affordable download/upload speed,1
46712-WES,Female,41,No,West Bengal,0,3,Deal 5,Yes,Yes,Yes,Fiber Optic,No,No,No,No,Yes,Yes,Yes,Yes,Month-to-Month,Yes,Bank Withdrawal,94.8499984741211,462.79998779296875,0.0,0,200.75,663.5499877929688,Churned,Attitude,Attitude of service provider,1
46730-ASS,Female,18,No,Assam,5,4,Deal 5,Yes,No,Yes,Fiber Optic,No,Yes,No,No,No,No,No,Yes,Month-to-Month,Yes,Bank Withdrawal,74.75,144.8000030517578,0.0,0,87.12000274658203,231.9199981689453,Joined,,,1
46792-MAD,Female,59,Yes,Madhya Pradesh,6,25,Deal 5,No,,Yes,DSL,No,No,Yes,Yes,No,No,No,Yes,Month-to-Month,No,Credit Card,35.900001525878906,35.900001525878906,0.0,0,0.0,35.900001525878906,Joined,,,1
46865-PUN,Female,18,No,Punjab,11,1,Deal 5,Yes,Yes,Yes,Fiber Optic,No,Yes,No,No,No,No,No,Yes,Month-to-Month,Yes,Bank Withdrawal,79.44999694824219,145.14999389648438,0.0,0,57.220001220703125,202.3699951171875,Joined,,,1
46886-UTT,Female,65,No,Uttar Pradesh,0,22,,Yes,No,Yes,Fiber Optic,No,No,No,No,No,No,No,Yes,Month-to-Month,Yes,Bank Withdrawal,70.6500015258789,142.35000610351562,0.0,0,25.040000915527344,167.38999938964844,Churned,Competitor,Competitor had better devices,1
46946-UTT,Female,42,Yes,Uttar Pradesh,0,11,,Yes,No,Yes,Fiber Optic,Yes,No,No,No,Yes,Yes,Yes,Yes,Month-to-Month,Yes,Credit Card,92.3499984741211,2602.89990234375,0.0,0,1054.47998046875,3657.3798828125,Churned,Price,Lack of affordable download/upload speed,1
46986-DEL,Female,52,Yes,Delhi,4,17,Deal 5,Yes,Yes,Yes,Fiber Optic,No,Yes,No,Yes,No,Yes,Yes,Yes,Month-to-Month,Yes,Bank Withdrawal,93.5,362.20001220703125,0.0,0,29.559999465942383,391.760009765625,Churned,Competitor,Competitor made better offer,1
47005-TAM,Male,51,Yes,Tamil Nadu,5,28,Deal 5,No,,Yes,DSL,No,No,No,No,No,No,No,Yes,One Year,No,Bank Withdrawal,24.100000381469727,259.79998779296875,0.0,0,0.0,259.79998779296875,Churned,Competitor,Competitor offered more data,1
47045-TAM,Male,74,No,Tamil Nadu,13,20,,Yes,No,Yes,Fiber Optic,No,Yes,No,No,No,No,No,Yes,Month-to-Month,Yes,Bank Withdrawal,73.0,73.0,0.0,0,20.549999237060547,93.55000305175781,Churned,Competitor,Competitor offered more data,1
47080-HAR,Female,49,Yes,Haryana,11,18,Deal 4,No,,Yes,DSL,No,No,Yes,No,No,No,No,No,Month-to-Month,No,Credit Card,29.5,255.25,0.0,40,0.0,295.25,Churned,Dissatisfaction,Service dissatisfaction,1
47094-MAD,Male,27,No,Madhya Pradesh,11,6,Deal 5,Yes,Yes,Yes,Fiber Optic,No,No,No,No,No,No,No,Yes,Month-to-Month,Yes,Bank Withdrawal,76.5,162.4499969482422,0.0,0,34.439998626708984,196.88999938964844,Churned,Other,Don't know,1
47133-ODI,Female,60,Yes,Odisha,15,8,,Yes,No,Yes,Cable,No,No,No,No,No,No,No,Yes,Month-to-Month,No,Bank Withdrawal,44.599998474121094,122.69999694824219,0.0,0,46.77000045776367,169.47000122070312,Joined,,,1
47178-KAR,Female,26,Yes,Karnataka,2,9,Deal 5,Yes,No,Yes,DSL,No,No,No,No,No,No,Yes,Yes,Month-to-Month,Yes,Bank Withdrawal,44.400001525878906,44.400001525878906,0.0,0,7.139999866485596,51.540000915527344,Churned,Attitude,Attitude of service provider,1
47183-TAM,Female,27,Yes,Tamil Nadu,14,26,,Yes,No,Yes,Fiber Optic,No,Yes,Yes,No,No,No,No,Yes,Month-to-Month,No,Bank Withdrawal,79.69999694824219,165.0,0.0,0,57.720001220703125,222.72000122070312,Churned,Competitor,Competitor had better devices,1
47240-DEL,Male,28,No,Delhi,4,32,Deal 3,Yes,No,Yes,DSL,No,No,Yes,Yes,Yes,Yes,Yes,Yes,One Year,Yes,Mailed Check,73.9000015258789,2405.050048828125,0.0,0,1099.56005859375,3504.610107421875,Churned,Competitor,Competitor had better devices,1
47359-UTT,Female,43,Yes,Uttar Pradesh,15,25,Deal 4,Yes,Yes,Yes,Fiber Optic,No,Yes,Yes,Yes,No,No,No,Yes,Month-to-Month,No,Bank Withdrawal,89.4000015258789,1132.3499755859375,0.0,0,111.66999816894531,1244.02001953125,Churned,Competitor,Competitor had better devices,1
47429-UTT,Female,57,Yes,Uttar Pradesh,13,3,,Yes,Yes,Yes,Fiber Optic,Yes,Yes,Yes,Yes,Yes,Yes,Yes,Yes,One Year,Yes,Bank Withdrawal,118.3499984741211,7804.14990234375,0.0,0,1518.219970703125,9322.3701171875,Churned,Competitor,Competitor had better devices,1
47437-AND,Female,81,No,Andhra Pradesh,10,27,,Yes,No,Yes,Fiber Optic,No,No,No,No,No,No,No,Yes,Month-to-Month,Yes,Bank Withdrawal,69.69999694824219,560.8499755859375,0.0,0,119.12000274658203,679.969970703125,Churned,Dissatisfaction,Product dissatisfaction,1
47492-AND,Female,30,Yes,Andhra Pradesh,15,24,Deal 5,Yes,No,No,,,,,,,,,,Month-to-Month,Yes,Bank Withdrawal,20.149999618530273,20.149999618530273,0.0,0,18.6299991607666,38.779998779296875,Joined,,,1
47504-HAR,Male,27,No,Haryana,14,33,Deal 3,Yes,Yes,Yes,Fiber Optic,No,No,Yes,Yes,Yes,Yes,Yes,Yes,Month-to-Month,Yes,Bank Withdrawal,104.80000305175781,3046.050048828125,0.0,0,136.9199981689453,3182.969970703125,Churned,Other,Moved,1
47511-AND,Female,65,No,Andhra Pradesh,1,20,Deal 3,Yes,Yes,Yes,DSL,Yes,No,No,No,No,No,No,Yes,Month-to-Month,No,Bank Withdrawal,54.75,1338.1500244140625,0.0,0,414.4800109863281,1752.6300048828125,Churned,Attitude,Attitude of support person,1
47518-RAJ,Female,35,Yes,Rajasthan,12,29,Deal 5,Yes,No,No,,,,,,,,,,Month-to-Month,Yes,Bank Withdrawal,21.0,21.0,0.0,0,16.65999984741211,37.65999984741211,Churned,Attitude,Attitude of support person,1
47562-UTT,Male,64,No,Uttar Pradesh,15,33,Deal 3,No,,Yes,DSL,No,No,No,No,No,Yes,No,No,Month-to-Month,No,Bank Withdrawal,36.5,1032.0,0.0,30,0.0,1062.0,Churned,Dissatisfaction,Product dissatisfaction,1
47567-JAM,Female,74,Yes,Jammu & Kashmir,10,11,,Yes,No,Yes,Fiber Optic,No,No,No,No,No,No,No,Yes,Month-to-Month,Yes,Credit Card,69.05000305175781,318.5,0.0,0,150.25,468.75,Churned,Competitor,Competitor made better offer,1
47611-WES,Male,25,No,West Bengal,4,31,,Yes,No,Yes,DSL,No,No,No,No,No,Yes,Yes,No,Month-to-Month,Yes,Bank Withdrawal,55.25,55.25,0.0,60,39.189998626708984,154.44000244140625,Joined,,,1
47612-AND,Female,58,Yes,Andhra Pradesh,10,35,,Yes,No,Yes,Fiber Optic,Yes,No,Yes,Yes,Yes,Yes,Yes,Yes,Month-to-Month,No,Bank Withdrawal,105.0999984741211,1582.75,0.0,0,335.8500061035156,1918.5999755859375,Churned,Competitor,Competitor made better offer,1
47613-AND,Male,48,No,Andhra Pradesh,10,9,Deal 5,Yes,No,Yes,DSL,No,Yes,Yes,No,No,No,No,Yes,Month-to-Month,Yes,Mailed Check,55.29999923706055,324.25,0.0,0,11.15999984741211,335.4100036621094,Churned,Competitor,Competitor made better offer,1
47624-TAM,Female,62,Yes,Tamil Nadu,7,29,,Yes,No,Yes,DSL,No,No,No,No,No,Yes,Yes,Yes,Month-to-Month,No,Mailed Check,-5.0,189.10000610351562,0.0,0,100.58999633789062,289.69000244140625,Joined,,,1
47692-ODI,Male,76,Yes,Odisha,10,2,Deal 5,Yes,Yes,Yes,Fiber Optic,No,No,No,No,No,No,No,Yes,Month-to-Month,Yes,Mailed Check,74.8499984741211,156.39999389648438,0.0,0,90.81999969482422,247.22000122070312,Churned,Competitor,Competitor made better offer,1
47708-TAM,Female,25,No,Tamil Nadu,14,26,,Yes,Yes,Yes,Fiber Optic,No,No,Yes,No,Yes,Yes,Yes,Yes,Month-to-Month,Yes,Bank Withdrawal,99.5,3762.0,0.0,0,1342.72998046875,5104.72998046875,Churned,Competitor,Competitor made better offer,1
47737-UTT,Male,42,No,Uttar Pradesh,15,25,,Yes,No,No,,,,,,,,,,Month-to-Month,No,Credit Card,19.649999618530273,19.649999618530273,0.0,0,16.90999984741211,36.560001373291016,Joined,,,1
47767-BIH,Female,22,Yes,Bihar,0,1,Deal 5,Yes,No,Yes,Fiber Optic,No,No,No,No,Yes,No,Yes,No,Month-to-Month,Yes,Bank Withdrawal,81.0,340.8500061035156,0.0,50,86.4800033569336,477.3299865722656,Churned,Dissatisfaction,Limited range of services,1
47841-GUJ,Male,61,No,Gujarat,9,23,,Yes,No,Yes,Cable,No,No,No,No,No,Yes,Yes,Yes,Month-to-Month,Yes,Credit Card,55.70000076293945,55.70000076293945,0.0,0,48.220001220703125,103.91999816894531,Churned,Dissatisfaction,Product dissatisfaction,1
47895-TAM,Male,65,Yes,Tamil Nadu,6,28,Deal 5,Yes,Yes,Yes,Fiber Optic,No,No,No,No,No,No,No,Yes,Month-to-Month,Yes,Bank Withdrawal,74.4000015258789,74.4000015258789,0.0,0,11.079999923706055,85.4800033569336,Churned,Price,Price too high,1
47929-AND,Male,50,No,Andhra Pradesh,4,13,Deal 4,Yes,Yes,Yes,DSL,No,No,No,No,No,No,No,No,Month-to-Month,No,Bank Withdrawal,51.54999923706055,765.5,0.0,20,47.25,832.75,Churned,Attitude,Attitude of support person,1
47952-JHA,Female,18,No,Jharkhand,6,5,,Yes,No,Yes,Fiber Optic,Yes,No,No,No,Yes,No,Yes,No,Month-to-Month,No,Bank Withdrawal,86.19999694824219,1270.199951171875,0.0,100,300.45001220703125,1670.6500244140625,Churned,Dissatisfaction,Lack of self-service on Website,1
47957-GUJ,Female,26,No,Gujarat,4,2,Deal 5,Yes,No,No,,,,,,,,,,Month-to-Month,Yes,Credit Card,20.450000762939453,20.450000762939453,0.0,0,42.16999816894531,62.619998931884766,Joined,,,1
47967-TAM,Female,26,Yes,Tamil Nadu,8,32,,Yes,Yes,Yes,Fiber Optic,No,Yes,Yes,No,No,No,Yes,Yes,Month-to-Month,No,Bank Withdrawal,84.05000305175781,333.54998779296875,0.0,0,166.8800048828125,500.42999267578125,Churned,Competitor,Competitor offered higher download speeds,1
48001-GUJ,Female,57,No,Gujarat,5,33,,Yes,Yes,Yes,Fiber Optic,No,Yes,Yes,Yes,Yes,Yes,Yes,Yes,Month-to-Month,Yes,Bank Withdrawal,107.5,3242.5,0.0,0,736.7999877929688,3979.300048828125,Stayed,Others,Others,1
48018-RAJ,Male,39,No,Rajasthan,1,14,,Yes,No,No,,,,,,,,,,Month-to-Month,No,Credit Card,19.549999237060547,19.549999237060547,0.0,0,30.6299991607666,50.18000030517578,Joined,,,1
48043-BIH,Female,20,Yes,Bihar,3,4,,Yes,No,Yes,Cable,No,Yes,No,No,No,Yes,Yes,Yes,Month-to-Month,No,Bank Withdrawal,83.30000305175781,1845.9000244140625,0.0,0,88.22000122070312,1934.1199951171875,Churned,Competitor,Competitor had better devices,1
48051-GUJ,Female,49,Yes,Gujarat,0,36,,No,,Yes,DSL,No,No,No,No,No,No,No,Yes,One Year,No,Credit Card,25.850000381469727,25.850000381469727,0.0,0,0.0,25.850000381469727,Joined,,,1
48088-JAM,Female,32,No,Jammu & Kashmir,1,26,,Yes,No,Yes,Fiber Optic,No,No,No,No,Yes,Yes,Yes,Yes,Month-to-Month,Yes,Bank Withdrawal,90.25,2755.35009765625,0.0,0,901.7999877929688,3657.14990234375,Churned,Competitor,Competitor made better offer,1
48163-AND,Male,70,No,Andhra Pradesh,7,1,Deal 2,Yes,Yes,Yes,Fiber Optic,No,Yes,No,No,No,Yes,No,Yes,Month-to-Month,No,Credit Card,90.05000305175781,4547.25,0.0,0,1123.0799560546875,5670.330078125,Churned,Competitor,Competitor made better offer,1
48222-WES,Male,22,No,West Bengal,5,11,,Yes,No,Yes,Cable,No,Yes,No,Yes,No,Yes,Yes,Yes,One Year,Yes,Credit Card,65.4000015258789,2498.39990234375,0.0,0,954.3599853515625,3452.760009765625,Churned,Other,Don't know,1
48317-TEL,Female,34,No,Telangana,9,11,Deal 5,Yes,No,No,,,,,,,,,,Month-to-Month,Yes,Credit Card,19.600000381469727,59.75,0.0,0,39.84000015258789,99.58999633789062,Churned,Attitude,Attitude of support person,1
48330-UTT,Female,60,Yes,Uttar Pradesh,1,34,,Yes,Yes,Yes,Fiber Optic,No,No,Yes,No,Yes,Yes,Yes,Yes,Month-to-Month,Yes,Bank Withdrawal,100.5,918.5999755859375,0.0,0,438.3900146484375,1356.989990234375,Churned,Competitor,Competitor had better devices,1
48450-UTT,Male,66,Yes,Uttar Pradesh,6,11,Deal 5,Yes,No,Yes,Fiber Optic,Yes,No,No,Yes,Yes,No,No,Yes,Month-to-Month,Yes,Mailed Check,88.30000305175781,273.75,0.0,0,77.30999755859375,351.05999755859375,Churned,Attitude,Attitude of support person,1
48489-TAM,Female,62,Yes,Tamil Nadu,15,28,Deal 3,Yes,No,Yes,Fiber Optic,No,No,No,No,No,No,No,Yes,Month-to-Month,Yes,Credit Card,70.0,2416.10009765625,11.0,0,158.44000244140625,2563.5400390625,Churned,Competitor,Competitor offered more data,1
48559-UTT,Male,61,No,Uttar Pradesh,9,14,Deal 5,Yes,No,Yes,DSL,No,No,No,No,No,No,No,No,Month-to-Month,No,Mailed Check,44.95000076293945,431.0,0.0,10,25.920000076293945,466.9200134277344,Churned,Competitor,Competitor had better devices,1
48598-MAD,Female,71,Yes,Madhya Pradesh,12,1,,Yes,No,Yes,Fiber Optic,No,Yes,No,No,Yes,Yes,No,Yes,One Year,No,Credit Card,95.25,4424.2001953125,0.0,0,281.9800109863281,4706.18017578125,Churned,Competitor,Competitor had better devices,1
48712-GUJ,Female,56,Yes,Gujarat,1,2,Deal 5,Yes,No,Yes,DSL,No,No,No,No,No,No,No,Yes,Month-to-Month,No,Credit Card,44.400001525878906,44.400001525878906,0.0,0,26.530000686645508,70.93000030517578,Churned,Attitude,Attitude of support person,1
48857-UTT,Male,54,Yes,Uttar Pradesh,15,17,Deal 4,No,,Yes,DSL,No,Yes,Yes,No,No,No,No,Yes,Month-to-Month,Yes,Credit Card,33.5,600.0,0.0,0,0.0,600.0,Churned,Dissatisfaction,Product dissatisfaction,1
48928-HAR,Female,43,No,Haryana,5,33,Deal 4,Yes,No,Yes,Fiber Optic,No,No,Yes,No,Yes,No,No,Yes,Month-to-Month,Yes,Bank Withdrawal,83.19999694824219,1060.5999755859375,0.0,0,460.20001220703125,1520.800048828125,Churned,Attitude,Attitude of support person,1
48939-BIH,Female,38,Yes,Bihar,1,6,,Yes,No,Yes,DSL,No,Yes,No,No,No,No,No,Yes,Month-to-Month,No,Bank Withdrawal,49.95000076293945,49.95000076293945,0.0,0,44.97999954223633,94.93000030517578,Joined,,,1
49082-UTT,Male,31,Yes,Uttar Pradesh,10,22,Deal 5,Yes,No,Yes,Fiber Optic,No,No,Yes,Yes,Yes,Yes,Yes,Yes,Month-to-Month,Yes,Bank Withdrawal,98.69999694824219,293.6499938964844,0.0,0,98.27999877929688,391.92999267578125,Churned,Attitude,Attitude of service provider,1
49119-KAR,Female,43,No,Karnataka,15,27,Deal 4,Yes,Yes,Yes,Cable,No,No,No,No,Yes,Yes,Yes,Yes,Month-to-Month,Yes,Bank Withdrawal,96.05000305175781,1148.0999755859375,0.0,0,536.52001953125,1684.6199951171875,Churned,Attitude,Attitude of support person,1
49138-UTT,Female,56,No,Uttar Pradesh,5,36,Deal 4,Yes,No,Yes,DSL,No,No,No,No,No,Yes,Yes,Yes,Month-to-Month,No,Bank Withdrawal,55.95000076293945,734.3499755859375,0.0,0,247.64999389648438,982.0,Churned,Competitor,Competitor had better devices,1
49184-JAM,Female,68,Yes,Jammu & Kashmir,2,4,Deal 5,Yes,Yes,Yes,Fiber Optic,No,Yes,No,No,No,Yes,Yes,Yes,Month-to-Month,Yes,Credit Card,90.8499984741211,90.8499984741211,0.0,0,8.5600004196167,99.41000366210938,Churned,Competitor,Competitor made better offer,1
49201-GUJ,Female,37,No,Gujarat,11,30,,No,,Yes,DSL,Yes,No,No,No,No,No,No,Yes,Month-to-Month,No,Credit Card,29.899999618530273,29.899999618530273,0.0,0,0.0,29.899999618530273,Joined,,,1
49241-KAR,Female,30,Yes,Karnataka,7,3,Deal 5,Yes,Yes,Yes,Cable,No,Yes,No,Yes,No,No,No,Yes,Month-to-Month,No,Mailed Check,60.099998474121094,60.099998474121094,0.0,0,23.6299991607666,83.7300033569336,Churned,Competitor,Competitor had better devices,1
49243-PUN,Female,78,No,Punjab,2,8,,Yes,Yes,Yes,Fiber Optic,No,No,No,No,Yes,No,No,No,Month-to-Month,Yes,Credit Card,86.8499984741211,156.35000610351562,0.0,40,8.380000114440918,204.72999572753906,Churned,Competitor,Competitor had better devices,1
49244-HAR,Male,33,Yes,Haryana,4,9,,Yes,No,Yes,DSL,Yes,Yes,No,No,No,No,No,Yes,Month-to-Month,Yes,Credit Card,53.849998474121094,108.1500015258789,0.0,0,20.940000534057617,129.08999633789062,Churned,Competitor,Competitor made better offer,1
49251-TAM,Female,44,No,Tamil Nadu,5,16,Deal 5,No,,Yes,DSL,Yes,Yes,No,No,No,No,No,Yes,Month-to-Month,Yes,Bank Withdrawal,33.650001525878906,137.85000610351562,0.0,0,0.0,137.85000610351562,Churned,Attitude,Attitude of service provider,1
49265-BIH,Female,18,Yes,Bihar,4,4,Deal 5,Yes,No,Yes,Cable,Yes,No,Yes,No,No,No,Yes,Yes,Month-to-Month,No,Credit Card,55.900001525878906,157.5500030517578,0.0,0,99.83999633789062,257.3900146484375,Joined,,,1
49304-KAR,Female,32,Yes,Karnataka,6,33,,Yes,Yes,Yes,DSL,No,No,No,No,No,No,No,Yes,Month-to-Month,Yes,Credit Card,49.79999923706055,49.79999923706055,0.0,0,3.9700000286102295,53.77000045776367,Joined,,,1
49309-UTT,Female,49,No,Uttarakhand,2,30,Deal 2,Yes,Yes,Yes,Fiber Optic,No,Yes,No,No,No,No,No,Yes,Month-to-Month,Yes,Bank Withdrawal,77.8499984741211,3365.85009765625,0.0,0,2112.590087890625,5478.43994140625,Churned,Price,Lack of affordable download/upload speed,1
49350-UTT,Female,36,No,Uttar Pradesh,1,1,Deal 5,Yes,No,Yes,Fiber Optic,No,No,No,No,No,No,No,Yes,Month-to-Month,No,Mailed Check,71.0999984741211,71.0999984741211,0.0,0,10.1899995803833,81.29000091552734,Churned,Competitor,Competitor made better offer,1
49430-WES,Female,44,No,West Bengal,15,30,Deal 5,Yes,No,Yes,DSL,No,No,Yes,Yes,Yes,Yes,Yes,Yes,Month-to-Month,No,Bank Withdrawal,76.4000015258789,160.8000030517578,0.0,0,83.27999877929688,244.0800018310547,Churned,Price,Lack of affordable download/upload speed,1
49610-HAR,Female,30,Yes,Haryana,7,23,Deal 4,Yes,Yes,Yes,Fiber Optic,No,No,No,No,No,No,Yes,Yes,Month-to-Month,Yes,Credit Card,74.1500015258789,811.7999877929688,0.0,0,292.3999938964844,1104.199951171875,Churned,Attitude,Attitude of support person,1
49649-UTT,Male,69,Yes,Uttar Pradesh,8,15,Deal 3,Yes,Yes,Yes,Fiber Optic,No,Yes,Yes,No,Yes,Yes,Yes,No,Month-to-Month,No,Bank Withdrawal,105.75,2710.25,0.0,90,32.7599983215332,2833.010009765625,Churned,Dissatisfaction,Product dissatisfaction,1
49724-TEL,Male,64,No,Telangana,5,27,,Yes,No,Yes,Fiber Optic,No,No,No,No,No,No,No,Yes,Month-to-Month,Yes,Bank Withdrawal,69.75,69.75,0.0,0,33.84000015258789,103.58999633789062,Churned,Competitor,Competitor had better devices,1
49834-ODI,Female,63,No,Odisha,7,19,,Yes,No,Yes,Fiber Optic,No,No,No,No,Yes,No,No,Yes,Month-to-Month,Yes,Bank Withdrawal,78.8499984741211,292.79998779296875,0.0,0,147.72000122070312,440.5199890136719,Churned,Other,Moved,1
49859-UTT,Female,37,No,Uttar Pradesh,9,23,,Yes,Yes,Yes,DSL,No,No,Yes,Yes,Yes,Yes,Yes,Yes,One Year,Yes,Credit Card,82.0,1425.449951171875,0.0,0,225.0,1650.449951171875,Churned,Dissatisfaction,Product dissatisfaction,1
49885-MAH,Male,75,Yes,Maharashtra,2,33,,No,,Yes,Cable,No,No,No,No,Yes,Yes,Yes,Yes,Month-to-Month,Yes,Bank Withdrawal,44.849998474121094,2572.949951171875,12.069999694824219,0,0.0,2560.8798828125,Churned,Attitude,Attitude of support person,1
49945-AND,Female,67,No,Andhra Pradesh,12,4,,Yes,Yes,Yes,Fiber Optic,No,No,No,No,No,No,No,Yes,Month-to-Month,No,Bank Withdrawal,73.5999984741211,520.0,0.0,0,266.489990234375,786.489990234375,Churned,Competitor,Competitor offered more data,1
49975-MAD,Female,77,Yes,Madhya Pradesh,3,25,Deal 3,Yes,Yes,Yes,Fiber Optic,No,No,No,Yes,Yes,Yes,No,Yes,Month-to-Month,Yes,Bank Withdrawal,99.55000305175781,3734.25,0.0,0,1800.8199462890625,5535.06982421875,Churned,Dissatisfaction,Service dissatisfaction,1
49982-UTT,Female,35,Yes,Uttar Pradesh,3,28,,Yes,No,Yes,Fiber Optic,Yes,No,No,No,No,No,No,Yes,Month-to-Month,Yes,Bank Withdrawal,73.5,791.75,0.0,0,427.67999267578125,1219.4300537109375,Churned,Competitor,Competitor made better offer,1
51098-DEL,Female,61,Yes,Delhi,9,32,Deal 4,Yes,Yes,Yes,Fiber Optic,No,No,No,No,No,Yes,No,Yes,Month-to-Month,Yes,Credit Card,85.3499984741211,1375.1500244140625,0.0,0,158.8800048828125,1534.030029296875,Churned,Dissatisfaction,Limited range of services,1
51123-HAR,Female,28,Yes,Haryana,4,7,,Yes,No,Yes,Fiber Optic,No,No,No,No,Yes,No,No,No,Month-to-Month,Yes,Bank Withdrawal,80.6500015258789,144.14999389648438,0.0,20,11.699999809265137,175.85000610351562,Churned,Competitor,Competitor had better devices,1
51140-ASS,Male,80,Yes,Assam,9,4,Deal 5,Yes,No,Yes,Cable,No,No,No,No,No,No,No,Yes,Month-to-Month,Yes,Bank Withdrawal,69.25,69.25,0.0,0,29.68000030517578,98.93000030517578,Churned,Attitude,Attitude of support person,1
51195-BIH,Male,36,Yes,Bihar,5,34,Deal 2,Yes,Yes,Yes,DSL,Yes,Yes,No,No,No,No,No,Yes,Month-to-Month,Yes,Credit Card,59.75,2934.300048828125,0.0,0,1757.6300048828125,4691.93017578125,Churned,Other,Don't know,1
51214-MAH,Male,28,No,Maharashtra,12,22,,Yes,No,Yes,Fiber Optic,No,No,Yes,No,No,No,No,No,Month-to-Month,Yes,Credit Card,73.5999984741211,232.5,0.0,10,82.0199966430664,324.5199890136719,Joined,,,1
51260-MAD,Female,31,Yes,Madhya Pradesh,3,3,Deal 2,Yes,Yes,Yes,Fiber Optic,No,Yes,Yes,No,Yes,Yes,Yes,Yes,Month-to-Month,Yes,Bank Withdrawal,103.05000305175781,5364.7998046875,46.66999816894531,0,281.8399963378906,5599.97021484375,Stayed,Others,Others,1
51301-WES,Female,24,Yes,West Bengal,13,6,Deal 5,No,,Yes,DSL,No,No,Yes,No,No,No,Yes,Yes,Month-to-Month,Yes,Bank Withdrawal,29.649999618530273,118.5,0.0,0,0.0,118.5,Churned,Dissatisfaction,Limited range of services,1
51329-UTT,Male,30,Yes,Uttarakhand,7,19,Deal 5,Yes,No,No,,,,,,,,,,Month-to-Month,Yes,Bank Withdrawal,20.200000762939453,20.200000762939453,0.0,0,10.979999542236328,31.18000030517578,Churned,Price,Long distance charges,1
51365-JHA,Female,32,No,Jharkhand,1,27,,Yes,Yes,Yes,Fiber Optic,Yes,No,No,No,No,No,No,No,Month-to-Month,Yes,Bank Withdrawal,78.94999694824219,927.3499755859375,0.0,80,304.0799865722656,1311.4300537109375,Churned,Attitude,Attitude of support person,1
51415-WES,Male,45,Yes,West Bengal,2,21,,Yes,Yes,Yes,Fiber Optic,No,No,No,No,No,Yes,Yes,Yes,Month-to-Month,Yes,Bank Withdrawal,84.9000015258789,3067.199951171875,0.0,0,887.760009765625,3954.9599609375,Churned,Attitude,Attitude of service provider,1
51432-BIH,Male,83,Yes,Bihar,4,29,,Yes,No,Yes,DSL,No,No,Yes,No,Yes,No,No,Yes,Month-to-Month,Yes,Bank Withdrawal,60.04999923706055,1236.1500244140625,0.0,0,727.02001953125,1963.1700439453125,Churned,Competitor,Competitor had better devices,1
51472-MAH,Female,82,Yes,Maharashtra,6,13,Deal 2,Yes,Yes,Yes,Fiber Optic,No,No,Yes,No,Yes,Yes,No,Yes,Month-to-Month,Yes,Bank Withdrawal,98.4000015258789,4187.75,0.0,0,1724.4599609375,5912.2099609375,Churned,Competitor,Competitor had better devices,1
51481-UTT,Female,50,No,Uttar Pradesh,7,30,,Yes,No,Yes,Fiber Optic,No,No,No,No,No,No,No,Yes,Month-to-Month,No,Bank Withdrawal,69.75,144.5500030517578,0.0,0,52.880001068115234,197.42999267578125,Churned,Competitor,Competitor had better devices,1
51582-AND,Female,40,Yes,Andhra Pradesh,4,25,Deal 5,Yes,No,Yes,DSL,No,Yes,No,No,No,No,No,No,Month-to-Month,Yes,Credit Card,49.04999923706055,91.0999984741211,0.0,40,29.399999618530273,160.5,Churned,Competitor,Competitor had better devices,1
51587-RAJ,Female,57,No,Rajasthan,15,7,,Yes,Yes,Yes,Fiber Optic,No,Yes,No,No,Yes,Yes,Yes,Yes,Month-to-Month,Yes,Bank Withdrawal,100.55000305175781,1415.550048828125,0.0,0,517.5800170898438,1933.1300048828125,Churned,Dissatisfaction,Service dissatisfaction,1
51597-MAD,Female,26,Yes,Madhya Pradesh,10,18,,Yes,No,No,,,,,,,,,,Month-to-Month,No,Credit Card,19.899999618530273,19.899999618530273,0.0,0,1.5,21.399999618530273,Joined,,,1
51652-HAR,Male,37,Yes,Haryana,1,34,,Yes,No,Yes,Fiber Optic,No,Yes,Yes,No,Yes,Yes,Yes,Yes,Month-to-Month,Yes,Bank Withdrawal,100.1500015258789,6283.2998046875,0.0,0,3011.9599609375,9295.259765625,Churned,Competitor,Competitor had better devices,1
51657-TAM,Male,54,No,Tamil Nadu,13,16,,Yes,No,No,,,,,,,,,,Month-to-Month,No,Credit Card,20.850000381469727,60.650001525878906,0.0,0,58.7400016784668,119.38999938964844,Joined,,,1
51695-MAH,Male,68,Yes,Maharashtra,5,12,Deal 5,Yes,No,Yes,Cable,No,No,No,No,No,No,No,Yes,Month-to-Month,No,Bank Withdrawal,45.099998474121094,45.099998474121094,0.0,0,15.279999732971191,60.380001068115234,Churned,Attitude,Attitude of support person,1
51740-TAM,Female,38,Yes,Tamil Nadu,4,25,,No,,Yes,DSL,No,No,No,Yes,No,No,No,No,Month-to-Month,Yes,Credit Card,31.0,95.05000305175781,0.0,20,0.0,115.05000305175781,Churned,Dissatisfaction,Poor expertise of online support,1
51751-KER,Female,62,No,Kerala,9,25,,Yes,No,Yes,Fiber Optic,No,No,No,No,No,No,No,Yes,Month-to-Month,Yes,Bank Withdrawal,70.1500015258789,123.80000305175781,0.0,0,67.5,191.3000030517578,Joined,,,1
51961-BIH,Male,47,No,Bihar,9,25,Deal 5,Yes,No,Yes,DSL,Yes,No,No,No,No,No,No,Yes,Month-to-Month,No,Credit Card,50.95000076293945,123.05000305175781,0.0,0,73.91999816894531,196.97000122070312,Joined,,,1
51991-CHH,Female,62,No,Chhattisgarh,3,17,,Yes,Yes,Yes,DSL,No,No,No,No,No,Yes,No,Yes,Month-to-Month,Yes,Credit Card,61.599998474121094,1174.3499755859375,0.0,0,542.2000122070312,1716.550048828125,Churned,Price,Long distance charges,1
52031-TAM,Female,69,No,Tamil Nadu,12,14,,Yes,No,Yes,Cable,Yes,No,No,Yes,Yes,Yes,Yes,Yes,Month-to-Month,Yes,Bank Withdrawal,98.9000015258789,1120.949951171875,0.0,0,419.0400085449219,1539.989990234375,Churned,Price,Price too high,1
52182-PUN,Female,51,No,Punjab,1,35,Deal 4,Yes,No,No,,,,,,,,,,Month-to-Month,No,Bank Withdrawal,19.75,297.29998779296875,0.0,0,597.5999755859375,894.9000244140625,Churned,Other,Moved,1
52216-BIH,Male,27,No,Bihar,11,33,,Yes,No,Yes,Fiber Optic,No,No,No,No,Yes,Yes,Yes,Yes,Month-to-Month,Yes,Bank Withdrawal,88.44999694824219,370.6499938964844,0.0,0,196.55999755859375,567.2100219726562,Churned,Other,Don't know,1
52279-TAM,Male,53,No,Tamil Nadu,15,26,Deal 5,Yes,No,Yes,Fiber Optic,No,No,No,No,Yes,No,No,Yes,Month-to-Month,Yes,Bank Withdrawal,80.69999694824219,239.4499969482422,0.0,0,71.16000366210938,310.6099853515625,Joined,,,1
52313-KER,Male,64,No,Kerala,7,20,,Yes,Yes,Yes,Fiber Optic,No,Yes,No,No,Yes,Yes,Yes,Yes,Month-to-Month,Yes,Bank Withdrawal,101.25,2440.14990234375,0.0,0,695.52001953125,3135.669921875,Churned,Attitude,Attitude of support person,1
52328-HAR,Female,39,No,Haryana,2,11,,Yes,Yes,Yes,Fiber Optic,No,No,No,No,Yes,Yes,Yes,Yes,Month-to-Month,Yes,Bank Withdrawal,94.6500015258789,4812.75,0.0,0,1075.0799560546875,5887.830078125,Churned,Competitor,Competitor had better devices,1
52380-JAM,Male,56,Yes,Jammu & Kashmir,8,23,,Yes,No,Yes,Fiber Optic,No,No,No,No,No,Yes,Yes,No,Month-to-Month,Yes,Bank Withdrawal,80.19999694824219,181.10000610351562,0.0,10,52.939998626708984,244.0399932861328,Churned,Competitor,Competitor made better offer,1
52389-TAM,Male,59,No,Tamil Nadu,3,32,Deal 3,Yes,Yes,Yes,Fiber Optic,No,Yes,Yes,No,No,No,No,No,Month-to-Month,Yes,Bank Withdrawal,84.8499984741211,2048.800048828125,0.0,80,315.1199951171875,2443.919921875,Stayed,Others,Others,1
52413-KER,Male,65,Yes,Kerala,3,17,Deal 5,No,,Yes,DSL,No,No,Yes,No,No,Yes,Yes,Yes,Month-to-Month,Yes,Bank Withdrawal,41.150001525878906,132.1999969482422,0.0,0,0.0,132.1999969482422,Churned,Price,Long distance charges,1
52439-HAR,Female,61,No,Haryana,7,1,Deal 2,Yes,No,Yes,Fiber Optic,Yes,Yes,Yes,No,Yes,Yes,Yes,Yes,One Year,Yes,Bank Withdrawal,106.44999694824219,6145.85009765625,0.0,0,869.4199829101562,7015.27001953125,Churned,Competitor,Competitor offered higher download speeds,1
52456-JAM,Female,77,Yes,Jammu & Kashmir,1,23,Deal 5,Yes,Yes,Yes,Fiber Optic,No,No,No,No,No,Yes,No,Yes,Month-to-Month,Yes,Bank Withdrawal,84.44999694824219,762.5,0.0,0,116.19000244140625,878.6900024414062,Churned,Competitor,Competitor made better offer,1
52502-JAM,Female,81,Yes,Jammu & Kashmir,9,20,Deal 4,Yes,No,Yes,Fiber Optic,No,Yes,No,Yes,No,Yes,No,Yes,Month-to-Month,Yes,Bank Withdrawal,89.05000305175781,1169.3499755859375,0.0,0,19.110000610351562,1188.4599609375,Churned,Competitor,Competitor made better offer,1
52526-JAM,Female,25,Yes,Jammu & Kashmir,2,36,,Yes,No,No,,,,,,,,,,Month-to-Month,No,Credit Card,20.5,20.5,0.0,0,19.850000381469727,40.349998474121094,Churned,Attitude,Attitude of support person,1
52555-TAM,Female,65,Yes,Tamil Nadu,3,9,,Yes,Yes,Yes,Fiber Optic,No,No,No,No,Yes,Yes,Yes,Yes,Month-to-Month,Yes,Bank Withdrawal,93.55000305175781,2264.050048828125,0.0,0,321.1199951171875,2585.169921875,Churned,Price,Price too high,1
52627-WES,Female,61,No,West Bengal,14,8,,Yes,Yes,Yes,Cable,No,No,No,No,Yes,No,No,Yes,Month-to-Month,Yes,Bank Withdrawal,85.5999984741211,813.8499755859375,0.0,0,301.0,1114.8499755859375,Churned,Competitor,Competitor offered more data,1
52641-JHA,Female,44,Yes,Jharkhand,7,29,,Yes,No,Yes,Fiber Optic,No,No,No,No,No,No,No,Yes,Month-to-Month,No,Mailed Check,71.0999984741211,71.0999984741211,0.0,0,37.5099983215332,108.61000061035156,Joined,,,1
52695-UTT,Female,52,No,Uttar Pradesh,14,34,,Yes,No,No,,,,,,,,,,Month-to-Month,No,Credit Card,20.350000381469727,35.099998474121094,0.0,0,4.920000076293945,40.02000045776367,Joined,,,1
52755-KER,Male,21,No,Kerala,7,11,,Yes,No,Yes,Fiber Optic,No,Yes,No,Yes,Yes,No,No,Yes,Month-to-Month,Yes,Bank Withdrawal,89.75,608.7999877929688,26.020000457763672,0,134.61000061035156,717.3900146484375,Churned,Dissatisfaction,Poor expertise of online support,1
52773-TAM,Male,73,Yes,Tamil Nadu,13,18,,Yes,Yes,Yes,Fiber Optic,No,No,No,No,Yes,Yes,Yes,Yes,Month-to-Month,Yes,Bank Withdrawal,92.5,3473.39990234375,0.0,0,1826.68994140625,5300.08984375,Churned,Competitor,Competitor had better devices,1
52788-MAD,Female,53,No,Madhya Pradesh,0,24,,Yes,No,Yes,Fiber Optic,No,Yes,Yes,Yes,Yes,Yes,Yes,Yes,One Year,Yes,Bank Withdrawal,104.05000305175781,7262.0,0.0,0,173.8800048828125,7435.8798828125,Churned,Attitude,Attitude of service provider,1
52916-JAM,Male,62,Yes,Jammu & Kashmir,7,4,Deal 5,Yes,Yes,Yes,Fiber Optic,No,No,No,No,No,No,No,Yes,Month-to-Month,Yes,Credit Card,75.0999984741211,270.70001220703125,0.0,0,79.55999755859375,350.260009765625,Churned,Competitor,Competitor made better offer,1
52944-KER,Female,37,No,Kerala,12,1,,Yes,No,Yes,Fiber Optic,Yes,No,No,No,Yes,No,No,Yes,Month-to-Month,Yes,Mailed Check,84.69999694824219,832.0499877929688,12.8100004196167,0,456.8999938964844,1276.1400146484375,Churned,Competitor,Competitor had better devices,1
52951-RAJ,Female,39,No,Rajasthan,13,25,,Yes,No,Yes,Fiber Optic,No,Yes,No,Yes,Yes,Yes,Yes,Yes,Month-to-Month,Yes,Bank Withdrawal,97.9000015258789,315.29998779296875,0.0,0,90.54000091552734,405.8399963378906,Churned,Price,Price too high,1
52976-PUN,Female,72,Yes,Punjab,4,8,,Yes,Yes,Yes,Fiber Optic,No,No,No,No,No,No,No,Yes,Month-to-Month,Yes,Credit Card,75.05000305175781,256.25,0.0,0,71.45999908447266,327.7099914550781,Churned,Competitor,Competitor had better devices,1
53044-ODI,Female,26,Yes,Odisha,1,8,Deal 5,Yes,Yes,Yes,Fiber Optic,No,Yes,No,No,Yes,No,Yes,Yes,Month-to-Month,Yes,Bank Withdrawal,90.80000305175781,455.5,0.0,0,7.449999809265137,462.95001220703125,Churned,Competitor,Competitor offered more data,1
53134-UTT,Male,69,No,Uttar Pradesh,4,25,,Yes,Yes,Yes,Fiber Optic,No,No,No,No,No,No,No,Yes,Month-to-Month,Yes,Bank Withdrawal,76.05000305175781,231.8000030517578,0.0,0,90.75,322.54998779296875,Churned,Competitor,Competitor had better devices,1
53186-HAR,Male,74,Yes,Haryana,10,2,Deal 5,Yes,No,Yes,DSL,No,No,No,No,No,No,No,Yes,One Year,No,Bank Withdrawal,45.25,45.25,0.0,0,11.890000343322754,57.13999938964844,Joined,,,1
53287-MAH,Female,69,Yes,Maharashtra,3,7,,Yes,No,Yes,Fiber Optic,Yes,Yes,No,Yes,Yes,Yes,Yes,Yes,One Year,Yes,Credit Card,105.5,6205.5,0.0,0,982.52001953125,7188.02001953125,Churned,Attitude,Attitude of support person,1
53295-WES,Female,35,No,West Bengal,7,33,Deal 5,Yes,Yes,No,,,,,,,,,,Month-to-Month,Yes,Bank Withdrawal,25.700000762939453,25.700000762939453,0.0,0,43.84000015258789,69.54000091552734,Joined,,,1
53350-TEL,Male,37,Yes,Telangana,6,22,,Yes,Yes,Yes,Fiber Optic,No,No,No,No,No,No,No,Yes,Month-to-Month,No,Bank Withdrawal,74.5,217.4499969482422,0.0,0,20.90999984741211,238.36000061035156,Joined,,,1
53437-KAR,Male,24,Yes,Karnataka,15,6,,Yes,No,Yes,Fiber Optic,No,No,Yes,No,Yes,No,Yes,Yes,Month-to-Month,Yes,Bank Withdrawal,84.8499984741211,84.8499984741211,0.0,0,36.06999969482422,120.91999816894531,Churned,Competitor,Competitor had better devices,1
53449-MAH,Female,52,No,Maharashtra,8,17,,Yes,No,No,,,,,,,,,,Month-to-Month,No,Credit Card,19.899999618530273,19.899999618530273,0.0,0,2.380000114440918,22.280000686645508,Joined,,,1
53456-RAJ,Female,75,No,Rajasthan,2,33,,Yes,Yes,Yes,Fiber Optic,Yes,No,No,No,No,No,No,No,Month-to-Month,No,Bank Withdrawal,80.3499984741211,3825.85009765625,0.0,90,1800.5699462890625,5716.419921875,Churned,Dissatisfaction,Network reliability,1
53586-HAR,Female,75,Yes,Haryana,4,13,,No,,Yes,Cable,No,Yes,Yes,No,Yes,Yes,Yes,No,Month-to-Month,Yes,Bank Withdrawal,52.29999923706055,3765.050048828125,0.0,40,0.0,3805.050048828125,Stayed,Others,Others,1
53595-HAR,Female,67,No,Haryana,6,15,,Yes,No,Yes,DSL,Yes,No,No,No,Yes,Yes,Yes,Yes,Month-to-Month,Yes,Bank Withdrawal,70.75,146.89999389648438,0.0,0,53.86000061035156,200.75999450683594,Churned,Attitude,Attitude of support person,1
53624-WES,Male,66,No,West Bengal,12,6,,Yes,Yes,Yes,Fiber Optic,No,No,Yes,Yes,Yes,Yes,No,No,One Year,Yes,Bank Withdrawal,106.0,6441.39990234375,0.0,110,2063.39990234375,8614.7998046875,Churned,Price,Long distance charges,1
53689-AND,Male,32,Yes,Andhra Pradesh,2,6,,Yes,No,Yes,Fiber Optic,No,No,No,No,Yes,No,No,Yes,Month-to-Month,Yes,Bank Withdrawal,80.0999984741211,679.2999877929688,0.0,0,291.1199951171875,970.4199829101562,Churned,Competitor,Competitor had better devices,1
53697-TAM,Male,73,Yes,Tamil Nadu,15,11,Deal 5,Yes,No,No,,,,,,,,,,Month-to-Month,No,Credit Card,20.049999237060547,20.049999237060547,0.0,0,19.8700008392334,39.91999816894531,Churned,Price,Long distance charges,1
53732-TAM,Female,20,No,Tamil Nadu,8,8,Deal 2,Yes,No,Yes,DSL,Yes,Yes,Yes,Yes,No,Yes,Yes,Yes,One Year,No,Credit Card,73.9000015258789,3160.550048828125,0.0,0,241.5,3402.050048828125,Churned,Price,Price too high,1
53759-AND,Female,51,No,Andhra Pradesh,3,5,,Yes,Yes,Yes,Fiber Optic,No,Yes,No,No,Yes,Yes,Yes,No,Month-to-Month,Yes,Bank Withdrawal,99.1500015258789,3615.60009765625,0.0,30,480.6000061035156,4126.2001953125,Churned,Competitor,Competitor had better devices,1
53764-WES,Male,36,No,West Bengal,10,23,,No,,Yes,Cable,No,No,No,No,No,No,No,Yes,Month-to-Month,Yes,Credit Card,24.899999618530273,24.899999618530273,0.0,0,0.0,24.899999618530273,Joined,,,1
53781-AND,Female,27,No,Andhra Pradesh,8,12,Deal 2,Yes,Yes,Yes,Fiber Optic,Yes,Yes,Yes,Yes,Yes,Yes,Yes,Yes,Month-to-Month,Yes,Bank Withdrawal,114.5,4527.4501953125,0.0,0,883.9600219726562,5411.41015625,Churned,Competitor,Competitor made better offer,1
53815-BIH,Female,36,No,Bihar,2,4,,Yes,No,No,,,,,,,,,,Month-to-Month,No,Credit Card,19.700000762939453,19.700000762939453,0.0,0,34.279998779296875,53.97999954223633,Joined,,,1
53850-HAR,Female,34,Yes,Haryana,11,12,Deal 4,Yes,No,Yes,Fiber Optic,No,No,Yes,Yes,No,Yes,Yes,Yes,Month-to-Month,Yes,Bank Withdrawal,89.4000015258789,1095.6500244140625,0.0,0,209.52000427246094,1305.1700439453125,Churned,Dissatisfaction,Product dissatisfaction,1
53888-ODI,Female,24,Yes,Odisha,4,1,,Yes,No,Yes,Fiber Optic,Yes,No,Yes,No,Yes,Yes,Yes,No,Month-to-Month,Yes,Credit Card,99.0,287.3999938964844,0.0,10,100.16999816894531,397.57000732421875,Churned,Competitor,Competitor offered higher download speeds,1
53915-PUN,Female,76,Yes,Punjab,8,8,,Yes,No,Yes,Fiber Optic,No,No,No,No,No,No,No,Yes,Month-to-Month,Yes,Bank Withdrawal,70.1500015258789,70.1500015258789,0.0,0,47.970001220703125,118.12000274658203,Churned,Competitor,Competitor made better offer,1
53924-KAR,Female,23,Yes,Karnataka,7,6,Deal 5,Yes,No,No,,,,,,,,,,Month-to-Month,Yes,Bank Withdrawal,19.850000381469727,63.0,0.0,0,27.520000457763672,90.5199966430664,Stayed,Others,Others,1
53927-TAM,Male,46,Yes,Tamil Nadu,11,30,,Yes,No,Yes,DSL,No,No,Yes,Yes,No,Yes,Yes,Yes,Month-to-Month,No,Bank Withdrawal,62.79999923706055,418.29998779296875,0.0,0,58.029998779296875,476.3299865722656,Stayed,Others,Others,1
54055-TEL,Female,33,Yes,Telangana,4,5,,Yes,No,Yes,Fiber Optic,Yes,No,No,No,No,No,No,Yes,Month-to-Month,Yes,Bank Withdrawal,74.4000015258789,139.39999389648438,0.0,0,19.579999923706055,158.97999572753906,Churned,Attitude,Attitude of support person,1
54073-JAM,Male,32,No,Jammu & Kashmir,8,34,,Yes,No,Yes,Fiber Optic,No,No,No,No,Yes,No,No,Yes,Month-to-Month,Yes,Bank Withdrawal,79.69999694824219,586.0499877929688,0.0,0,202.44000244140625,788.489990234375,Churned,Attitude,Attitude of support person,1
54076-TAM,Female,34,No,Tamil Nadu,2,23,,No,,Yes,Cable,No,No,No,No,No,No,No,Yes,Month-to-Month,Yes,Mailed Check,25.100000381469727,25.100000381469727,0.0,0,0.0,25.100000381469727,Churned,Competitor,Competitor had better devices,1
54172-RAJ,Female,64,Yes,Rajasthan,0,9,Deal 5,Yes,Yes,Yes,DSL,No,Yes,No,No,No,No,No,Yes,Month-to-Month,Yes,Credit Card,56.54999923706055,118.25,0.0,0,63.47999954223633,181.72999572753906,Joined,,,1
54195-MAH,Female,61,Yes,Maharashtra,11,23,,Yes,No,No,,,,,,,,,,Month-to-Month,No,Bank Withdrawal,19.75,19.75,0.0,0,37.619998931884766,57.369998931884766,Joined,,,1
54321-TAM,Male,33,Yes,Tamil Nadu,2,22,,Yes,Yes,Yes,Fiber Optic,No,No,No,No,No,No,No,Yes,Month-to-Month,No,Bank Withdrawal,74.4000015258789,215.8000030517578,0.0,0,71.45999908447266,287.260009765625,Churned,Other,Don't know,1
54368-KAR,Female,66,No,Karnataka,11,32,Deal 5,Yes,No,Yes,Fiber Optic,No,No,No,No,Yes,No,No,Yes,Month-to-Month,Yes,Bank Withdrawal,78.94999694824219,78.94999694824219,0.0,0,23.959999084472656,102.91000366210938,Churned,Competitor,Competitor offered higher download speeds,1
54407-WES,Male,59,Yes,West Bengal,5,29,Deal 5,Yes,Yes,Yes,DSL,No,No,Yes,Yes,No,No,No,No,Month-to-Month,No,Mailed Check,62.04999923706055,62.04999923706055,0.0,10,47.83000183105469,119.87999725341797,Churned,Other,Moved,1
54432-KAR,Female,55,Yes,Karnataka,4,32,,Yes,No,Yes,DSL,No,No,No,No,No,Yes,Yes,Yes,Month-to-Month,Yes,Bank Withdrawal,55.900001525878906,238.5,0.0,0,70.80000305175781,309.29998779296875,Stayed,Others,Others,1
54463-JAM,Male,52,No,Jammu & Kashmir,6,7,,Yes,No,Yes,Fiber Optic,No,No,No,No,Yes,No,No,Yes,Month-to-Month,Yes,Mailed Check,80.05000305175781,80.05000305175781,0.0,0,39.790000915527344,119.83999633789062,Churned,Competitor,Competitor made better offer,1
54516-WES,Female,42,No,West Bengal,4,13,,Yes,No,Yes,Fiber Optic,No,No,No,No,Yes,Yes,Yes,Yes,Month-to-Month,No,Mailed Check,89.1500015258789,89.1500015258789,0.0,0,32.349998474121094,121.5,Churned,Competitor,Competitor had better devices,1
54563-WES,Female,38,Yes,West Bengal,2,14,Deal 2,Yes,Yes,Yes,Fiber Optic,No,Yes,Yes,No,Yes,Yes,Yes,No,Month-to-Month,Yes,Bank Withdrawal,106.4000015258789,5127.9501953125,0.0,0,1690.5899658203125,6818.5400390625,Churned,Competitor,Competitor had better devices,1
54564-AND,Female,55,Yes,Andhra Pradesh,11,7,,Yes,Yes,Yes,Fiber Optic,No,No,No,No,No,No,No,Yes,Month-to-Month,No,Bank Withdrawal,76.0999984741211,257.6000061035156,0.0,0,43.04999923706055,300.6499938964844,Joined,,,1
54598-TAM,Male,59,No,Tamil Nadu,11,32,,Yes,No,No,,,,,,,,,,Month-to-Month,No,Credit Card,19.75,39.29999923706055,0.0,0,3.940000057220459,43.2400016784668,Joined,,,1
54633-UTT,Male,53,Yes,Uttar Pradesh,5,20,Deal 5,Yes,Yes,Yes,Fiber Optic,No,No,No,No,Yes,Yes,Yes,Yes,Month-to-Month,Yes,Bank Withdrawal,93.8499984741211,93.8499984741211,0.0,0,16.149999618530273,110.0,Churned,Competitor,Competitor offered more data,1
54688-JHA,Male,33,No,Jharkhand,6,8,Deal 4,Yes,No,Yes,Cable,No,No,No,Yes,No,No,No,Yes,Month-to-Month,No,Mailed Check,51.5,900.5,35.34000015258789,0,792.2000122070312,1657.3599853515625,Churned,Dissatisfaction,Lack of self-service on Website,1
54718-MAH,Male,28,No,Maharashtra,11,32,,Yes,No,Yes,Fiber Optic,No,No,No,No,No,Yes,Yes,Yes,Month-to-Month,Yes,Bank Withdrawal,79.75,769.0999755859375,0.0,0,61.02000045776367,830.1199951171875,Stayed,Others,Others,1
54839-JAM,Female,57,No,Jammu & Kashmir,12,18,Deal 5,Yes,No,Yes,Fiber Optic,No,Yes,No,No,Yes,No,No,Yes,Month-to-Month,Yes,Bank Withdrawal,84.8499984741211,523.5,0.0,0,235.9199981689453,759.4199829101562,Churned,Competitor,Competitor made better offer,1
54940-MAD,Female,46,No,Madhya Pradesh,9,8,,Yes,No,Yes,Cable,Yes,No,No,No,No,No,No,No,Month-to-Month,Yes,Bank Withdrawal,49.849998474121094,365.54998779296875,13.010000228881836,10,302.32000732421875,664.8599853515625,Churned,Competitor,Competitor offered higher download speeds,1
54972-HAR,Female,73,Yes,Haryana,15,14,Deal 3,Yes,Yes,Yes,Fiber Optic,No,No,Yes,Yes,Yes,Yes,No,Yes,Month-to-Month,Yes,Bank Withdrawal,104.9000015258789,3351.550048828125,33.72999954223633,0,1392.3199462890625,4710.14013671875,Churned,Attitude,Attitude of support person,1
54992-ODI,Female,51,No,Odisha,13,12,Deal 1,Yes,Yes,Yes,Fiber Optic,No,No,No,No,Yes,Yes,Yes,Yes,Two Year,Yes,Bank Withdrawal,93.69999694824219,6585.35009765625,0.0,0,2876.919921875,9462.26953125,Churned,Competitor,Competitor offered more data,1
54997-UTT,Female,55,No,Uttar Pradesh,7,23,,Yes,No,Yes,DSL,No,No,No,No,No,No,No,Yes,Month-to-Month,Yes,Credit Card,44.0,44.0,0.0,0,26.149999618530273,70.1500015258789,Joined,,,1
55043-UTT,Male,43,Yes,Uttar Pradesh,8,17,,Yes,No,Yes,Fiber Optic,No,No,No,No,No,No,No,No,Month-to-Month,Yes,Bank Withdrawal,69.9000015258789,69.9000015258789,0.0,10,9.359999656677246,89.26000213623047,Joined,,,1
55046-BIH,Female,51,Yes,Bihar,3,6,Deal 4,Yes,Yes,Yes,Fiber Optic,No,Yes,No,No,No,No,No,Yes,Month-to-Month,Yes,Credit Card,81.0,818.0499877929688,0.0,0,495.0,1313.050048828125,Churned,Attitude,Attitude of support person,1
55103-WES,Female,30,Yes,West Bengal,0,9,Deal 5,Yes,No,Yes,Fiber Optic,No,No,Yes,Yes,Yes,No,No,Yes,Month-to-Month,Yes,Credit Card,88.3499984741211,262.04998779296875,0.0,0,148.1999969482422,410.25,Churned,Competitor,Competitor offered more data,1
55106-ASS,Female,29,No,Assam,2,14,Deal 5,Yes,No,No,,,,,,,,,,Month-to-Month,No,Credit Card,20.100000381469727,20.100000381469727,0.0,0,16.809999465942383,36.90999984741211,Churned,Competitor,Competitor made better offer,1
55152-TAM,Female,64,No,Tamil Nadu,10,25,,Yes,Yes,Yes,Fiber Optic,Yes,Yes,No,No,No,Yes,No,Yes,One Year,Yes,Credit Card,96.55000305175781,6581.89990234375,0.0,0,134.63999938964844,6716.5400390625,Churned,Attitude,Attitude of service provider,1
55235-KAR,Female,26,Yes,Karnataka,1,36,Deal 5,Yes,No,Yes,Fiber Optic,No,No,No,No,No,No,No,Yes,Month-to-Month,Yes,Bank Withdrawal,70.25,70.25,0.0,0,23.0,93.25,Churned,Competitor,Competitor had better devices,1
55330-WES,Female,59,Yes,West Bengal,14,23,,Yes,Yes,Yes,DSL,Yes,No,No,No,No,No,No,Yes,Month-to-Month,No,Credit Card,56.70000076293945,113.55000305175781,0.0,0,11.34000015258789,124.88999938964844,Churned,Competitor,Competitor offered higher download speeds,1
55339-TAM,Female,70,Yes,Tamil Nadu,9,7,Deal 5,Yes,No,Yes,Cable,Yes,No,No,No,No,No,No,Yes,Month-to-Month,Yes,Bank Withdrawal,49.54999923706055,49.54999923706055,0.0,0,24.239999771118164,73.79000091552734,Churned,Dissatisfaction,Limited range of services,1
55554-UTT,Male,31,Yes,Uttar Pradesh,14,1,Deal 5,Yes,Yes,Yes,Fiber Optic,No,No,Yes,Yes,Yes,Yes,Yes,Yes,Month-to-Month,Yes,Bank Withdrawal,104.4000015258789,242.8000030517578,45.439998626708984,0,23.020000457763672,220.3800048828125,Churned,Attitude,Attitude of support person,1
55568-MAD,Female,49,No,Madhya Pradesh,0,15,Deal 5,No,,Yes,Cable,No,No,No,No,Yes,No,No,Yes,Month-to-Month,Yes,Bank Withdrawal,35.75,35.75,0.0,0,0.0,35.75,Churned,Price,Price too high,1
55616-BIH,Female,47,Yes,Bihar,0,7,,Yes,Yes,Yes,Fiber Optic,No,No,Yes,No,Yes,Yes,Yes,Yes,Month-to-Month,Yes,Bank Withdrawal,100.75,1129.75,0.0,0,535.0399780273438,1664.7900390625,Churned,Price,Long distance charges,1
55661-RAJ,Male,48,No,Rajasthan,7,12,Deal 4,Yes,Yes,Yes,Fiber Optic,No,No,Yes,Yes,Yes,Yes,Yes,Yes,Month-to-Month,Yes,Credit Card,104.05000305175781,2470.10009765625,0.0,0,374.44000244140625,2844.5400390625,Churned,Competitor,Competitor had better devices,1
55665-UTT,Female,28,No,Uttar Pradesh,11,10,,No,,Yes,Cable,Yes,No,Yes,Yes,No,No,Yes,Yes,Month-to-Month,No,Credit Card,40.0,223.4499969482422,0.0,0,0.0,223.4499969482422,Churned,Competitor,Competitor had better devices,1
55696-WES,Male,24,Yes,West Bengal,7,3,Deal 5,Yes,No,Yes,Fiber Optic,No,No,No,No,No,Yes,Yes,Yes,Month-to-Month,Yes,Bank Withdrawal,79.9000015258789,324.29998779296875,0.0,0,172.24000549316406,496.5400085449219,Churned,Competitor,Competitor had better devices,1
55757-KAR,Female,32,Yes,Karnataka,2,9,Deal 5,Yes,No,Yes,Cable,No,No,Yes,Yes,No,No,No,Yes,Month-to-Month,Yes,Mailed Check,55.79999923706055,154.5500030517578,0.0,0,12.569999694824219,167.1199951171875,Joined,,,1
55762-TEL,Female,28,No,Telangana,14,29,,Yes,Yes,Yes,Fiber Optic,No,No,No,No,No,Yes,Yes,Yes,Month-to-Month,Yes,Bank Withdrawal,85.1500015258789,1139.199951171875,38.47999954223633,0,298.20001220703125,1398.9200439453125,Churned,Dissatisfaction,Poor expertise of phone support,1
55786-HAR,Female,48,Yes,Haryana,3,7,Deal 5,Yes,Yes,Yes,Fiber Optic,No,Yes,No,No,Yes,Yes,Yes,Yes,Month-to-Month,Yes,Credit Card,100.25,100.25,0.0,0,20.229999542236328,120.4800033569336,Churned,Other,Don't know,1
55800-PUN,Female,78,No,Punjab,5,10,Deal 4,Yes,No,Yes,Fiber Optic,No,Yes,Yes,No,Yes,No,No,Yes,Month-to-Month,Yes,Bank Withdrawal,89.1500015258789,1496.9000244140625,0.0,0,516.2899780273438,2013.18994140625,Churned,Dissatisfaction,Service dissatisfaction,1
55831-TAM,Male,43,No,Tamil Nadu,11,13,Deal 5,Yes,No,No,,,,,,,,,,Month-to-Month,No,Mailed Check,19.950000762939453,58.29999923706055,0.0,0,15.449999809265137,73.75,Joined,,,1
55872-HAR,Male,65,Yes,Haryana,4,24,Deal 4,Yes,Yes,Yes,DSL,Yes,No,No,No,No,No,No,Yes,Month-to-Month,Yes,Mailed Check,55.70000076293945,899.7999877929688,0.0,0,609.9000244140625,1509.699951171875,Churned,Price,Price too high,1
55971-UTT,Female,58,Yes,Uttar Pradesh,10,17,Deal 5,No,,Yes,Cable,No,No,No,No,No,Yes,Yes,Yes,Month-to-Month,Yes,Bank Withdrawal,35.150001525878906,99.75,0.0,0,0.0,99.75,Churned,Attitude,Attitude of support person,1
55973-JHA,Male,57,No,Jharkhand,6,19,Deal 2,Yes,No,No,,,,,,,,,,Two Year,No,Bank Withdrawal,19.75,1052.3499755859375,0.0,0,1389.1300048828125,2441.47998046875,Churned,Price,Long distance charges,1
55995-UTT,Female,30,No,Uttarakhand,3,20,,Yes,Yes,Yes,Fiber Optic,No,No,Yes,No,Yes,Yes,Yes,Yes,Month-to-Month,Yes,Bank Withdrawal,101.44999694824219,101.44999694824219,0.0,0,10.380000114440918,111.83000183105469,Churned,Price,Extra data charges,1
56022-RAJ,Female,34,No,Rajasthan,7,17,,Yes,No,No,,,,,,,,,,Month-to-Month,Yes,Bank Withdrawal,19.600000381469727,35.849998474121094,0.0,0,59.619998931884766,95.47000122070312,Churned,Attitude,Attitude of support person,1
56083-AND,Female,24,Yes,Andhra Pradesh,3,3,,Yes,No,Yes,Fiber Optic,No,No,No,No,No,No,Yes,Yes,Month-to-Month,No,Bank Withdrawal,70.25,2868.050048828125,0.0,0,1671.97998046875,4540.02978515625,Churned,Attitude,Attitude of support person,1
56114-GUJ,Male,50,No,Gujarat,13,3,,Yes,No,Yes,DSL,No,No,Yes,No,No,No,No,Yes,Month-to-Month,Yes,Mailed Check,49.54999923706055,878.3499755859375,0.0,0,342.8999938964844,1221.25,Churned,Competitor,Competitor had better devices,1
56148-HAR,Male,77,No,Haryana,1,26,,Yes,Yes,Yes,Fiber Optic,No,Yes,No,No,No,No,No,Yes,Month-to-Month,Yes,Bank Withdrawal,81.44999694824219,2122.050048828125,0.0,0,1158.5699462890625,3280.6201171875,Churned,Competitor,Competitor offered more data,1
56174-RAJ,Female,71,No,Rajasthan,13,4,Deal 1,Yes,Yes,Yes,Fiber Optic,No,Yes,No,No,No,Yes,No,Yes,Month-to-Month,Yes,Bank Withdrawal,89.5999984741211,6127.60009765625,0.0,0,1640.8399658203125,7768.43994140625,Churned,Competitor,Competitor had better devices,1
56256-UTT,Male,40,No,Uttar Pradesh,14,15,,Yes,No,Yes,Fiber Optic,No,No,No,No,No,No,No,Yes,Month-to-Month,Yes,Credit Card,70.30000305175781,220.39999389648438,0.0,0,29.219999313354492,249.6199951171875,Joined,,,1
56313-JHA,Male,73,No,Jharkhand,9,9,Deal 3,Yes,Yes,Yes,Fiber Optic,Yes,No,No,No,Yes,No,No,Yes,Month-to-Month,Yes,Bank Withdrawal,90.8499984741211,3186.699951171875,0.0,0,839.8800048828125,4026.580078125,Churned,Competitor,Competitor made better offer,1
56460-MAH,Male,38,Yes,Maharashtra,12,23,Deal 5,Yes,No,Yes,Fiber Optic,No,No,No,No,No,No,No,No,Month-to-Month,No,Credit Card,-1.0,129.1999969482422,0.0,10,5.440000057220459,144.63999938964844,Joined,,,1
56554-RAJ,Female,29,Yes,Rajasthan,0,11,Deal 5,Yes,No,No,,,,,,,,,,Month-to-Month,Yes,Credit Card,19.75,19.75,0.0,0,10.220000267028809,29.969999313354492,Joined,,,1
56556-MAH,Female,26,No,Maharashtra,3,2,Deal 4,Yes,No,Yes,Fiber Optic,Yes,No,No,Yes,Yes,No,No,Yes,Month-to-Month,No,Bank Withdrawal,91.8499984741211,1574.449951171875,0.0,0,713.1500244140625,2287.60009765625,Churned,Price,Lack of affordable download/upload speed,1
56658-ASS,Female,26,No,Assam,12,29,Deal 5,Yes,No,Yes,DSL,No,No,No,No,No,No,Yes,Yes,Month-to-Month,Yes,Bank Withdrawal,43.29999923706055,123.6500015258789,0.0,0,146.52000427246094,270.1700134277344,Churned,Price,Lack of affordable download/upload speed,1
56664-RAJ,Female,42,No,Rajasthan,1,30,,Yes,No,No,,,,,,,,,,Month-to-Month,No,Credit Card,20.25,178.5,0.0,0,80.19000244140625,258.69000244140625,Churned,Attitude,Attitude of support person,1
56718-UTT,Male,34,No,Uttar Pradesh,2,34,,No,,Yes,DSL,No,No,Yes,No,Yes,No,No,Yes,One Year,Yes,Bank Withdrawal,41.599998474121094,470.6000061035156,0.0,0,0.0,470.6000061035156,Churned,Competitor,Competitor offered higher download speeds,1
56728-RAJ,Male,40,No,Rajasthan,0,1,,Yes,No,Yes,DSL,No,No,No,No,No,No,No,Yes,Month-to-Month,No,Credit Card,45.599998474121094,45.599998474121094,0.0,0,37.439998626708984,83.04000091552734,Joined,,,1
56821-MAH,Female,39,No,Maharashtra,3,1,Deal 5,No,,Yes,DSL,No,No,No,No,No,No,No,Yes,Month-to-Month,Yes,Bank Withdrawal,24.950000762939453,100.4000015258789,0.0,0,0.0,100.4000015258789,Churned,Competitor,Competitor had better devices,1
56933-MAH,Female,26,No,Maharashtra,6,32,,Yes,No,Yes,Fiber Optic,Yes,No,No,Yes,Yes,Yes,Yes,Yes,Month-to-Month,Yes,Bank Withdrawal,99.8499984741211,2331.300048828125,0.0,0,872.8499755859375,3204.14990234375,Churned,Other,Don't know,1
57006-GUJ,Male,78,No,Gujarat,14,4,Deal 5,Yes,No,Yes,Fiber Optic,No,No,No,No,No,No,No,Yes,Month-to-Month,No,Bank Withdrawal,70.75,154.85000610351562,0.0,0,19.719999313354492,174.57000732421875,Churned,Price,Long distance charges,1
57010-WES,Female,67,Yes,West Bengal,0,25,Deal 4,Yes,Yes,Yes,Fiber Optic,No,No,No,No,Yes,Yes,Yes,Yes,Month-to-Month,Yes,Bank Withdrawal,94.0,1078.9000244140625,0.0,0,282.3699951171875,1361.27001953125,Churned,Competitor,Competitor made better offer,1
57012-TAM,Female,78,Yes,Tamil Nadu,11,29,Deal 5,Yes,No,Yes,DSL,No,No,No,No,No,No,No,Yes,Two Year,No,Bank Withdrawal,45.20000076293945,45.20000076293945,0.0,0,49.34000015258789,94.54000091552734,Joined,,,1
57048-PUN,Female,58,No,Punjab,7,7,Deal 5,Yes,No,Yes,Fiber Optic,No,Yes,No,No,Yes,No,No,Yes,Month-to-Month,No,Bank Withdrawal,83.75,247.25,0.0,0,139.0800018310547,386.3299865722656,Churned,Attitude,Attitude of support person,1
57049-AND,Male,64,No,Andhra Pradesh,11,28,Deal 5,No,,Yes,DSL,No,No,No,No,No,Yes,Yes,Yes,Month-to-Month,No,Mailed Check,35.04999923706055,35.04999923706055,0.0,0,0.0,35.04999923706055,Churned,Competitor,Competitor offered higher download speeds,1
57102-JAM,Female,31,Yes,Jammu & Kashmir,1,22,Deal 3,Yes,No,Yes,Cable,No,No,No,No,Yes,Yes,Yes,Yes,Month-to-Month,Yes,Bank Withdrawal,64.75,2345.199951171875,0.0,0,120.98999786376953,2466.18994140625,Churned,Attitude,Attitude of support person,1
57111-KAR,Male,44,No,Karnataka,4,7,Deal 5,Yes,Yes,Yes,Fiber Optic,No,No,No,No,No,Yes,Yes,Yes,Month-to-Month,Yes,Bank Withdrawal,86.5999984741211,86.5999984741211,0.0,0,5.429999828338623,92.02999877929688,Churned,Competitor,Competitor offered higher download speeds,1
57150-TAM,Male,37,Yes,Tamil Nadu,9,8,,Yes,No,Yes,Fiber Optic,No,No,Yes,No,No,Yes,Yes,Yes,Month-to-Month,No,Bank Withdrawal,83.9000015258789,497.54998779296875,0.0,0,155.5800018310547,653.1300048828125,Churned,Competitor,Competitor had better devices,1
57185-UTT,Male,38,Yes,Uttar Pradesh,7,24,Deal 2,Yes,Yes,Yes,Fiber Optic,No,Yes,Yes,No,Yes,No,No,Yes,Month-to-Month,Yes,Bank Withdrawal,95.25,3959.35009765625,27.299999237060547,0,766.9199829101562,4698.97021484375,Churned,Attitude,Attitude of service provider,1
57207-ODI,Female,39,Yes,Odisha,0,23,Deal 2,Yes,Yes,Yes,Fiber Optic,No,No,No,No,Yes,Yes,Yes,Yes,Month-to-Month,Yes,Bank Withdrawal,96.80000305175781,5283.9501953125,0.0,0,2605.89990234375,7889.85009765625,Churned,Competitor,Competitor offered more data,1
57256-BIH,Female,18,No,Bihar,9,7,,Yes,No,No,,,,,,,,,,Month-to-Month,No,Credit Card,19.850000381469727,57.20000076293945,0.0,0,9.359999656677246,66.55999755859375,Joined,,,1
57326-JAM,Female,24,Yes,Jammu & Kashmir,5,9,,Yes,No,Yes,Fiber Optic,Yes,No,No,No,No,No,Yes,Yes,Month-to-Month,Yes,Credit Card,73.5999984741211,73.5999984741211,0.0,0,6.190000057220459,79.79000091552734,Churned,Competitor,Competitor made better offer,1
57338-TAM,Female,54,No,Tamil Nadu,11,14,Deal 5,Yes,No,Yes,Cable,No,No,No,No,No,No,No,Yes,Month-to-Month,No,Credit Card,43.95000076293945,43.95000076293945,0.0,0,34.47999954223633,78.43000030517578,Churned,Attitude,Attitude of service provider,1
57402-PUD,Male,26,No,Puducherry,9,4,,Yes,Yes,Yes,Fiber Optic,No,No,No,No,No,No,Yes,Yes,Month-to-Month,No,Credit Card,75.0,209.10000610351562,0.0,0,103.47000122070312,312.57000732421875,Churned,Dissatisfaction,Limited range of services,1
57405-TAM,Female,49,Yes,Tamil Nadu,12,27,,Yes,No,Yes,Fiber Optic,No,Yes,No,No,Yes,No,No,Yes,Month-to-Month,Yes,Bank Withdrawal,87.1500015258789,183.75,0.0,0,12.399999618530273,196.14999389648438,Churned,Other,Don't know,1
57417-WES,Female,41,No,West Bengal,6,6,,No,,Yes,Cable,No,No,No,No,No,No,No,Yes,Month-to-Month,Yes,Mailed Check,24.450000762939453,24.450000762939453,0.0,0,0.0,24.450000762939453,Churned,Price,Extra data charges,1
57446-HAR,Female,38,No,Haryana,4,36,,Yes,Yes,Yes,DSL,No,Yes,No,Yes,No,No,No,Yes,Month-to-Month,Yes,Bank Withdrawal,60.04999923706055,1616.1500244140625,0.0,0,580.5800170898438,2196.72998046875,Churned,Other,Don't know,1
57456-CHH,Male,72,Yes,Chhattisgarh,15,6,Deal 5,Yes,Yes,Yes,Fiber Optic,No,No,Yes,No,No,No,No,Yes,Month-to-Month,Yes,Bank Withdrawal,78.55000305175781,149.5500030517578,0.0,0,87.91999816894531,237.47000122070312,Churned,Competitor,Competitor made better offer,1
57457-MAD,Female,46,No,Madhya Pradesh,14,34,,Yes,No,No,,,,,,,,,,Month-to-Month,No,Mailed Check,20.0,38.0,0.0,0,68.76000213623047,106.76000213623047,Joined,,,1
57477-WES,Male,74,Yes,West Bengal,6,31,,Yes,Yes,Yes,Fiber Optic,No,Yes,Yes,No,Yes,Yes,No,Yes,Month-to-Month,Yes,Bank Withdrawal,102.94999694824219,7101.5,15.239999771118164,0,1221.5,8307.759765625,Churned,Competitor,Competitor had better devices,1
57488-KAR,Female,73,Yes,Karnataka,9,19,Deal 5,No,,Yes,DSL,No,No,No,No,No,No,No,Yes,Month-to-Month,No,Bank Withdrawal,25.25,25.25,0.0,0,0.0,25.25,Churned,Price,Price too high,1
57496-KER,Female,58,Yes,Kerala,3,30,Deal 1,Yes,Yes,Yes,Fiber Optic,No,Yes,Yes,Yes,Yes,Yes,Yes,No,Two Year,Yes,Credit Card,108.5999984741211,7690.89990234375,0.0,20,408.9599914550781,8119.85986328125,Churned,Dissatisfaction,Product dissatisfaction,1
57568-KER,Female,39,No,Kerala,14,15,Deal 5,Yes,No,No,,,,,,,,,,Month-to-Month,No,Bank Withdrawal,19.75,58.849998474121094,0.0,0,73.88999938964844,132.74000549316406,Churned,Attitude,Attitude of support person,1
57610-JAM,Female,79,No,Jammu & Kashmir,2,24,Deal 3,Yes,Yes,Yes,Fiber Optic,No,No,No,No,No,No,No,Yes,Month-to-Month,Yes,Bank Withdrawal,74.9000015258789,2303.35009765625,0.0,0,1514.8800048828125,3818.22998046875,Churned,Attitude,Attitude of support person,1
57673-ODI,Female,29,Yes,Odisha,1,10,,No,,Yes,Cable,Yes,No,Yes,No,Yes,Yes,Yes,No,One Year,Yes,Bank Withdrawal,55.95000076293945,1157.050048828125,0.0,10,0.0,1167.050048828125,Churned,Attitude,Attitude of service provider,1
57712-JAM,Female,29,Yes,Jammu & Kashmir,15,8,Deal 5,Yes,No,Yes,DSL,No,Yes,No,No,No,No,Yes,Yes,Month-to-Month,No,Credit Card,50.650001525878906,50.650001525878906,0.0,0,14.779999732971191,65.43000030517578,Churned,Competitor,Competitor made better offer,1
57765-TAM,Male,37,Yes,Tamil Nadu,14,17,Deal 5,Yes,Yes,Yes,Cable,No,No,No,No,Yes,Yes,Yes,No,Month-to-Month,No,Credit Card,95.0,655.5,36.599998474121094,10,143.63999938964844,772.5399780273438,Churned,Competitor,Competitor had better devices,1
57776-WES,Male,25,Yes,West Bengal,7,27,,Yes,Yes,Yes,Cable,No,No,Yes,No,No,No,No,No,Month-to-Month,Yes,Bank Withdrawal,79.3499984741211,661.25,0.0,10,285.0299987792969,956.280029296875,Churned,Dissatisfaction,Network reliability,1
57779-ASS,Male,30,Yes,Assam,7,29,,Yes,No,No,,,,,,,,,,Month-to-Month,No,Credit Card,19.25,19.25,0.0,0,12.8100004196167,32.060001373291016,Churned,Attitude,Attitude of service provider,1
57784-UTT,Male,80,Yes,Uttar Pradesh,4,8,,Yes,Yes,Yes,Fiber Optic,No,No,No,No,Yes,No,No,Yes,Month-to-Month,Yes,Bank Withdrawal,86.5999984741211,1281.0,0.0,0,306.8800048828125,1587.8800048828125,Churned,Dissatisfaction,Network reliability,1
57809-JAM,Female,22,No,Jammu & Kashmir,8,10,,Yes,No,Yes,Fiber Optic,No,No,No,No,Yes,Yes,Yes,Yes,Month-to-Month,No,Bank Withdrawal,88.1500015258789,1390.5999755859375,0.0,0,184.0500030517578,1574.6500244140625,Churned,Dissatisfaction,Product dissatisfaction,1
57814-JAM,Female,59,Yes,Jammu & Kashmir,0,15,,Yes,Yes,Yes,Fiber Optic,No,Yes,No,No,Yes,Yes,Yes,Yes,Month-to-Month,Yes,Bank Withdrawal,101.75,4273.4501953125,0.0,0,789.1799926757812,5062.6298828125,Churned,Other,Don't know,1
57868-UTT,Female,58,No,Uttar Pradesh,11,13,,Yes,Yes,Yes,Fiber Optic,No,No,No,No,Yes,Yes,Yes,Yes,Month-to-Month,Yes,Bank Withdrawal,95.5999984741211,4783.5,0.0,0,2431.8701171875,7215.3701171875,Churned,Competitor,Competitor offered higher download speeds,1
57883-WES,Male,48,Yes,West Bengal,14,33,,Yes,No,Yes,Fiber Optic,No,Yes,No,No,No,Yes,Yes,Yes,Month-to-Month,Yes,Bank Withdrawal,84.4000015258789,556.3499755859375,0.0,0,131.82000732421875,688.1699829101562,Churned,Dissatisfaction,Service dissatisfaction,1
57919-TEL,Male,66,No,Telangana,7,5,Deal 3,Yes,Yes,Yes,Cable,No,No,No,No,Yes,No,No,Yes,Month-to-Month,Yes,Bank Withdrawal,83.75,2070.60009765625,0.0,0,933.4000244140625,3004.0,Churned,Competitor,Competitor offered higher download speeds,1
58044-KAR,Female,31,No,Karnataka,5,13,Deal 5,Yes,No,No,,,,,,,,,,Month-to-Month,No,Credit Card,20.350000381469727,41.849998474121094,0.0,0,10.84000015258789,52.689998626708984,Joined,,,1
58049-MAD,Female,77,No,Madhya Pradesh,15,15,,No,,Yes,DSL,No,No,No,No,No,No,No,No,Month-to-Month,Yes,Mailed Check,25.799999237060547,25.799999237060547,0.0,20,0.0,45.79999923706055,Churned,Competitor,Competitor had better devices,1
58080-BIH,Female,49,No,Bihar,9,24,,Yes,No,Yes,Cable,No,No,Yes,Yes,No,Yes,Yes,Yes,One Year,Yes,Credit Card,62.29999923706055,2354.800048828125,0.0,0,1755.97998046875,4110.77978515625,Churned,Dissatisfaction,Poor expertise of phone support,1
58091-MAD,Female,40,No,Madhya Pradesh,2,14,,Yes,Yes,Yes,DSL,No,No,No,No,No,No,No,Yes,Month-to-Month,No,Credit Card,51.75,201.10000610351562,0.0,0,39.91999816894531,241.02000427246094,Churned,Competitor,Competitor had better devices,1
58100-CHH,Male,74,No,Chhattisgarh,10,12,,Yes,Yes,Yes,Fiber Optic,No,No,Yes,No,No,Yes,No,Yes,Month-to-Month,Yes,Bank Withdrawal,89.80000305175781,914.2999877929688,0.0,0,168.8000030517578,1083.0999755859375,Churned,Competitor,Competitor made better offer,1
58127-KER,Female,63,Yes,Kerala,14,2,,Yes,No,Yes,Fiber Optic,No,No,No,No,Yes,No,No,No,Month-to-Month,No,Bank Withdrawal,79.55000305175781,79.55000305175781,0.0,10,32.130001068115234,121.68000030517578,Churned,Competitor,Competitor made better offer,1
58153-KER,Female,75,No,Kerala,10,2,Deal 5,Yes,Yes,Yes,Fiber Optic,No,No,No,No,Yes,Yes,No,Yes,Month-to-Month,Yes,Bank Withdrawal,94.5999984741211,279.54998779296875,0.0,0,96.93000030517578,376.4800109863281,Churned,Competitor,Competitor had better devices,1
58161-TAM,Male,58,No,Tamil Nadu,1,26,Deal 2,Yes,Yes,Yes,Cable,No,Yes,No,No,Yes,Yes,Yes,Yes,Month-to-Month,Yes,Bank Withdrawal,101.30000305175781,4113.10009765625,0.0,0,902.4000244140625,5015.5,Churned,Competitor,Competitor had better devices,1
58181-HAR,Female,77,No,Haryana,15,19,,Yes,Yes,Yes,Fiber Optic,No,Yes,Yes,No,Yes,Yes,No,Yes,Month-to-Month,Yes,Bank Withdrawal,106.4000015258789,2483.5,0.0,0,405.260009765625,2888.760009765625,Churned,Dissatisfaction,Product dissatisfaction,1
58240-TAM,Male,41,Yes,Tamil Nadu,6,1,,Yes,No,Yes,Fiber Optic,No,No,No,No,No,No,No,Yes,Month-to-Month,Yes,Bank Withdrawal,70.0999984741211,659.6500244140625,34.689998626708984,0,220.3000030517578,845.260009765625,Churned,Dissatisfaction,Network reliability,1
58354-JAM,Male,76,Yes,Jammu & Kashmir,10,6,Deal 2,Yes,Yes,Yes,Fiber Optic,No,No,Yes,No,Yes,Yes,No,Yes,Month-to-Month,Yes,Bank Withdrawal,101.0,4680.0498046875,0.0,0,246.55999755859375,4926.60986328125,Churned,Competitor,Competitor made better offer,1
58381-GUJ,Female,69,No,Gujarat,2,13,Deal 5,Yes,No,Yes,Fiber Optic,No,Yes,Yes,No,No,No,No,Yes,Month-to-Month,Yes,Bank Withdrawal,82.30000305175781,82.30000305175781,0.0,0,33.40999984741211,115.70999908447266,Churned,Competitor,Competitor had better devices,1
58500-BIH,Female,74,No,Bihar,1,5,,Yes,No,Yes,DSL,No,Yes,No,No,No,No,No,Yes,Month-to-Month,Yes,Bank Withdrawal,50.400001525878906,1527.5,0.0,0,139.5,1667.0,Churned,Attitude,Attitude of support person,1
58577-ODI,Female,44,Yes,Odisha,7,36,Deal 5,Yes,No,Yes,DSL,No,No,No,No,No,No,No,Yes,Month-to-Month,Yes,Credit Card,45.849998474121094,105.5999984741211,0.0,0,10.9399995803833,116.54000091552734,Joined,,,1
58609-ASS,Female,35,Yes,Assam,8,32,,Yes,Yes,Yes,Fiber Optic,Yes,Yes,Yes,Yes,Yes,Yes,Yes,Yes,One Year,Yes,Bank Withdrawal,117.80000305175781,8684.7998046875,0.0,0,2510.639892578125,11195.4404296875,Churned,Competitor,Competitor offered higher download speeds,1
58625-JAM,Female,70,Yes,Jammu & Kashmir,14,17,Deal 4,Yes,No,Yes,Fiber Optic,No,No,No,Yes,Yes,Yes,Yes,Yes,Month-to-Month,Yes,Bank Withdrawal,94.44999694824219,1511.199951171875,0.0,0,150.8800048828125,1662.0799560546875,Churned,Competitor,Competitor had better devices,1
58748-KER,Female,34,No,Kerala,15,22,,No,,Yes,DSL,No,Yes,Yes,No,No,No,No,Yes,One Year,No,Mailed Check,34.70000076293945,1604.5,0.0,0,0.0,1604.5,Churned,Dissatisfaction,Product dissatisfaction,1
58784-ASS,Female,80,Yes,Assam,2,29,,Yes,No,Yes,DSL,No,No,No,No,No,No,No,No,Month-to-Month,No,Bank Withdrawal,45.0,127.0999984741211,0.0,10,90.41999816894531,227.52000427246094,Churned,Competitor,Competitor made better offer,1
58802-TAM,Female,42,Yes,Tamil Nadu,0,32,,Yes,Yes,Yes,Fiber Optic,No,No,No,Yes,No,Yes,Yes,Yes,Month-to-Month,Yes,Credit Card,89.05000305175781,1448.5999755859375,0.0,0,191.36000061035156,1639.9599609375,Churned,Competitor,Competitor made better offer,1
58833-WES,Female,40,Yes,West Bengal,8,11,,Yes,Yes,Yes,Fiber Optic,No,Yes,No,No,Yes,Yes,Yes,Yes,Month-to-Month,Yes,Bank Withdrawal,102.0,1145.3499755859375,0.0,0,86.79000091552734,1232.1400146484375,Churned,Competitor,Competitor offered more data,1
58840-ODI,Female,73,No,Odisha,15,13,,No,,Yes,Cable,No,No,No,No,No,No,No,Yes,Month-to-Month,Yes,Bank Withdrawal,25.200000762939453,25.200000762939453,0.0,0,0.0,25.200000762939453,Churned,Competitor,Competitor made better offer,1
58848-PUN,Male,58,Yes,Punjab,14,18,,Yes,No,Yes,Cable,Yes,No,No,No,No,No,No,Yes,Month-to-Month,Yes,Credit Card,49.79999923706055,49.79999923706055,0.0,0,38.209999084472656,88.01000213623047,Joined,,,1
58904-TAM,Male,75,Yes,Tamil Nadu,1,4,,Yes,No,Yes,DSL,No,No,No,No,No,No,No,Yes,Month-to-Month,Yes,Bank Withdrawal,44.150001525878906,92.6500015258789,0.0,0,87.31999969482422,179.97000122070312,Churned,Attitude,Attitude of support person,1
58933-TEL,Male,75,Yes,Telangana,2,13,Deal 5,Yes,No,Yes,Fiber Optic,Yes,No,No,No,No,No,No,No,Month-to-Month,No,Bank Withdrawal,76.44999694824219,503.6000061035156,11.050000190734863,0,188.64999389648438,681.2000122070312,Churned,Price,Lack of affordable download/upload speed,1
58967-BIH,Female,39,Yes,Bihar,12,9,,Yes,No,Yes,Cable,No,No,No,No,No,No,No,Yes,Month-to-Month,Yes,Bank Withdrawal,44.20000076293945,403.3500061035156,0.0,0,377.2799987792969,780.6300048828125,Churned,Competitor,Competitor offered higher download speeds,1
58974-MAD,Male,34,No,Madhya Pradesh,11,14,,Yes,No,No,,,,,,,,,,Month-to-Month,No,Credit Card,20.299999237060547,41.20000076293945,0.0,0,25.360000610351562,66.55999755859375,Joined,,,1
59029-PUN,Female,45,No,Punjab,8,31,,Yes,No,Yes,Fiber Optic,No,No,No,No,No,No,No,No,Month-to-Month,Yes,Credit Card,70.44999694824219,70.44999694824219,0.0,10,42.869998931884766,123.31999969482422,Churned,Competitor,Competitor had better devices,1
59068-JAM,Female,32,No,Jammu & Kashmir,2,34,,Yes,Yes,Yes,Fiber Optic,No,No,Yes,Yes,Yes,Yes,Yes,No,Month-to-Month,Yes,Credit Card,102.0999984741211,5885.39990234375,0.0,100,203.5800018310547,6188.97998046875,Churned,Competitor,Competitor made better offer,1
59187-BIH,Male,40,No,Bihar,13,31,,No,,Yes,DSL,No,Yes,No,No,No,Yes,Yes,Yes,Month-to-Month,Yes,Credit Card,40.099998474121094,293.29998779296875,0.0,0,0.0,293.29998779296875,Churned,Attitude,Attitude of service provider,1
59202-BIH,Female,18,No,Bihar,5,5,,Yes,No,Yes,DSL,No,No,No,No,Yes,No,Yes,Yes,Month-to-Month,No,Credit Card,55.20000076293945,55.20000076293945,0.0,0,35.599998474121094,90.80000305175781,Churned,Dissatisfaction,Poor expertise of online support,1
59209-MAH,Male,31,No,Maharashtra,6,29,Deal 4,Yes,Yes,Yes,Fiber Optic,No,No,Yes,Yes,Yes,Yes,Yes,Yes,Month-to-Month,Yes,Bank Withdrawal,106.0999984741211,2249.949951171875,0.0,0,458.42999267578125,2708.3798828125,Churned,Price,Long distance charges,1
59273-JAM,Female,36,No,Jammu & Kashmir,3,36,Deal 1,Yes,No,Yes,Fiber Optic,Yes,Yes,No,No,No,Yes,Yes,Yes,One Year,Yes,Credit Card,90.5999984741211,6056.14990234375,0.0,0,2060.25,8116.39990234375,Churned,Competitor,Competitor made better offer,1
59292-AND,Male,54,Yes,Andhra Pradesh,6,27,,No,,Yes,DSL,No,No,No,Yes,No,No,No,Yes,Month-to-Month,Yes,Bank Withdrawal,30.899999618530273,59.04999923706055,0.0,0,0.0,59.04999923706055,Churned,Dissatisfaction,Network reliability,1
59308-UTT,Female,73,Yes,Uttar Pradesh,7,20,,Yes,Yes,Yes,Fiber Optic,No,Yes,Yes,No,No,Yes,Yes,Yes,Month-to-Month,Yes,Bank Withdrawal,95.55000305175781,2510.199951171875,0.0,0,1066.22998046875,3576.429931640625,Churned,Dissatisfaction,Service dissatisfaction,1
59386-JAM,Female,28,No,Jammu & Kashmir,1,13,,No,,Yes,Cable,No,No,No,No,Yes,Yes,Yes,Yes,Month-to-Month,No,Bank Withdrawal,44.599998474121094,97.0999984741211,0.0,0,0.0,97.0999984741211,Churned,Competitor,Competitor made better offer,1
59387-MAH,Female,68,No,Maharashtra,14,1,Deal 5,Yes,No,Yes,Fiber Optic,No,No,No,No,No,No,No,Yes,Month-to-Month,Yes,Bank Withdrawal,71.6500015258789,71.6500015258789,0.0,0,28.459999084472656,100.11000061035156,Churned,Competitor,Competitor offered more data,1
59433-BIH,Female,65,No,Bihar,8,29,Deal 5,Yes,No,Yes,Fiber Optic,No,No,No,No,Yes,Yes,No,Yes,Month-to-Month,Yes,Bank Withdrawal,89.30000305175781,89.30000305175781,0.0,0,30.229999542236328,119.52999877929688,Churned,Competitor,Competitor had better devices,1
59558-MAH,Female,37,No,Maharashtra,9,20,Deal 4,No,,Yes,DSL,No,No,No,Yes,Yes,Yes,Yes,Yes,Month-to-Month,Yes,Bank Withdrawal,49.95000076293945,810.2000122070312,0.0,0,0.0,810.2000122070312,Churned,Other,Don't know,1
59560-TEL,Female,49,Yes,Telangana,4,16,,Yes,Yes,Yes,Fiber Optic,No,No,No,No,Yes,Yes,Yes,No,Month-to-Month,Yes,Credit Card,94.6500015258789,2104.550048828125,0.0,40,1018.1599731445312,3162.7099609375,Churned,Competitor,Competitor offered higher download speeds,1
59588-JAM,Male,57,Yes,Jammu & Kashmir,2,22,Deal 4,Yes,No,Yes,Fiber Optic,No,No,No,No,Yes,No,No,No,Month-to-Month,Yes,Bank Withdrawal,79.5,868.5,0.0,50,146.6300048828125,1065.1300048828125,Churned,Competitor,Competitor made better offer,1
59610-RAJ,Female,42,No,Rajasthan,2,6,,Yes,No,Yes,DSL,Yes,Yes,Yes,No,No,Yes,Yes,Yes,Month-to-Month,Yes,Bank Withdrawal,68.8499984741211,1970.5,0.0,0,29.579999923706055,2000.0799560546875,Churned,Competitor,Competitor made better offer,1
59647-MAH,Male,60,No,Maharashtra,11,3,Deal 3,Yes,Yes,Yes,Fiber Optic,No,No,No,No,No,No,No,Yes,Month-to-Month,No,Bank Withdrawal,75.25,3017.64990234375,0.0,0,1410.6300048828125,4428.27978515625,Churned,Competitor,Competitor made better offer,1
59648-JAM,Female,66,No,Jammu & Kashmir,2,4,,Yes,No,Yes,Fiber Optic,No,No,Yes,No,Yes,Yes,Yes,Yes,One Year,No,Mailed Check,95.5,1115.1500244140625,0.0,0,417.7200012207031,1532.8699951171875,Churned,Competitor,Competitor made better offer,1
59649-UTT,Female,39,Yes,Uttar Pradesh,5,20,,Yes,No,No,,,,,,,,,,Month-to-Month,No,Mailed Check,19.799999237060547,19.799999237060547,0.0,0,9.65999984741211,29.459999084472656,Churned,Price,Long distance charges,1
59658-JAM,Female,24,No,Jammu & Kashmir,6,10,,Yes,No,No,,,,,,,,,,Month-to-Month,Yes,Mailed Check,20.100000381469727,20.100000381469727,0.0,0,4.110000133514404,24.209999084472656,Churned,Competitor,Competitor made better offer,1
59659-RAJ,Male,74,No,Rajasthan,8,25,,Yes,Yes,Yes,Fiber Optic,No,No,Yes,No,Yes,Yes,No,Yes,Month-to-Month,Yes,Bank Withdrawal,100.80000305175781,100.80000305175781,0.0,0,17.350000381469727,118.1500015258789,Churned,Attitude,Attitude of service provider,1
59675-JAM,Female,37,No,Jammu & Kashmir,14,11,,Yes,Yes,Yes,Fiber Optic,No,Yes,No,No,Yes,Yes,Yes,Yes,One Year,No,Mailed Check,100.44999694824219,4941.7998046875,0.0,0,1292.1300048828125,6233.93017578125,Churned,Dissatisfaction,Poor expertise of online support,1
59750-AND,Female,49,Yes,Andhra Pradesh,11,4,,Yes,Yes,Yes,Fiber Optic,No,No,No,No,No,No,No,Yes,Month-to-Month,Yes,Credit Card,74.9000015258789,136.0500030517578,0.0,0,82.16000366210938,218.2100067138672,Joined,,,1
59787-KAR,Male,79,No,Karnataka,3,21,Deal 4,Yes,No,Yes,Fiber Optic,No,Yes,Yes,No,Yes,Yes,No,Yes,Month-to-Month,Yes,Bank Withdrawal,98.0,1237.8499755859375,0.0,0,361.6600036621094,1599.510009765625,Churned,Dissatisfaction,Product dissatisfaction,1
59807-JHA,Female,25,Yes,Jharkhand,14,25,Deal 5,Yes,Yes,Yes,Fiber Optic,No,No,No,No,No,No,No,Yes,Month-to-Month,Yes,Bank Withdrawal,75.5,220.60000610351562,0.0,0,142.52999877929688,363.1300048828125,Churned,Attitude,Attitude of service provider,1
59861-AND,Male,56,No,Andhra Pradesh,13,24,Deal 5,Yes,No,Yes,Fiber Optic,No,No,No,No,Yes,No,No,No,Month-to-Month,Yes,Bank Withdrawal,80.19999694824219,146.0500030517578,0.0,10,99.58000183105469,255.6300048828125,Churned,Attitude,Attitude of service provider,1
59867-MAD,Female,23,No,Madhya Pradesh,9,6,Deal 2,Yes,Yes,Yes,Fiber Optic,No,Yes,Yes,Yes,Yes,Yes,Yes,Yes,One Year,No,Bank Withdrawal,110.3499984741211,5893.14990234375,0.0,0,117.72000122070312,6010.8701171875,Churned,Competitor,Competitor had better devices,1
59905-TEL,Female,72,No,Telangana,5,36,,Yes,No,Yes,Fiber Optic,Yes,Yes,No,No,No,No,No,No,Month-to-Month,No,Bank Withdrawal,78.8499984741211,1043.800048828125,0.0,50,672.1400146484375,1765.93994140625,Stayed,Others,Others,1
59959-KAR,Female,57,No,Karnataka,0,29,,Yes,Yes,Yes,Cable,No,Yes,No,No,Yes,Yes,Yes,Yes,Month-to-Month,Yes,Bank Withdrawal,100.0,1534.75,0.0,0,605.280029296875,2140.030029296875,Churned,Competitor,Competitor had better devices,1
61008-KAR,Female,46,Yes,Karnataka,3,33,Deal 5,Yes,No,No,,,,,,,,,,Month-to-Month,No,Mailed Check,19.649999618530273,19.649999618530273,0.0,0,17.25,36.900001525878906,Churned,Dissatisfaction,Service dissatisfaction,1
61025-KER,Female,58,Yes,Kerala,1,21,,Yes,No,Yes,DSL,No,No,Yes,No,No,Yes,Yes,Yes,Month-to-Month,No,Bank Withdrawal,57.45000076293945,990.8499755859375,15.729999542236328,0,51.47999954223633,1026.5999755859375,Churned,Competitor,Competitor had better devices,1
61025-MAH,Female,45,No,Maharashtra,4,16,Deal 5,Yes,No,Yes,DSL,No,No,Yes,No,No,No,No,Yes,Month-to-Month,Yes,Bank Withdrawal,49.849998474121094,49.849998474121094,0.0,0,42.54999923706055,92.4000015258789,Joined,,,1
61027-DEL,Male,74,No,Delhi,6,36,,Yes,Yes,Yes,Fiber Optic,No,Yes,Yes,Yes,Yes,Yes,No,Yes,One Year,No,Credit Card,110.9000015258789,7432.0498046875,0.0,0,653.4000244140625,8085.4501953125,Churned,Attitude,Attitude of service provider,1
61043-JAM,Female,73,No,Jammu & Kashmir,11,34,,Yes,No,Yes,Fiber Optic,No,No,No,No,No,No,No,Yes,Month-to-Month,Yes,Bank Withdrawal,70.30000305175781,235.5,0.0,0,16.6200008392334,252.1199951171875,Churned,Competitor,Competitor made better offer,1
61054-ASS,Male,69,Yes,Assam,1,35,,Yes,Yes,Yes,Fiber Optic,No,Yes,No,No,No,No,No,Yes,Month-to-Month,Yes,Bank Withdrawal,79.1500015258789,79.1500015258789,0.0,0,24.479999542236328,103.62999725341797,Churned,Competitor,Competitor had better devices,1
61112-TAM,Male,43,Yes,Tamil Nadu,6,17,Deal 1,Yes,Yes,Yes,Fiber Optic,Yes,Yes,Yes,Yes,No,No,No,Yes,Two Year,No,Bank Withdrawal,93.9000015258789,6579.0498046875,0.0,0,383.6000061035156,6962.64990234375,Churned,Price,Long distance charges,1
61190-JAM,Female,43,Yes,Jammu & Kashmir,1,2,,No,,Yes,DSL,No,Yes,No,No,No,No,No,Yes,Month-to-Month,No,Mailed Check,29.200000762939453,309.1000061035156,0.0,0,0.0,309.1000061035156,Churned,Competitor,Competitor made better offer,1
61203-PUN,Female,19,No,Punjab,11,11,,Yes,Yes,Yes,Cable,No,No,No,Yes,Yes,No,No,Yes,Month-to-Month,No,Bank Withdrawal,64.5999984741211,174.1999969482422,0.0,0,122.97000122070312,297.1700134277344,Joined,,,1
61282-AND,Male,36,Yes,Andhra Pradesh,6,22,Deal 2,Yes,Yes,Yes,Fiber Optic,No,No,Yes,Yes,Yes,Yes,Yes,No,One Year,Yes,Bank Withdrawal,104.6500015258789,6219.60009765625,0.0,40,2386.1201171875,8645.7197265625,Churned,Dissatisfaction,Service dissatisfaction,1
61318-ASS,Female,24,Yes,Assam,2,6,,Yes,No,Yes,Fiber Optic,No,No,No,Yes,No,Yes,Yes,Yes,Month-to-Month,No,Bank Withdrawal,85.80000305175781,272.20001220703125,0.0,0,31.799999237060547,304.0,Churned,Competitor,Competitor had better devices,1
61331-UTT,Male,36,Yes,Uttarakhand,2,10,Deal 5,Yes,No,Yes,DSL,Yes,No,No,No,No,No,No,Yes,Month-to-Month,Yes,Credit Card,50.75,50.75,0.0,0,45.77000045776367,96.5199966430664,Joined,,,1
61407-MAH,Female,79,Yes,Maharashtra,12,18,Deal 2,Yes,Yes,Yes,Fiber Optic,Yes,No,Yes,No,Yes,Yes,No,Yes,One Year,Yes,Bank Withdrawal,104.55000305175781,5794.64990234375,0.0,0,2732.800048828125,8527.4501953125,Churned,Competitor,Competitor offered higher download speeds,1
61409-KAR,Male,53,Yes,Karnataka,0,34,Deal 5,Yes,Yes,Yes,DSL,No,No,No,No,No,No,No,Yes,Month-to-Month,Yes,Bank Withdrawal,50.900001525878906,225.60000610351562,0.0,0,34.31999969482422,259.9200134277344,Churned,Dissatisfaction,Network reliability,1
61474-TEL,Male,52,Yes,Telangana,11,17,,Yes,No,No,,,,,,,,,,Month-to-Month,No,Credit Card,20.350000381469727,20.350000381469727,0.0,0,31.969999313354492,52.31999969482422,Joined,,,1
61477-PUN,Male,24,Yes,Punjab,2,3,Deal 5,Yes,No,Yes,Fiber Optic,No,No,No,Yes,Yes,No,No,Yes,Month-to-Month,Yes,Bank Withdrawal,84.80000305175781,84.80000305175781,0.0,0,37.83000183105469,122.62999725341797,Churned,Dissatisfaction,Network reliability,1
61598-ASS,Female,39,No,Assam,10,14,,Yes,No,Yes,Fiber Optic,No,Yes,Yes,No,Yes,Yes,Yes,Yes,Month-to-Month,Yes,Bank Withdrawal,101.25,1457.25,0.0,0,252.3000030517578,1709.550048828125,Churned,Dissatisfaction,Lack of self-service on Website,1
61609-JHA,Male,51,No,Jharkhand,4,36,Deal 5,No,,Yes,DSL,Yes,Yes,No,No,No,Yes,Yes,Yes,Month-to-Month,Yes,Bank Withdrawal,42.599998474121094,72.4000015258789,0.0,0,0.0,72.4000015258789,Churned,Competitor,Competitor offered more data,1
61811-KER,Female,35,Yes,Kerala,7,31,,Yes,No,Yes,DSL,No,Yes,No,Yes,No,No,No,Yes,Month-to-Month,No,Credit Card,56.5,235.10000610351562,0.0,0,170.83999633789062,405.94000244140625,Churned,Dissatisfaction,Lack of self-service on Website,1
61892-MAH,Female,68,Yes,Maharashtra,4,17,Deal 4,Yes,Yes,Yes,DSL,No,No,No,Yes,No,No,No,Yes,Month-to-Month,No,Credit Card,55.0,757.0999755859375,0.0,0,257.8500061035156,1014.9500122070312,Churned,Other,Don't know,1
61919-BIH,Female,79,No,Bihar,2,25,,Yes,Yes,Yes,Fiber Optic,No,No,No,No,Yes,No,No,No,Month-to-Month,Yes,Bank Withdrawal,84.80000305175781,546.9500122070312,0.0,0,276.57000732421875,823.52001953125,Churned,Competitor,Competitor made better offer,1
61945-AND,Female,64,Yes,Andhra Pradesh,14,17,,Yes,No,No,,,,,,,,,,Month-to-Month,Yes,Credit Card,19.299999237060547,19.299999237060547,0.0,0,49.20000076293945,68.5,Churned,Dissatisfaction,Service dissatisfaction,1
62148-JAM,Male,21,Yes,Jammu & Kashmir,1,1,Deal 5,Yes,Yes,Yes,Fiber Optic,No,Yes,Yes,No,No,No,Yes,Yes,Month-to-Month,Yes,Bank Withdrawal,84.80000305175781,371.8999938964844,0.0,0,115.08000183105469,486.9800109863281,Churned,Competitor,Competitor made better offer,1
62238-KER,Female,26,No,Kerala,2,8,,Yes,No,Yes,Fiber Optic,No,Yes,No,No,No,No,Yes,Yes,Month-to-Month,Yes,Bank Withdrawal,73.55000305175781,145.39999389648438,0.0,0,17.0,162.39999389648438,Churned,Competitor,Competitor had better devices,1
62359-AND,Female,48,Yes,Andhra Pradesh,5,24,Deal 5,No,,Yes,Cable,No,Yes,No,Yes,No,No,No,No,Month-to-Month,No,Credit Card,33.599998474121094,33.599998474121094,0.0,50,0.0,83.5999984741211,Joined,,,1
62375-JAM,Female,62,Yes,Jammu & Kashmir,3,25,Deal 5,Yes,No,Yes,Fiber Optic,No,No,No,No,Yes,Yes,Yes,Yes,Month-to-Month,Yes,Bank Withdrawal,89.5,573.2999877929688,0.0,0,287.5199890136719,860.8200073242188,Churned,Competitor,Competitor had better devices,1
62386-UTT,Male,44,Yes,Uttar Pradesh,4,26,Deal 5,Yes,No,Yes,Fiber Optic,No,No,No,No,No,No,No,No,Month-to-Month,No,Bank Withdrawal,70.0,70.0,0.0,10,19.149999618530273,99.1500015258789,Churned,Other,Don't know,1
62464-MAD,Female,46,No,Madhya Pradesh,6,8,,Yes,No,No,,,,,,,,,,Month-to-Month,Yes,Mailed Check,20.5,20.5,0.0,0,34.56999969482422,55.06999969482422,Churned,Price,Long distance charges,1
62467-ASS,Female,33,Yes,Assam,6,10,,Yes,No,Yes,Fiber Optic,Yes,Yes,Yes,No,Yes,Yes,Yes,Yes,Month-to-Month,Yes,Bank Withdrawal,104.4000015258789,1081.449951171875,0.0,0,83.80000305175781,1165.25,Churned,Competitor,Competitor made better offer,1
62467-GUJ,Female,44,Yes,Gujarat,8,4,Deal 5,Yes,No,Yes,Fiber Optic,No,No,Yes,No,Yes,Yes,Yes,Yes,Month-to-Month,Yes,Bank Withdrawal,95.3499984741211,660.9000244140625,34.290000915527344,0,338.5199890136719,965.1300048828125,Churned,Competitor,Competitor made better offer,1
62535-AND,Male,42,No,Andhra Pradesh,8,22,Deal 5,Yes,No,Yes,Cable,No,No,No,Yes,Yes,Yes,Yes,Yes,Month-to-Month,No,Credit Card,70.69999694824219,225.64999389648438,0.0,0,75.12000274658203,300.7699890136719,Joined,,,1
62544-GUJ,Female,63,Yes,Gujarat,14,33,,No,,Yes,DSL,No,No,No,No,Yes,Yes,No,Yes,Month-to-Month,No,Bank Withdrawal,45.29999923706055,528.4500122070312,0.0,0,0.0,528.4500122070312,Stayed,Others,Others,1
62631-TAM,Female,65,No,Tamil Nadu,7,11,Deal 4,Yes,Yes,Yes,DSL,No,No,No,Yes,No,Yes,Yes,Yes,Month-to-Month,Yes,Bank Withdrawal,66.3499984741211,740.7999877929688,0.0,0,172.58999633789062,913.3900146484375,Churned,Competitor,Competitor had better devices,1
62641-KAR,Female,73,Yes,Karnataka,11,32,,Yes,No,Yes,Fiber Optic,No,No,No,No,No,No,No,No,Month-to-Month,Yes,Bank Withdrawal,70.1500015258789,916.75,0.0,90,492.17999267578125,1498.9300537109375,Churned,Dissatisfaction,Poor expertise of online support,1
62656-BIH,Male,53,Yes,Bihar,5,21,,Yes,No,Yes,DSL,No,No,No,No,No,Yes,Yes,Yes,Month-to-Month,Yes,Bank Withdrawal,56.25,56.25,0.0,0,26.139999389648438,82.38999938964844,Churned,Price,Lack of affordable download/upload speed,1
62663-TAM,Female,23,Yes,Tamil Nadu,13,11,Deal 2,Yes,Yes,Yes,Fiber Optic,Yes,Yes,No,No,Yes,Yes,Yes,Yes,One Year,Yes,Credit Card,103.25,5037.5498046875,0.0,0,305.2799987792969,5342.830078125,Churned,Attitude,Attitude of service provider,1
62667-PUN,Male,71,Yes,Punjab,5,25,,Yes,No,Yes,Fiber Optic,No,No,Yes,No,Yes,No,No,No,Month-to-Month,Yes,Credit Card,84.8499984741211,415.54998779296875,0.0,20,136.75,572.2999877929688,Churned,Competitor,Competitor had better devices,1
62731-KER,Male,69,Yes,Kerala,8,21,,Yes,Yes,Yes,Fiber Optic,No,No,No,Yes,Yes,No,No,Yes,Month-to-Month,Yes,Bank Withdrawal,90.5,1910.5999755859375,0.0,0,1014.4199829101562,2925.02001953125,Churned,Other,Don't know,1
62759-MAH,Male,44,No,Maharashtra,8,21,Deal 5,Yes,Yes,Yes,Fiber Optic,No,No,No,No,No,Yes,Yes,Yes,Month-to-Month,Yes,Bank Withdrawal,86.55000305175781,649.6500244140625,0.0,0,198.0800018310547,847.72998046875,Churned,Attitude,Attitude of service provider,1
62802-TEL,Female,52,Yes,Telangana,0,33,Deal 5,Yes,Yes,Yes,Fiber Optic,No,No,No,No,Yes,Yes,Yes,Yes,Month-to-Month,Yes,Bank Withdrawal,96.5999984741211,291.8999938964844,0.0,0,29.850000381469727,321.75,Churned,Price,Price too high,1
62807-JHA,Male,76,Yes,Jharkhand,5,32,Deal 5,Yes,No,Yes,DSL,No,No,No,No,No,No,No,Yes,Month-to-Month,No,Credit Card,44.95000076293945,85.1500015258789,0.0,0,53.2400016784668,138.38999938964844,Churned,Other,Don't know,1
62842-HAR,Male,33,Yes,Haryana,11,25,,Yes,No,No,,,,,,,,,,Month-to-Month,No,Credit Card,19.299999237060547,44.400001525878906,0.0,0,99.81999969482422,144.22000122070312,Joined,,,1
62857-PUN,Female,74,No,Punjab,12,9,Deal 5,Yes,No,Yes,Fiber Optic,No,No,No,No,Yes,Yes,No,Yes,Month-to-Month,Yes,Bank Withdrawal,89.5,676.7000122070312,0.0,0,95.41000366210938,772.1099853515625,Churned,Dissatisfaction,Network reliability,1
62886-RAJ,Female,78,No,Rajasthan,4,10,,Yes,Yes,Yes,Fiber Optic,No,Yes,Yes,No,No,Yes,No,Yes,Month-to-Month,Yes,Bank Withdrawal,94.25,3217.550048828125,0.0,0,97.91999816894531,3315.469970703125,Churned,Competitor,Competitor had better devices,1
62959-PUN,Male,59,Yes,Punjab,7,6,Deal 5,No,,Yes,DSL,No,No,No,No,No,No,No,Yes,Month-to-Month,Yes,Bank Withdrawal,23.450000762939453,23.450000762939453,0.0,0,0.0,23.450000762939453,Churned,Price,Price too high,1
62968-UTT,Female,18,No,Uttar Pradesh,4,3,,Yes,No,Yes,Cable,No,No,No,Yes,No,Yes,Yes,Yes,Month-to-Month,Yes,Credit Card,59.54999923706055,59.54999923706055,0.0,0,41.38999938964844,100.94000244140625,Joined,,,1
63030-MAH,Male,44,Yes,Maharashtra,13,19,Deal 5,Yes,No,Yes,Cable,No,No,No,No,No,No,No,Yes,Month-to-Month,Yes,Bank Withdrawal,42.900001525878906,42.900001525878906,0.0,0,4.019999980926514,46.91999816894531,Churned,Competitor,Competitor had better devices,1
63067-KER,Male,26,No,Kerala,12,34,Deal 2,Yes,Yes,Yes,Cable,Yes,Yes,Yes,No,No,Yes,Yes,Yes,One Year,No,Credit Card,72.44999694824219,4653.85009765625,14.229999542236328,0,1738.75,6378.3701171875,Churned,Competitor,Competitor offered more data,1
63129-PUN,Female,77,Yes,Punjab,5,19,,Yes,No,Yes,Fiber Optic,Yes,No,Yes,Yes,No,Yes,No,No,Month-to-Month,Yes,Credit Card,96.30000305175781,1426.75,0.0,150,286.6499938964844,1863.4000244140625,Churned,Attitude,Attitude of support person,1
63137-TAM,Female,18,No,Tamil Nadu,12,12,Deal 2,Yes,Yes,Yes,Fiber Optic,No,Yes,Yes,No,Yes,Yes,Yes,Yes,One Year,Yes,Bank Withdrawal,103.25,6017.64990234375,0.0,0,2581.0,8598.650390625,Churned,Competitor,Competitor made better offer,1
63165-JAM,Female,70,Yes,Jammu & Kashmir,10,13,Deal 5,Yes,No,Yes,Fiber Optic,No,No,No,No,No,No,No,No,Month-to-Month,Yes,Bank Withdrawal,69.94999694824219,69.94999694824219,0.0,10,22.5,102.44999694824219,Churned,Competitor,Competitor made better offer,1
63169-PUN,Female,37,No,Punjab,6,21,Deal 4,Yes,Yes,Yes,Fiber Optic,No,No,No,No,Yes,Yes,Yes,Yes,Month-to-Month,Yes,Bank Withdrawal,92.55000305175781,1515.0999755859375,0.0,0,301.07000732421875,1816.1700439453125,Churned,Other,Moved,1
63237-DEL,Female,19,No,Delhi,15,10,,Yes,No,Yes,Fiber Optic,No,No,No,No,Yes,No,Yes,Yes,Month-to-Month,Yes,Bank Withdrawal,79.05000305175781,79.05000305175781,0.0,0,31.34000015258789,110.38999938964844,Churned,Competitor,Competitor made better offer,1
63252-JAM,Male,72,Yes,Jammu & Kashmir,0,14,,Yes,Yes,Yes,Fiber Optic,No,No,No,No,No,No,No,No,Month-to-Month,Yes,Bank Withdrawal,76.44999694824219,76.44999694824219,0.0,10,3.8399999141693115,90.29000091552734,Churned,Competitor,Competitor made better offer,1
63300-UTT,Male,58,No,Uttar Pradesh,4,1,Deal 5,Yes,No,Yes,Fiber Optic,No,No,No,No,Yes,No,No,Yes,Month-to-Month,No,Bank Withdrawal,78.80000305175781,78.80000305175781,0.0,0,28.040000915527344,106.83999633789062,Churned,Attitude,Attitude of service provider,1
63303-TAM,Male,25,No,Tamil Nadu,10,28,Deal 4,Yes,Yes,Yes,Fiber Optic,No,No,No,No,No,No,Yes,Yes,Month-to-Month,Yes,Credit Card,73.75,871.4000244140625,0.0,0,179.52000427246094,1050.9200439453125,Churned,Attitude,Attitude of support person,1
63305-KAR,Male,40,Yes,Karnataka,6,16,Deal 2,No,,Yes,Cable,No,Yes,Yes,No,Yes,Yes,Yes,Yes,One Year,Yes,Credit Card,53.95000076293945,2375.39990234375,0.0,0,0.0,2375.39990234375,Churned,Competitor,Competitor offered more data,1
63309-MAH,Female,75,Yes,Maharashtra,2,14,Deal 3,Yes,No,Yes,Fiber Optic,No,Yes,Yes,No,Yes,Yes,No,Yes,Month-to-Month,Yes,Bank Withdrawal,98.5,2514.5,13.430000305175781,0,494.0,2995.070068359375,Churned,Dissatisfaction,Limited range of services,1
63418-UTT,Female,41,No,Uttar Pradesh,0,5,,Yes,No,No,,,,,,,,,,Month-to-Month,Yes,Credit Card,19.549999237060547,658.9500122070312,0.0,0,932.1699829101562,1591.1199951171875,Churned,Attitude,Attitude of support person,1
63463-UTT,Female,64,No,Uttar Pradesh,9,18,,Yes,Yes,Yes,Fiber Optic,Yes,No,No,No,No,No,No,Yes,Month-to-Month,Yes,Credit Card,79.6500015258789,604.7000122070312,0.0,0,282.239990234375,886.9400024414062,Churned,Attitude,Attitude of support person,1
63464-AND,Male,48,No,Andhra Pradesh,7,5,,Yes,No,Yes,DSL,No,No,No,Yes,No,Yes,Yes,Yes,Month-to-Month,No,Credit Card,60.650001525878906,196.89999389648438,0.0,0,67.47000122070312,264.3699951171875,Joined,,,1
63477-AND,Female,18,No,Andhra Pradesh,9,1,,Yes,No,Yes,DSL,No,No,No,No,Yes,Yes,Yes,Yes,Month-to-Month,No,Credit Card,65.69999694824219,134.35000610351562,0.0,0,54.540000915527344,188.88999938964844,Churned,Competitor,Competitor had better devices,1
63487-MAH,Female,36,Yes,Maharashtra,8,34,,Yes,No,Yes,Cable,No,No,No,No,No,No,No,Yes,Month-to-Month,No,Credit Card,44.75,44.75,0.0,0,40.869998931884766,85.62000274658203,Joined,,,1
63499-AND,Male,50,Yes,Andhra Pradesh,5,28,,Yes,No,Yes,DSL,No,No,No,No,No,No,No,Yes,Month-to-Month,Yes,Credit Card,45.849998474121094,45.849998474121094,0.0,0,14.899999618530273,60.75,Churned,Other,Don't know,1
63605-HAR,Male,46,Yes,Haryana,14,30,,Yes,No,Yes,Cable,Yes,No,No,Yes,No,No,No,Yes,Month-to-Month,No,Credit Card,56.650001525878906,654.8499755859375,0.0,0,95.63999938964844,750.489990234375,Churned,Price,Extra data charges,1
63739-BIH,Female,22,Yes,Bihar,2,12,Deal 5,Yes,No,Yes,Fiber Optic,No,No,No,No,No,Yes,Yes,No,Month-to-Month,Yes,Bank Withdrawal,80.0,412.5,40.0,10,219.9499969482422,602.4500122070312,Churned,Competitor,Competitor made better offer,1
63739-KAR,Male,60,Yes,Karnataka,10,8,,Yes,No,No,,,,,,,,,,Month-to-Month,No,Bank Withdrawal,19.950000762939453,19.950000762939453,0.0,0,17.610000610351562,37.560001373291016,Churned,Attitude,Attitude of support person,1
63752-KAR,Female,47,Yes,Karnataka,3,35,,Yes,Yes,Yes,Fiber Optic,No,No,Yes,No,No,Yes,Yes,No,Month-to-Month,Yes,Bank Withdrawal,91.05000305175781,2954.5,0.0,70,1501.43994140625,4525.93994140625,Churned,Competitor,Competitor offered more data,1
63820-UTT,Female,36,Yes,Uttar Pradesh,12,31,,Yes,Yes,Yes,Fiber Optic,Yes,Yes,Yes,No,Yes,Yes,Yes,Yes,Two Year,Yes,Bank Withdrawal,112.94999694824219,6465.0,0.0,0,2785.02001953125,9250.01953125,Churned,Competitor,Competitor offered higher download speeds,1
63833-TAM,Female,58,No,Tamil Nadu,2,9,Deal 5,Yes,No,Yes,Fiber Optic,No,No,No,No,Yes,No,No,No,Month-to-Month,Yes,Bank Withdrawal,79.5,79.5,0.0,0,48.970001220703125,128.47000122070312,Churned,Attitude,Attitude of service provider,1
63868-PUN,Female,20,No,Punjab,15,12,,Yes,Yes,Yes,Fiber Optic,No,No,No,No,Yes,Yes,Yes,Yes,Month-to-Month,Yes,Bank Withdrawal,94.19999694824219,4186.2998046875,0.0,0,287.2799987792969,4473.580078125,Churned,Competitor,Competitor had better devices,1
63880-AND,Male,45,Yes,Andhra Pradesh,15,12,Deal 5,Yes,Yes,Yes,Fiber Optic,No,Yes,Yes,No,Yes,Yes,Yes,Yes,Month-to-Month,No,Mailed Check,104.0999984741211,541.9000244140625,0.0,0,194.4499969482422,736.3499755859375,Churned,Other,Moved,1
63883-KAR,Female,33,Yes,Karnataka,12,26,,Yes,No,No,,,,,,,,,,Month-to-Month,Yes,Mailed Check,20.450000762939453,42.45000076293945,0.0,0,94.37999725341797,136.8300018310547,Joined,,,1
63902-KER,Female,71,Yes,Kerala,0,31,Deal 5,No,,Yes,DSL,No,No,No,No,No,No,No,Yes,Month-to-Month,Yes,Bank Withdrawal,25.200000762939453,102.5,0.0,0,0.0,102.5,Churned,Dissatisfaction,Poor expertise of online support,1
63952-KER,Female,45,Yes,Kerala,5,16,Deal 5,Yes,No,Yes,Fiber Optic,No,No,Yes,Yes,No,No,No,Yes,Month-to-Month,Yes,Bank Withdrawal,79.8499984741211,152.4499969482422,0.0,0,32.279998779296875,184.72999572753906,Churned,Dissatisfaction,Service dissatisfaction,1
64095-BIH,Male,27,No,Bihar,2,17,,Yes,No,No,,,,,,,,,,One Year,Yes,Bank Withdrawal,-3.0,20.200000762939453,0.0,0,44.689998626708984,64.88999938964844,Joined,,,1
64120-MAH,Male,52,Yes,Maharashtra,6,12,,Yes,No,Yes,DSL,No,No,No,No,Yes,No,No,Yes,Month-to-Month,Yes,Credit Card,55.0,55.0,0.0,0,32.7400016784668,87.73999786376953,Churned,Price,Long distance charges,1
64204-PUN,Male,28,Yes,Punjab,14,2,Deal 5,Yes,Yes,Yes,Fiber Optic,No,Yes,No,No,No,No,No,Yes,Month-to-Month,Yes,Bank Withdrawal,81.30000305175781,416.29998779296875,0.0,0,125.55000305175781,541.8499755859375,Churned,Attitude,Attitude of service provider,1
64223-UTT,Male,40,Yes,Uttar Pradesh,1,27,Deal 5,Yes,No,Yes,Fiber Optic,No,Yes,Yes,No,No,No,No,Yes,Month-to-Month,Yes,Bank Withdrawal,79.9000015258789,741.7000122070312,0.0,0,172.6199951171875,914.3200073242188,Churned,Price,Extra data charges,1
64242-GUJ,Male,39,No,Gujarat,5,31,,Yes,Yes,Yes,DSL,No,Yes,No,Yes,Yes,Yes,Yes,Yes,One Year,Yes,Mailed Check,79.44999694824219,2587.699951171875,0.0,0,208.00999450683594,2795.7099609375,Churned,Dissatisfaction,Product dissatisfaction,1
64246-GUJ,Female,72,Yes,Gujarat,7,35,,Yes,Yes,Yes,Fiber Optic,No,Yes,Yes,No,Yes,Yes,Yes,Yes,One Year,Yes,Bank Withdrawal,103.75,6383.35009765625,0.0,0,440.82000732421875,6824.169921875,Churned,Competitor,Competitor had better devices,1
64255-TAM,Female,20,Yes,Tamil Nadu,2,5,,Yes,No,Yes,DSL,No,No,No,No,Yes,No,No,Yes,Month-to-Month,Yes,Mailed Check,53.5,53.5,0.0,0,14.579999923706055,68.08000183105469,Churned,Dissatisfaction,Product dissatisfaction,1
64297-MAD,Male,23,Yes,Madhya Pradesh,7,7,Deal 5,Yes,No,Yes,Fiber Optic,No,No,No,No,Yes,Yes,Yes,Yes,Month-to-Month,Yes,Bank Withdrawal,90.75,90.75,0.0,0,23.059999465942383,113.80999755859375,Churned,Attitude,Attitude of support person,1
64319-KAR,Female,30,Yes,Karnataka,8,20,,Yes,Yes,Yes,Fiber Optic,No,No,No,Yes,Yes,Yes,Yes,Yes,Month-to-Month,No,Bank Withdrawal,98.80000305175781,3475.550048828125,0.0,0,1136.6400146484375,4612.18994140625,Churned,Competitor,Competitor made better offer,1
64327-AND,Female,59,Yes,Andhra Pradesh,8,9,,Yes,No,No,,,,,,,,,,Month-to-Month,Yes,Credit Card,20.649999618530273,20.649999618530273,0.0,0,35.2400016784668,55.88999938964844,Joined,,,1
64348-TEL,Female,66,Yes,Telangana,2,35,Deal 3,Yes,Yes,Yes,Fiber Optic,No,No,Yes,No,Yes,Yes,No,Yes,Month-to-Month,Yes,Bank Withdrawal,101.4000015258789,3496.300048828125,0.0,0,1389.1500244140625,4885.4501953125,Churned,Competitor,Competitor offered more data,1
64388-JHA,Male,36,No,Jharkhand,13,24,,Yes,No,Yes,DSL,Yes,No,No,No,No,No,No,No,Month-to-Month,Yes,Credit Card,48.79999923706055,1054.5999755859375,0.0,20,86.9000015258789,1161.5,Churned,Competitor,Competitor made better offer,1
64394-TAM,Male,76,Yes,Tamil Nadu,0,34,Deal 5,Yes,Yes,Yes,DSL,Yes,No,No,No,No,No,No,Yes,Month-to-Month,No,Bank Withdrawal,54.54999923706055,494.04998779296875,0.0,0,22.049999237060547,516.0999755859375,Churned,Dissatisfaction,Network reliability,1
64415-AND,Female,63,Yes,Andhra Pradesh,6,30,,Yes,Yes,Yes,Fiber Optic,No,No,No,No,Yes,No,No,Yes,Month-to-Month,Yes,Bank Withdrawal,85.69999694824219,85.69999694824219,0.0,0,45.810001373291016,131.50999450683594,Churned,Competitor,Competitor had better devices,1
64439-UTT,Female,19,No,Uttar Pradesh,13,5,,Yes,Yes,Yes,Fiber Optic,No,No,No,No,No,No,No,Yes,Month-to-Month,Yes,Bank Withdrawal,74.6500015258789,301.3999938964844,0.0,0,194.55999755859375,495.9599914550781,Churned,Dissatisfaction,Product dissatisfaction,1
64525-JHA,Female,70,No,Jharkhand,4,20,,Yes,No,No,,,,,,,,,,Month-to-Month,No,Bank Withdrawal,-5.0,164.3000030517578,0.0,0,223.60000610351562,387.8999938964844,Churned,Attitude,Attitude of support person,1
64546-HAR,Male,58,Yes,Haryana,2,22,Deal 4,Yes,No,Yes,Cable,No,No,Yes,Yes,No,No,No,No,Month-to-Month,Yes,Credit Card,55.0,1046.5,0.0,30,81.69999694824219,1158.199951171875,Churned,Competitor,Competitor offered more data,1
64722-WES,Female,81,Yes,West Bengal,8,2,,Yes,Yes,Yes,Fiber Optic,Yes,Yes,Yes,No,Yes,No,No,Yes,Month-to-Month,Yes,Bank Withdrawal,100.69999694824219,4541.2001953125,46.63999938964844,0,2259.06005859375,6753.6201171875,Churned,Dissatisfaction,Product dissatisfaction,1
64753-ASS,Female,27,No,Assam,9,34,Deal 5,Yes,No,Yes,DSL,Yes,Yes,No,No,Yes,Yes,Yes,Yes,Month-to-Month,Yes,Bank Withdrawal,74.6500015258789,703.5499877929688,0.0,0,327.8699951171875,1031.4200439453125,Churned,Competitor,Competitor made better offer,1
64773-DEL,Female,22,Yes,Delhi,1,8,Deal 5,Yes,Yes,Yes,Fiber Optic,No,No,No,No,No,No,No,Yes,Month-to-Month,Yes,Mailed Check,75.05000305175781,75.05000305175781,0.0,0,32.86000061035156,107.91000366210938,Churned,Competitor,Competitor made better offer,1
64780-JAM,Male,76,Yes,Jammu & Kashmir,12,24,,Yes,No,No,,,,,,,,,,Month-to-Month,No,Mailed Check,19.950000762939453,214.75,0.0,0,324.94000244140625,539.6900024414062,Churned,Competitor,Competitor made better offer,1
64847-TAM,Female,76,No,Tamil Nadu,11,17,,Yes,No,Yes,Fiber Optic,No,Yes,No,Yes,Yes,Yes,Yes,Yes,One Year,Yes,Credit Card,99.19999694824219,4062.199951171875,0.0,0,790.4000244140625,4852.60009765625,Churned,Other,Moved,1
64852-HAR,Female,47,No,Haryana,5,22,Deal 5,Yes,No,No,,,,,,,,,,Month-to-Month,Yes,Mailed Check,20.299999237060547,20.299999237060547,0.0,0,26.3700008392334,46.66999816894531,Churned,Price,Long distance charges,1
64910-ODI,Female,76,Yes,Odisha,6,7,,Yes,Yes,Yes,Fiber Optic,No,No,Yes,No,Yes,No,No,No,Month-to-Month,Yes,Bank Withdrawal,88.80000305175781,88.80000305175781,0.0,10,49.599998474121094,148.39999389648438,Churned,Competitor,Competitor made better offer,1
65004-UTT,Female,48,Yes,Uttar Pradesh,8,12,,No,,Yes,DSL,No,No,No,No,Yes,No,No,Yes,Month-to-Month,Yes,Credit Card,34.70000076293945,296.1000061035156,0.0,0,0.0,296.1000061035156,Churned,Competitor,Competitor offered higher download speeds,1
65254-JAM,Female,51,No,Jammu & Kashmir,6,36,,Yes,No,Yes,Fiber Optic,No,No,No,No,Yes,Yes,Yes,Yes,Month-to-Month,No,Bank Withdrawal,88.3499984741211,1222.800048828125,0.0,0,231.7899932861328,1454.5899658203125,Churned,Competitor,Competitor made better offer,1
65424-WES,Male,41,No,West Bengal,9,13,,Yes,No,Yes,Fiber Optic,No,No,No,No,Yes,Yes,Yes,Yes,Month-to-Month,No,Bank Withdrawal,89.25,1907.8499755859375,0.0,0,396.2200012207031,2304.070068359375,Churned,Competitor,Competitor had better devices,1
65450-KAR,Male,51,No,Karnataka,3,28,,Yes,No,No,,,,,,,,,,Month-to-Month,No,Bank Withdrawal,20.549999237060547,20.549999237060547,0.0,0,15.90999984741211,36.459999084472656,Churned,Attitude,Attitude of service provider,1
65482-GUJ,Female,65,No,Gujarat,10,32,Deal 4,Yes,Yes,Yes,Fiber Optic,Yes,No,No,No,Yes,No,No,Yes,Month-to-Month,Yes,Bank Withdrawal,90.5999984741211,1660.0,0.0,0,534.280029296875,2194.280029296875,Churned,Price,Extra data charges,1
65493-WES,Female,18,Yes,West Bengal,10,6,,Yes,No,No,,,,,,,,,,Month-to-Month,No,Credit Card,19.75,19.75,0.0,0,29.329999923706055,49.08000183105469,Churned,Competitor,Competitor made better offer,1
65524-BIH,Female,83,No,Bihar,2,13,,No,,Yes,Cable,No,No,No,No,Yes,No,No,Yes,Month-to-Month,Yes,Bank Withdrawal,36.45000076293945,36.45000076293945,0.0,0,0.0,36.45000076293945,Churned,Dissatisfaction,Service dissatisfaction,1
65528-UTT,Male,24,Yes,Uttar Pradesh,14,5,,Yes,No,No,,,,,,,,,,Month-to-Month,Yes,Credit Card,19.399999618530273,1182.550048828125,0.0,0,2822.469970703125,4005.02001953125,Churned,Price,Long distance charges,1
65531-MAH,Female,55,No,Maharashtra,10,22,,Yes,No,No,,,,,,,,,,Month-to-Month,No,Credit Card,19.799999237060547,19.799999237060547,0.0,0,11.960000038146973,31.760000228881836,Joined,,,1
65580-UTT,Male,54,No,Uttar Pradesh,6,2,,Yes,No,No,,,,,,,,,,Month-to-Month,Yes,Credit Card,19.100000381469727,53.04999923706055,0.0,0,48.959999084472656,102.01000213623047,Joined,,,1
65598-AND,Male,37,Yes,Andhra Pradesh,14,17,,Yes,No,Yes,DSL,No,Yes,No,No,No,No,No,Yes,Month-to-Month,No,Credit Card,50.70000076293945,151.3000030517578,0.0,0,39.2400016784668,190.5399932861328,Churned,Other,Don't know,1
65616-MAH,Male,35,Yes,Maharashtra,7,27,,Yes,No,Yes,DSL,No,No,No,No,No,No,No,Yes,Month-to-Month,Yes,Mailed Check,45.70000076293945,45.70000076293945,0.0,0,10.40999984741211,56.11000061035156,Churned,Dissatisfaction,Poor expertise of phone support,1
65631-RAJ,Female,50,No,Rajasthan,15,7,Deal 5,Yes,No,Yes,Fiber Optic,No,No,Yes,No,Yes,No,No,Yes,Month-to-Month,Yes,Credit Card,85.55000305175781,85.55000305175781,0.0,0,33.34000015258789,118.88999938964844,Churned,Other,Moved,1
65643-JAM,Female,70,Yes,Jammu & Kashmir,0,14,Deal 3,Yes,Yes,Yes,Fiber Optic,No,No,No,No,No,No,No,Yes,Month-to-Month,Yes,Bank Withdrawal,76.0999984741211,1712.699951171875,0.0,0,740.8800048828125,2453.580078125,Churned,Competitor,Competitor made better offer,1
65672-RAJ,Female,64,Yes,Rajasthan,1,6,Deal 5,Yes,Yes,Yes,Fiber Optic,No,No,No,No,Yes,No,No,No,Month-to-Month,Yes,Bank Withdrawal,85.3499984741211,754.6500244140625,0.0,50,127.88999938964844,932.5399780273438,Churned,Dissatisfaction,Service dissatisfaction,1
65676-JAM,Female,47,Yes,Jammu & Kashmir,10,22,Deal 5,Yes,No,No,,,,,,,,,,Month-to-Month,No,Mailed Check,19.899999618530273,19.899999618530273,0.0,0,45.77000045776367,65.66999816894531,Churned,Competitor,Competitor made better offer,1
65703-PUN,Male,38,No,Punjab,5,24,Deal 5,Yes,No,Yes,DSL,Yes,No,No,No,No,No,No,Yes,Month-to-Month,No,Bank Withdrawal,49.349998474121094,219.64999389648438,0.0,0,104.16000366210938,323.80999755859375,Churned,Dissatisfaction,Lack of self-service on Website,1
65796-DEL,Male,47,Yes,Delhi,14,26,,Yes,No,Yes,Cable,No,No,No,No,No,No,No,Yes,Month-to-Month,Yes,Mailed Check,46.0,193.60000610351562,0.0,0,60.279998779296875,253.8800048828125,Churned,Dissatisfaction,Lack of self-service on Website,1
65825-JAM,Female,50,Yes,Jammu & Kashmir,0,10,Deal 5,Yes,No,Yes,Fiber Optic,No,No,Yes,No,No,No,No,Yes,Month-to-Month,Yes,Bank Withdrawal,75.75,655.9000244140625,0.0,0,285.75,941.6500244140625,Churned,Competitor,Competitor made better offer,1
65827-MAD,Female,59,No,Madhya Pradesh,14,1,,Yes,No,Yes,Fiber Optic,No,No,No,No,No,No,No,Yes,Month-to-Month,Yes,Bank Withdrawal,67.75,116.6500015258789,0.0,0,23.5,140.14999389648438,Churned,Other,Don't know,1
65868-RAJ,Female,80,Yes,Rajasthan,4,8,,Yes,Yes,Yes,Fiber Optic,No,No,Yes,No,No,No,No,No,Month-to-Month,Yes,Bank Withdrawal,-1.0,343.95001220703125,0.0,20,33.29999923706055,397.25,Churned,Competitor,Competitor offered more data,1
65882-UTT,Female,71,No,Uttar Pradesh,8,12,,Yes,Yes,Yes,Fiber Optic,No,Yes,Yes,No,Yes,Yes,No,Yes,Month-to-Month,Yes,Bank Withdrawal,104.75,4323.4501953125,0.0,0,681.239990234375,5004.68994140625,Churned,Dissatisfaction,Network reliability,1
65899-UTT,Male,45,No,Uttar Pradesh,0,14,,Yes,Yes,Yes,DSL,No,No,No,No,No,No,No,Yes,Month-to-Month,Yes,Credit Card,50.099998474121094,50.099998474121094,0.0,0,46.4900016784668,96.58999633789062,Churned,Other,Don't know,1
65957-PUN,Female,78,No,Punjab,15,26,,Yes,Yes,Yes,Fiber Optic,No,No,Yes,Yes,Yes,Yes,No,Yes,Month-to-Month,Yes,Bank Withdrawal,104.05000305175781,1133.6500244140625,0.0,0,189.75,1323.4000244140625,Churned,Competitor,Competitor offered more data,1
65987-TAM,Male,52,Yes,Tamil Nadu,9,34,Deal 5,Yes,Yes,Yes,DSL,Yes,Yes,No,No,No,No,No,Yes,Month-to-Month,No,Bank Withdrawal,61.150001525878906,61.150001525878906,0.0,0,17.06999969482422,78.22000122070312,Joined,,,1
66014-JAM,Male,30,Yes,Jammu & Kashmir,9,6,,Yes,No,Yes,Fiber Optic,No,No,No,No,No,Yes,Yes,Yes,Month-to-Month,Yes,Bank Withdrawal,80.80000305175781,80.80000305175781,0.0,0,41.77000045776367,122.56999969482422,Churned,Competitor,Competitor made better offer,1
66079-HAR,Male,52,Yes,Haryana,2,31,,Yes,Yes,Yes,Fiber Optic,No,No,No,No,No,No,No,Yes,Month-to-Month,Yes,Bank Withdrawal,74.94999694824219,1834.949951171875,0.0,0,455.7799987792969,2290.72998046875,Churned,Other,Don't know,1
66100-JAM,Female,25,No,Jammu & Kashmir,10,15,Deal 4,Yes,Yes,Yes,Fiber Optic,No,No,Yes,No,Yes,No,No,Yes,Month-to-Month,Yes,Bank Withdrawal,88.69999694824219,1761.449951171875,0.0,0,110.80000305175781,1872.25,Churned,Other,Don't know,1
66164-CHH,Female,62,No,Chhattisgarh,13,20,,Yes,No,No,,,,,,,,,,Month-to-Month,No,Credit Card,19.399999618530273,61.04999923706055,0.0,0,13.300000190734863,74.3499984741211,Joined,,,1
66180-JAM,Male,21,Yes,Jammu & Kashmir,6,2,Deal 3,Yes,Yes,Yes,Fiber Optic,No,No,No,No,No,Yes,Yes,Yes,Month-to-Month,Yes,Bank Withdrawal,84.75,3050.14990234375,0.0,0,1582.9200439453125,4633.06982421875,Churned,Competitor,Competitor made better offer,1
66239-PUN,Female,76,Yes,Punjab,9,25,Deal 4,Yes,No,Yes,Fiber Optic,No,Yes,No,No,No,No,No,Yes,Month-to-Month,Yes,Credit Card,74.30000305175781,1178.25,0.0,0,417.9200134277344,1596.1700439453125,Churned,Competitor,Competitor had better devices,1
66343-TEL,Female,42,No,Telangana,8,30,Deal 5,Yes,No,Yes,Cable,No,No,Yes,No,No,No,No,Yes,Month-to-Month,Yes,Mailed Check,50.45000076293945,50.45000076293945,0.0,0,23.700000762939453,74.1500015258789,Churned,Dissatisfaction,Network reliability,1
66382-MAH,Male,48,Yes,Maharashtra,0,6,,Yes,No,Yes,Fiber Optic,No,No,Yes,No,Yes,Yes,Yes,Yes,Month-to-Month,Yes,Bank Withdrawal,94.44999694824219,498.1000061035156,0.0,0,196.8000030517578,694.9000244140625,Churned,Competitor,Competitor had better devices,1
66408-ASS,Male,78,Yes,Assam,12,36,Deal 3,Yes,Yes,Yes,Fiber Optic,Yes,No,No,Yes,Yes,Yes,No,Yes,Month-to-Month,Yes,Bank Withdrawal,104.30000305175781,2867.75,0.0,0,275.1300048828125,3142.8798828125,Churned,Competitor,Competitor made better offer,1
66411-MAH,Male,66,No,Maharashtra,0,7,Deal 4,Yes,Yes,Yes,Fiber Optic,Yes,Yes,Yes,No,No,No,No,Yes,Month-to-Month,No,Credit Card,90.19999694824219,1454.1500244140625,0.0,0,205.02000427246094,1659.1700439453125,Churned,Dissatisfaction,Product dissatisfaction,1
66413-TAM,Female,53,No,Tamil Nadu,12,4,,Yes,No,Yes,Fiber Optic,No,No,No,No,Yes,No,No,No,Month-to-Month,Yes,Bank Withdrawal,80.5,232.35000610351562,0.0,0,80.58000183105469,312.92999267578125,Joined,,,1
66502-AND,Female,23,Yes,Andhra Pradesh,13,9,Deal 5,Yes,No,Yes,Fiber Optic,Yes,Yes,Yes,Yes,No,Yes,Yes,Yes,Month-to-Month,Yes,Bank Withdrawal,98.1500015258789,567.4500122070312,0.0,0,121.55999755859375,689.010009765625,Churned,Attitude,Attitude of support person,1
66552-TAM,Female,49,No,Tamil Nadu,10,21,Deal 5,Yes,No,No,,,,,,,,,,Month-to-Month,No,Mailed Check,19.649999618530273,19.649999618530273,0.0,0,6.079999923706055,25.729999542236328,Churned,Competitor,Competitor made better offer,1
66553-TAM,Male,56,Yes,Tamil Nadu,0,3,,Yes,No,No,,,,,,,,,,Month-to-Month,No,Bank Withdrawal,19.950000762939453,19.950000762939453,0.0,0,8.029999732971191,27.979999542236328,Churned,Price,Long distance charges,1
66612-KAR,Female,58,Yes,Karnataka,11,18,,Yes,No,No,,,,,,,,,,Month-to-Month,No,Credit Card,19.950000762939453,58.0,0.0,0,8.069999694824219,66.06999969482422,Joined,,,1
66612-TEL,Female,38,Yes,Telangana,8,27,Deal 4,Yes,No,Yes,Fiber Optic,No,No,Yes,Yes,Yes,Yes,Yes,Yes,Month-to-Month,Yes,Bank Withdrawal,101.3499984741211,1553.949951171875,0.0,0,688.7999877929688,2242.75,Churned,Attitude,Attitude of service provider,1
66623-JAM,Female,80,Yes,Jammu & Kashmir,1,22,,Yes,Yes,Yes,Fiber Optic,No,Yes,No,No,Yes,No,No,Yes,Month-to-Month,Yes,Bank Withdrawal,91.30000305175781,1094.5,0.0,0,408.1199951171875,1502.6199951171875,Churned,Competitor,Competitor made better offer,1
66658-PUD,Male,67,No,Puducherry,5,32,Deal 2,Yes,Yes,Yes,Fiber Optic,No,Yes,No,No,Yes,Yes,No,Yes,Month-to-Month,Yes,Bank Withdrawal,101.9000015258789,5549.39990234375,0.0,0,420.82000732421875,5970.22021484375,Churned,Price,Price too high,1
66669-HAR,Male,44,No,Haryana,12,32,Deal 5,Yes,No,Yes,Cable,No,No,No,No,No,No,No,Yes,Month-to-Month,Yes,Bank Withdrawal,44.04999923706055,44.04999923706055,0.0,0,30.729999542236328,74.77999877929688,Joined,,,1
66712-GUJ,Female,47,Yes,Gujarat,6,33,Deal 5,Yes,No,Yes,Fiber Optic,No,Yes,No,No,No,Yes,Yes,Yes,Month-to-Month,No,Bank Withdrawal,84.30000305175781,235.0500030517578,0.0,0,41.15999984741211,276.2099914550781,Joined,,,1
66734-WES,Female,81,No,West Bengal,3,1,,Yes,Yes,Yes,Fiber Optic,No,Yes,Yes,No,Yes,Yes,No,Yes,Month-to-Month,Yes,Bank Withdrawal,104.8499984741211,1531.4000244140625,0.0,0,419.44000244140625,1950.8399658203125,Churned,Dissatisfaction,Product dissatisfaction,1
66749-KER,Female,47,No,Kerala,9,5,,Yes,No,No,,,,,,,,,,Month-to-Month,No,Credit Card,20.75,20.75,0.0,0,36.279998779296875,57.029998779296875,Joined,,,1
66766-UTT,Female,38,No,Uttar Pradesh,6,10,Deal 5,Yes,Yes,Yes,Fiber Optic,No,No,No,No,No,No,No,Yes,Month-to-Month,Yes,Bank Withdrawal,74.94999694824219,212.39999389648438,27.600000381469727,0,4.920000076293945,189.72000122070312,Joined,,,1
66868-HAR,Female,25,Yes,Haryana,13,10,,Yes,No,Yes,Fiber Optic,No,No,No,No,No,No,No,No,Month-to-Month,Yes,Bank Withdrawal,70.25,70.25,0.0,10,10.050000190734863,90.30000305175781,Joined,,,1
66919-JAM,Female,47,No,Jammu & Kashmir,11,34,,Yes,Yes,Yes,Fiber Optic,No,No,No,No,Yes,Yes,Yes,Yes,Month-to-Month,Yes,Mailed Check,94.55000305175781,2724.60009765625,0.0,0,299.42999267578125,3024.030029296875,Churned,Competitor,Competitor made better offer,1
67100-KER,Female,68,Yes,Kerala,10,10,Deal 4,Yes,Yes,Yes,Fiber Optic,Yes,Yes,No,No,No,Yes,Yes,No,Month-to-Month,Yes,Bank Withdrawal,95.1500015258789,1789.25,0.0,120,624.530029296875,2533.780029296875,Churned,Price,Long distance charges,1
67154-HAR,Female,57,No,Haryana,7,5,Deal 5,Yes,No,No,,,,,,,,,,Month-to-Month,Yes,Credit Card,20.149999618530273,20.149999618530273,0.0,0,3.0899999141693115,23.239999771118164,Churned,Price,Long distance charges,1
67175-HAR,Female,61,No,Haryana,0,8,,Yes,Yes,Yes,Cable,No,No,No,No,Yes,Yes,Yes,No,Month-to-Month,No,Bank Withdrawal,96.05000305175781,4399.5,0.0,80,284.2799987792969,4763.77978515625,Churned,Price,Extra data charges,1
67187-WES,Female,48,Yes,West Bengal,5,18,Deal 4,Yes,No,Yes,Cable,No,No,No,Yes,Yes,No,No,Yes,One Year,Yes,Bank Withdrawal,59.79999923706055,727.7999877929688,0.0,0,115.19999694824219,843.0,Churned,Competitor,Competitor offered higher download speeds,1
67206-MAH,Male,51,Yes,Maharashtra,9,15,,Yes,No,Yes,Fiber Optic,No,Yes,No,No,No,No,No,Yes,Month-to-Month,Yes,Bank Withdrawal,74.3499984741211,74.3499984741211,0.0,0,4.800000190734863,79.1500015258789,Churned,Other,Deceased,1
67319-KER,Male,22,No,Kerala,9,11,,Yes,No,Yes,DSL,No,No,No,No,No,Yes,Yes,Yes,One Year,No,Credit Card,53.650001525878906,696.3499755859375,0.0,0,333.8399963378906,1030.18994140625,Churned,Competitor,Competitor had better devices,1
67375-PUN,Male,65,Yes,Punjab,13,13,Deal 5,Yes,No,Yes,Cable,No,No,No,No,No,No,No,Yes,Month-to-Month,Yes,Bank Withdrawal,45.650001525878906,45.650001525878906,0.0,0,14.119999885559082,59.77000045776367,Churned,Competitor,Competitor had better devices,1
67394-MAH,Female,61,Yes,Maharashtra,0,30,,Yes,No,No,,,,,,,,,,Month-to-Month,No,Bank Withdrawal,20.049999237060547,20.049999237060547,0.0,0,12.0,32.04999923706055,Churned,Attitude,Attitude of support person,1
67405-MAH,Female,48,No,Maharashtra,10,1,Deal 2,Yes,No,Yes,DSL,Yes,No,No,No,Yes,Yes,Yes,Yes,One Year,Yes,Bank Withdrawal,70.0999984741211,3913.300048828125,0.0,0,2089.050048828125,6002.35009765625,Churned,Dissatisfaction,Network reliability,1
67408-GUJ,Male,73,Yes,Gujarat,2,5,,Yes,Yes,Yes,Cable,No,No,No,No,No,Yes,No,Yes,Month-to-Month,Yes,Bank Withdrawal,85.5999984741211,1345.550048828125,0.0,0,678.75,2024.300048828125,Churned,Competitor,Competitor had better devices,1
67427-MAH,Female,31,Yes,Maharashtra,10,1,,No,,Yes,DSL,No,No,No,No,No,No,No,Yes,Month-to-Month,No,Bank Withdrawal,24.75,66.94999694824219,0.0,0,0.0,66.94999694824219,Churned,Competitor,Competitor offered higher download speeds,1
67482-JAM,Male,39,No,Jammu & Kashmir,13,27,Deal 5,No,,Yes,DSL,No,Yes,No,Yes,No,No,No,Yes,Month-to-Month,Yes,Mailed Check,36.849998474121094,108.69999694824219,0.0,0,0.0,108.69999694824219,Churned,Competitor,Competitor made better offer,1
67567-TAM,Male,70,No,Tamil Nadu,8,1,,Yes,No,Yes,Fiber Optic,No,Yes,No,No,No,No,No,Yes,Month-to-Month,Yes,Bank Withdrawal,74.69999694824219,165.39999389648438,0.0,0,13.020000457763672,178.4199981689453,Churned,Competitor,Competitor made better offer,1
67594-BIH,Female,70,No,Bihar,3,21,,Yes,Yes,Yes,Fiber Optic,No,No,No,No,Yes,Yes,Yes,Yes,Month-to-Month,Yes,Bank Withdrawal,95.1500015258789,997.6500244140625,0.0,0,39.81999969482422,1037.469970703125,Churned,Price,Extra data charges,1
67642-TEL,Female,47,Yes,Telangana,12,20,,Yes,No,Yes,Fiber Optic,No,No,Yes,No,Yes,Yes,Yes,Yes,Month-to-Month,Yes,Bank Withdrawal,96.0,1062.0999755859375,0.0,0,306.4800109863281,1368.5799560546875,Churned,Dissatisfaction,Product dissatisfaction,1
67752-MAH,Female,28,No,Maharashtra,0,24,,Yes,No,Yes,Cable,No,No,No,No,No,No,No,Yes,Month-to-Month,No,Credit Card,45.29999923706055,45.29999923706055,0.0,0,47.36000061035156,92.66000366210938,Joined,,,1
67773-UTT,Male,38,No,Uttar Pradesh,7,24,Deal 4,Yes,No,No,,,,,,,,,,Month-to-Month,Yes,Credit Card,19.700000762939453,342.3999938964844,0.0,0,91.83999633789062,434.239990234375,Churned,Price,Long distance charges,1
67856-AND,Male,67,No,Andhra Pradesh,2,5,,Yes,No,Yes,Fiber Optic,No,No,No,No,No,No,No,Yes,Month-to-Month,Yes,Credit Card,70.25,331.8999938964844,12.479999542236328,0,11.350000381469727,330.7699890136719,Churned,Price,Price too high,1
67857-TAM,Female,33,No,Tamil Nadu,13,33,,Yes,Yes,Yes,DSL,No,No,Yes,No,Yes,Yes,Yes,Yes,One Year,Yes,Bank Withdrawal,73.0,3001.199951171875,0.0,0,652.3099975585938,3653.510009765625,Churned,Competitor,Competitor offered higher download speeds,1
67882-JAM,Female,43,Yes,Jammu & Kashmir,2,8,,Yes,No,Yes,Fiber Optic,No,Yes,Yes,No,Yes,Yes,Yes,Yes,Month-to-Month,No,Bank Withdrawal,101.1500015258789,842.9000244140625,0.0,0,135.0399932861328,977.9400024414062,Churned,Competitor,Competitor made better offer,1
67882-UTT,Female,44,No,Uttar Pradesh,3,16,Deal 5,Yes,No,Yes,DSL,No,No,No,No,No,No,No,Yes,Month-to-Month,No,Bank Withdrawal,43.79999923706055,43.79999923706055,0.0,0,37.5,81.30000305175781,Joined,,,1
67930-KAR,Female,51,No,Karnataka,13,2,,Yes,No,Yes,Fiber Optic,No,No,No,No,Yes,Yes,Yes,Yes,Month-to-Month,Yes,Bank Withdrawal,90.80000305175781,2361.800048828125,0.0,0,399.6199951171875,2761.419921875,Churned,Other,Don't know,1
67941-PUN,Female,46,No,Punjab,9,13,Deal 5,Yes,Yes,Yes,DSL,No,Yes,No,No,No,No,No,No,Month-to-Month,No,Credit Card,54.150001525878906,101.6500015258789,0.0,10,42.599998474121094,154.25,Joined,,,1
67994-MAD,Male,75,Yes,Madhya Pradesh,12,33,Deal 5,Yes,No,Yes,DSL,No,No,No,No,No,No,No,Yes,Two Year,No,Bank Withdrawal,46.29999923706055,46.29999923706055,0.0,0,11.510000228881836,57.810001373291016,Joined,,,1
68013-MAH,Female,44,Yes,Maharashtra,4,14,Deal 2,Yes,Yes,Yes,Fiber Optic,No,No,No,No,No,Yes,Yes,Yes,One Year,Yes,Mailed Check,82.05000305175781,4029.949951171875,0.0,0,1149.5999755859375,5179.5498046875,Churned,Competitor,Competitor offered higher download speeds,1
68126-KAR,Female,71,Yes,Karnataka,10,21,,Yes,No,Yes,Fiber Optic,No,No,No,No,No,No,No,Yes,Month-to-Month,Yes,Bank Withdrawal,69.6500015258789,69.6500015258789,0.0,0,31.1299991607666,100.77999877929688,Churned,Attitude,Attitude of service provider,1
68150-AND,Male,25,Yes,Andhra Pradesh,12,15,Deal 4,Yes,Yes,Yes,Fiber Optic,No,No,No,Yes,Yes,Yes,Yes,No,Month-to-Month,No,Bank Withdrawal,100.75,1313.25,0.0,120,577.5900268554688,2010.8399658203125,Stayed,Others,Others,1
68167-MAH,Female,56,No,Maharashtra,15,25,Deal 5,Yes,Yes,Yes,Fiber Optic,No,No,No,No,No,Yes,Yes,Yes,Month-to-Month,Yes,Bank Withdrawal,85.0,85.0,0.0,0,30.520000457763672,115.5199966430664,Churned,Other,Don't know,1
68194-UTT,Female,60,No,Uttar Pradesh,0,23,,Yes,No,Yes,DSL,No,No,No,No,No,No,No,Yes,Month-to-Month,No,Bank Withdrawal,45.349998474121094,89.5,0.0,0,50.97999954223633,140.47999572753906,Churned,Competitor,Competitor had better devices,1
68200-WES,Male,56,No,West Bengal,14,14,Deal 5,Yes,No,Yes,Fiber Optic,No,No,Yes,No,Yes,Yes,Yes,No,Month-to-Month,No,Mailed Check,94.5,575.4500122070312,0.0,10,99.4800033569336,684.9299926757812,Churned,Dissatisfaction,Network reliability,1
68268-KAR,Male,73,No,Karnataka,6,24,Deal 2,Yes,No,Yes,Fiber Optic,Yes,No,No,No,No,No,No,Yes,Month-to-Month,Yes,Credit Card,74.1500015258789,3229.39990234375,0.0,0,121.80000305175781,3351.199951171875,Churned,Attitude,Attitude of support person,1
68296-UTT,Female,71,Yes,Uttar Pradesh,9,31,Deal 3,Yes,Yes,Yes,Fiber Optic,No,Yes,Yes,No,Yes,Yes,No,Yes,Month-to-Month,No,Credit Card,105.94999694824219,2655.25,0.0,0,1158.5,3813.75,Churned,Price,Price too high,1
68299-JAM,Male,75,No,Jammu & Kashmir,10,14,Deal 3,Yes,Yes,Yes,Fiber Optic,No,No,Yes,No,Yes,Yes,No,Yes,Month-to-Month,Yes,Bank Withdrawal,101.0999984741211,3744.050048828125,0.0,0,1408.219970703125,5152.27001953125,Churned,Competitor,Competitor made better offer,1
68315-TAM,Male,25,Yes,Tamil Nadu,1,30,Deal 5,Yes,No,Yes,Fiber Optic,No,No,No,No,Yes,Yes,Yes,Yes,Month-to-Month,Yes,Bank Withdrawal,90.55000305175781,90.55000305175781,0.0,0,7.150000095367432,97.69999694824219,Churned,Dissatisfaction,Product dissatisfaction,1
68370-HAR,Female,62,Yes,Haryana,8,32,,Yes,No,Yes,Cable,No,No,No,No,No,No,No,Yes,Month-to-Month,Yes,Credit Card,45.150001525878906,438.3999938964844,0.0,0,284.239990234375,722.6400146484375,Churned,Other,Don't know,1
68484-WES,Male,58,Yes,West Bengal,11,33,,Yes,Yes,Yes,Fiber Optic,No,Yes,No,No,Yes,Yes,Yes,Yes,Month-to-Month,Yes,Bank Withdrawal,100.25,2387.75,0.0,0,906.0,3293.75,Churned,Price,Extra data charges,1
68542-TEL,Male,52,Yes,Telangana,15,14,Deal 5,Yes,No,Yes,Fiber Optic,No,No,No,No,No,No,No,Yes,Month-to-Month,No,Bank Withdrawal,69.6500015258789,220.10000610351562,0.0,0,118.13999938964844,338.239990234375,Churned,Competitor,Competitor offered higher download speeds,1
68556-MAH,Male,68,No,Maharashtra,4,23,,Yes,No,No,,,,,,,,,,Month-to-Month,No,Credit Card,20.200000762939453,20.200000762939453,0.0,0,13.079999923706055,33.279998779296875,Joined,,,1
68560-ASS,Female,37,No,Assam,4,5,Deal 2,Yes,Yes,Yes,Fiber Optic,No,No,Yes,Yes,Yes,Yes,Yes,Yes,One Year,Yes,Bank Withdrawal,102.5999984741211,4213.35009765625,2.930000066757202,0,1846.22998046875,6056.64990234375,Churned,Competitor,Competitor had better devices,1
68578-BIH,Female,59,Yes,Bihar,10,36,Deal 4,Yes,No,Yes,Fiber Optic,No,No,No,No,Yes,Yes,Yes,Yes,Month-to-Month,Yes,Bank Withdrawal,89.5,863.0999755859375,0.0,0,127.80000305175781,990.9000244140625,Churned,Attitude,Attitude of support person,1
68589-MAD,Male,70,Yes,Madhya Pradesh,15,29,,Yes,Yes,Yes,Fiber Optic,No,No,No,No,Yes,Yes,No,Yes,Month-to-Month,Yes,Bank Withdrawal,96.55000305175781,3580.300048828125,0.0,0,122.0999984741211,3702.39990234375,Churned,Attitude,Attitude of service provider,1
68606-GUJ,Female,19,No,Gujarat,9,9,Deal 5,No,,Yes,DSL,No,No,No,No,Yes,No,No,Yes,Month-to-Month,No,Credit Card,35.20000076293945,108.94999694824219,0.0,0,0.0,108.94999694824219,Churned,Competitor,Competitor had better devices,1
68678-KAR,Female,41,No,Karnataka,2,15,,No,,Yes,Cable,No,No,Yes,No,Yes,No,No,Yes,Month-to-Month,Yes,Bank Withdrawal,39.04999923706055,669.8499755859375,0.0,0,0.0,669.8499755859375,Churned,Dissatisfaction,Lack of self-service on Website,1
68719-AND,Female,52,Yes,Andhra Pradesh,6,17,Deal 2,Yes,Yes,Yes,Fiber Optic,Yes,Yes,Yes,No,Yes,No,No,No,Month-to-Month,Yes,Bank Withdrawal,100.55000305175781,6215.35009765625,0.0,0,565.739990234375,6781.08984375,Churned,Price,Price too high,1
68730-TEL,Male,47,Yes,Telangana,1,21,,No,,Yes,DSL,No,No,No,No,No,Yes,Yes,Yes,Month-to-Month,Yes,Credit Card,33.900001525878906,298.45001220703125,0.0,0,0.0,298.45001220703125,Churned,Attitude,Attitude of support person,1
68786-RAJ,Female,37,Yes,Rajasthan,2,23,,Yes,No,Yes,Fiber Optic,No,Yes,Yes,No,No,Yes,Yes,Yes,Month-to-Month,Yes,Bank Withdrawal,91.0,531.0,0.0,0,252.47999572753906,783.47998046875,Churned,Dissatisfaction,Service dissatisfaction,1
68826-MAH,Male,48,No,Maharashtra,14,1,,No,,Yes,Cable,No,No,No,No,No,No,No,No,Month-to-Month,Yes,Bank Withdrawal,24.700000762939453,24.700000762939453,0.0,0,0.0,24.700000762939453,Joined,,,1
68877-PUD,Male,22,Yes,Puducherry,6,10,Deal 4,Yes,Yes,Yes,Fiber Optic,No,Yes,No,No,No,No,Yes,Yes,Month-to-Month,Yes,Bank Withdrawal,82.3499984741211,1852.8499755859375,0.0,0,267.9599914550781,2120.81005859375,Churned,Dissatisfaction,Network reliability,1
68955-HAR,Male,34,No,Haryana,11,34,,Yes,No,Yes,DSL,No,No,Yes,Yes,Yes,Yes,Yes,Yes,Month-to-Month,Yes,Bank Withdrawal,74.4000015258789,299.70001220703125,0.0,0,115.55999755859375,415.260009765625,Churned,Attitude,Attitude of support person,1
68969-WES,Female,61,No,West Bengal,6,34,,Yes,Yes,Yes,Fiber Optic,No,No,No,No,No,No,No,Yes,Month-to-Month,Yes,Bank Withdrawal,76.05000305175781,318.8999938964844,0.0,0,169.75999450683594,488.6600036621094,Churned,Price,Long distance charges,1
68979-MAD,Female,72,Yes,Madhya Pradesh,12,35,,Yes,Yes,Yes,Fiber Optic,No,No,No,No,No,No,No,Yes,Month-to-Month,Yes,Credit Card,74.19999694824219,1133.9000244140625,43.310001373291016,0,352.95001220703125,1443.5400390625,Churned,Competitor,Competitor had better devices,1
69071-ODI,Female,36,No,Odisha,1,21,,Yes,Yes,Yes,Fiber Optic,No,No,Yes,No,Yes,No,No,Yes,Month-to-Month,Yes,Bank Withdrawal,92.5,452.70001220703125,0.0,0,16.25,468.95001220703125,Churned,Competitor,Competitor offered more data,1
69107-KAR,Female,60,Yes,Karnataka,13,16,Deal 1,Yes,Yes,Yes,Fiber Optic,No,No,Yes,Yes,Yes,Yes,Yes,Yes,Two Year,Yes,Bank Withdrawal,106.5,7348.7998046875,0.0,0,1854.719970703125,9203.51953125,Churned,Competitor,Competitor offered higher download speeds,1
69122-WES,Female,81,No,West Bengal,15,15,Deal 4,Yes,No,Yes,Fiber Optic,No,No,No,No,No,No,No,Yes,Month-to-Month,No,Credit Card,71.30000305175781,1389.199951171875,0.0,0,114.19999694824219,1503.4000244140625,Churned,Attitude,Attitude of service provider,1
69142-UTT,Male,61,Yes,Uttar Pradesh,11,27,,No,,Yes,DSL,No,No,No,No,No,No,No,Yes,Month-to-Month,Yes,Credit Card,24.450000762939453,47.5,0.0,0,0.0,47.5,Churned,Competitor,Competitor offered more data,1
69173-TAM,Male,27,No,Tamil Nadu,9,27,Deal 5,Yes,No,No,,,,,,,,,,Month-to-Month,Yes,Bank Withdrawal,19.850000381469727,19.850000381469727,0.0,0,31.770000457763672,51.619998931884766,Churned,Attitude,Attitude of support person,1
69203-PUN,Female,68,No,Punjab,12,9,Deal 3,Yes,Yes,Yes,Fiber Optic,No,No,No,No,No,Yes,Yes,Yes,Month-to-Month,Yes,Bank Withdrawal,84.80000305175781,2043.449951171875,0.0,0,207.75,2251.199951171875,Churned,Price,Extra data charges,1
69210-BIH,Female,46,Yes,Bihar,8,1,,Yes,No,No,,,,,,,,,,Month-to-Month,Yes,Bank Withdrawal,20.200000762939453,20.200000762939453,0.0,0,43.52000045776367,63.720001220703125,Churned,Price,Price too high,1
69374-KAR,Female,18,No,Karnataka,7,10,Deal 5,Yes,No,Yes,Fiber Optic,No,No,No,No,No,Yes,Yes,No,Month-to-Month,No,Bank Withdrawal,80.8499984741211,302.75,0.0,40,177.1199951171875,519.8699951171875,Churned,Competitor,Competitor had better devices,1
69406-HAR,Male,30,Yes,Haryana,2,20,,Yes,Yes,Yes,Fiber Optic,No,No,Yes,No,Yes,No,No,Yes,Month-to-Month,No,Bank Withdrawal,88.25,1460.6500244140625,0.0,0,304.4700012207031,1765.1199951171875,Churned,Other,Deceased,1
69444-JAM,Female,31,Yes,Jammu & Kashmir,5,10,,Yes,Yes,Yes,Fiber Optic,No,No,No,No,No,No,Yes,Yes,Month-to-Month,Yes,Bank Withdrawal,73.8499984741211,511.25,13.029999732971191,0,200.33999633789062,698.5599975585938,Churned,Competitor,Competitor made better offer,1
69510-JAM,Female,44,No,Jammu & Kashmir,2,31,,Yes,No,Yes,Fiber Optic,No,No,No,No,Yes,Yes,Yes,Yes,Month-to-Month,No,Bank Withdrawal,89.30000305175781,577.5999755859375,0.0,0,15.600000381469727,593.2000122070312,Churned,Other,Don't know,1
69524-AND,Female,75,No,Andhra Pradesh,4,26,,No,,Yes,DSL,No,No,No,No,No,No,No,Yes,Month-to-Month,No,Bank Withdrawal,24.350000381469727,41.849998474121094,0.0,0,0.0,41.849998474121094,Churned,Competitor,Competitor had better devices,1
69641-MAH,Male,41,Yes,Maharashtra,5,21,Deal 4,Yes,No,Yes,Fiber Optic,Yes,No,No,No,No,Yes,Yes,Yes,Month-to-Month,No,Bank Withdrawal,84.05000305175781,1095.300048828125,23.969999313354492,0,388.9599914550781,1460.2900390625,Churned,Competitor,Competitor offered higher download speeds,1
69652-ASS,Female,35,Yes,Assam,3,18,Deal 2,Yes,Yes,Yes,Cable,No,No,No,No,No,No,No,Yes,Month-to-Month,Yes,Bank Withdrawal,50.25,2203.64990234375,28.489999771118164,0,453.17999267578125,2628.340087890625,Churned,Competitor,Competitor offered more data,1
69666-MAD,Male,25,No,Madhya Pradesh,8,23,,Yes,No,Yes,Cable,No,Yes,No,Yes,Yes,No,No,No,Month-to-Month,No,Mailed Check,66.25,620.5499877929688,0.0,10,223.2899932861328,853.8400268554688,Churned,Dissatisfaction,Network reliability,1
69717-BIH,Female,36,No,Bihar,3,15,,Yes,Yes,Yes,Fiber Optic,No,No,No,No,Yes,Yes,Yes,Yes,Month-to-Month,No,Bank Withdrawal,94.4000015258789,857.25,0.0,0,244.88999938964844,1102.1400146484375,Churned,Price,Price too high,1
69719-TAM,Female,36,No,Tamil Nadu,2,16,,Yes,No,Yes,Fiber Optic,Yes,No,No,No,Yes,Yes,Yes,Yes,Month-to-Month,Yes,Bank Withdrawal,94.5999984741211,2283.14990234375,0.0,0,853.4400024414062,3136.590087890625,Stayed,Others,Others,1
69814-BIH,Female,67,Yes,Bihar,13,15,,Yes,Yes,Yes,Cable,Yes,Yes,No,Yes,Yes,No,No,Yes,Month-to-Month,Yes,Bank Withdrawal,100.5,3653.35009765625,0.0,0,559.2999877929688,4212.64990234375,Churned,Attitude,Attitude of support person,1
69923-JHA,Male,52,No,Jharkhand,7,18,,Yes,Yes,Yes,Cable,No,No,No,No,Yes,No,No,Yes,Month-to-Month,Yes,Bank Withdrawal,59.849998474121094,59.849998474121094,0.0,0,22.049999237060547,81.9000015258789,Churned,Attitude,Attitude of support person,1
71050-PUN,Female,29,Yes,Punjab,0,11,,No,,Yes,Cable,Yes,Yes,No,Yes,Yes,No,No,Yes,Month-to-Month,Yes,Credit Card,48.95000076293945,1880.8499755859375,0.0,0,0.0,1880.8499755859375,Churned,Price,Price too high,1
71055-AND,Male,66,Yes,Andhra Pradesh,5,35,,Yes,Yes,Yes,Fiber Optic,No,No,No,No,No,No,No,No,Month-to-Month,Yes,Bank Withdrawal,74.4000015258789,74.4000015258789,0.0,30,17.360000610351562,121.76000213623047,Churned,Competitor,Competitor made better offer,1
71197-PUN,Female,38,No,Punjab,0,33,Deal 5,Yes,No,Yes,Cable,Yes,No,Yes,No,Yes,Yes,Yes,Yes,Month-to-Month,Yes,Bank Withdrawal,77.4000015258789,206.14999389648438,0.0,0,133.25999450683594,339.4100036621094,Joined,,,1
71205-AND,Female,48,No,Andhra Pradesh,7,32,,Yes,No,Yes,DSL,No,No,No,Yes,No,No,No,No,Month-to-Month,No,Bank Withdrawal,50.25,593.75,0.0,120,558.9600219726562,1272.7099609375,Churned,Price,Extra data charges,1
71210-WES,Female,58,No,West Bengal,15,28,,Yes,No,No,,,,,,,,,,Month-to-Month,No,Credit Card,19.850000381469727,19.850000381469727,0.0,0,29.100000381469727,48.95000076293945,Joined,,,1
71224-GUJ,Male,37,No,Gujarat,6,26,,Yes,No,Yes,Fiber Optic,No,No,No,No,Yes,No,No,Yes,Month-to-Month,No,Bank Withdrawal,80.8499984741211,1400.8499755859375,0.0,0,282.3699951171875,1683.219970703125,Churned,Competitor,Competitor had better devices,1
71234-HAR,Female,44,No,Haryana,10,34,,Yes,No,No,,,,,,,,,,Month-to-Month,Yes,Credit Card,19.399999618530273,19.399999618530273,0.0,0,23.969999313354492,43.369998931884766,Joined,,,1
71254-UTT,Male,24,Yes,Uttar Pradesh,10,12,Deal 5,Yes,No,Yes,DSL,No,No,No,No,No,No,Yes,Yes,Month-to-Month,No,Credit Card,45.95000076293945,45.95000076293945,0.0,0,5.119999885559082,51.06999969482422,Churned,Attitude,Attitude of support person,1
71261-TAM,Female,59,No,Tamil Nadu,2,27,,Yes,No,Yes,Cable,Yes,Yes,No,Yes,No,Yes,Yes,Yes,Month-to-Month,Yes,Bank Withdrawal,70.44999694824219,70.44999694824219,0.0,0,20.100000381469727,90.55000305175781,Joined,,,1
71355-PUN,Female,32,No,Punjab,3,19,Deal 4,Yes,Yes,Yes,Fiber Optic,No,No,Yes,Yes,Yes,Yes,Yes,Yes,Month-to-Month,No,Bank Withdrawal,103.30000305175781,2012.699951171875,0.0,0,532.760009765625,2545.4599609375,Churned,Price,Lack of affordable download/upload speed,1
71410-PUN,Male,34,Yes,Punjab,0,35,Deal 4,Yes,Yes,Yes,Fiber Optic,No,No,Yes,No,Yes,Yes,Yes,Yes,Month-to-Month,Yes,Bank Withdrawal,98.5,1037.75,0.0,0,10.899999618530273,1048.6500244140625,Churned,Dissatisfaction,Lack of self-service on Website,1
71483-BIH,Male,47,Yes,Bihar,6,20,Deal 5,Yes,No,Yes,Fiber Optic,No,No,No,No,No,No,No,Yes,Month-to-Month,Yes,Credit Card,69.0999984741211,69.0999984741211,0.0,0,16.549999237060547,85.6500015258789,Churned,Other,Don't know,1
71499-TAM,Female,40,Yes,Tamil Nadu,8,30,Deal 5,Yes,No,Yes,DSL,Yes,Yes,No,No,No,No,No,Yes,Month-to-Month,No,Bank Withdrawal,56.25,389.1000061035156,0.0,0,103.08000183105469,492.17999267578125,Churned,Attitude,Attitude of support person,1
71509-HAR,Female,40,No,Haryana,3,27,,Yes,No,Yes,DSL,No,No,No,No,Yes,No,No,Yes,Month-to-Month,Yes,Bank Withdrawal,54.650001525878906,54.650001525878906,0.0,0,36.33000183105469,90.9800033569336,Joined,,,1
71564-KAR,Female,48,No,Karnataka,6,5,,Yes,No,No,,,,,,,,,,Month-to-Month,No,Credit Card,19.049999237060547,19.049999237060547,0.0,0,5.019999980926514,24.06999969482422,Joined,,,1
71570-TEL,Female,56,Yes,Telangana,8,3,,No,,Yes,Cable,Yes,No,No,Yes,No,No,No,Yes,Month-to-Month,Yes,Bank Withdrawal,34.5,279.25,0.0,0,0.0,279.25,Churned,Dissatisfaction,Service dissatisfaction,1
71631-KAR,Female,30,No,Karnataka,0,27,Deal 3,Yes,No,Yes,Fiber Optic,Yes,No,Yes,Yes,Yes,No,Yes,Yes,One Year,Yes,Bank Withdrawal,95.55000305175781,3692.85009765625,0.0,0,174.72000122070312,3867.570068359375,Churned,Attitude,Attitude of service provider,1
71646-GUJ,Male,31,No,Gujarat,13,34,,Yes,No,Yes,DSL,No,No,No,No,No,No,No,Yes,Month-to-Month,No,Bank Withdrawal,45.75,45.75,0.0,0,24.239999771118164,69.98999786376953,Churned,Attitude,Attitude of support person,1
71689-PUN,Female,42,Yes,Punjab,3,19,,Yes,No,Yes,DSL,No,No,No,No,No,No,No,Yes,Month-to-Month,No,Credit Card,43.95000076293945,43.95000076293945,0.0,0,45.59000015258789,89.54000091552734,Joined,,,1
71710-GUJ,Female,41,Yes,Gujarat,12,2,Deal 5,Yes,No,No,,,,,,,,,,Month-to-Month,No,Credit Card,20.200000762939453,20.200000762939453,0.0,0,11.25,31.450000762939453,Churned,Competitor,Competitor made better offer,1
71752-TEL,Female,51,No,Telangana,4,2,Deal 5,Yes,No,No,,,,,,,,,,Month-to-Month,No,Bank Withdrawal,19.899999618530273,57.400001525878906,0.0,0,53.79999923706055,111.19999694824219,Joined,,,1
71753-ODI,Female,32,No,Odisha,6,27,,Yes,Yes,Yes,Fiber Optic,No,No,No,No,Yes,No,No,Yes,Month-to-Month,Yes,Bank Withdrawal,84.94999694824219,1378.25,0.0,0,109.12000274658203,1487.3699951171875,Churned,Attitude,Attitude of support person,1
71837-TAM,Female,44,Yes,Tamil Nadu,7,15,Deal 4,Yes,Yes,Yes,Fiber Optic,Yes,Yes,Yes,No,No,Yes,Yes,Yes,Month-to-Month,Yes,Bank Withdrawal,99.69999694824219,1238.449951171875,0.0,0,192.83999633789062,1431.2900390625,Churned,Price,Lack of affordable download/upload speed,1
71858-KAR,Female,37,No,Karnataka,8,20,Deal 5,Yes,No,No,,,,,,,,,,Month-to-Month,Yes,Mailed Check,20.149999618530273,20.149999618530273,0.0,0,21.59000015258789,41.7400016784668,Churned,Attitude,Attitude of support person,1
71914-WES,Female,55,Yes,West Bengal,2,3,,Yes,No,Yes,Fiber Optic,No,Yes,No,Yes,Yes,Yes,Yes,Yes,Month-to-Month,Yes,Bank Withdrawal,99.8499984741211,990.9000244140625,0.0,0,432.79998779296875,1423.699951171875,Churned,Dissatisfaction,Service dissatisfaction,1
71942-AND,Female,33,No,Andhra Pradesh,8,24,,Yes,No,Yes,Cable,No,No,No,No,No,No,No,Yes,Month-to-Month,No,Credit Card,45.849998474121094,81.0,0.0,0,39.040000915527344,120.04000091552734,Churned,Competitor,Competitor made better offer,1
71949-WES,Female,23,No,West Bengal,11,5,Deal 4,Yes,Yes,Yes,Fiber Optic,No,No,No,No,No,Yes,Yes,Yes,Month-to-Month,Yes,Bank Withdrawal,84.5999984741211,1115.199951171875,0.0,0,467.4800109863281,1582.6800537109375,Churned,Competitor,Competitor offered more data,1
71972-KER,Female,33,No,Kerala,8,12,Deal 4,Yes,Yes,Yes,Fiber Optic,No,No,No,No,No,No,Yes,Yes,Month-to-Month,Yes,Mailed Check,76.0,1130.8499755859375,0.0,0,672.9000244140625,1803.75,Churned,Dissatisfaction,Lack of self-service on Website,1
71989-KAR,Female,61,Yes,Karnataka,11,9,Deal 4,Yes,Yes,Yes,DSL,Yes,No,No,No,No,No,No,Yes,Month-to-Month,Yes,Bank Withdrawal,54.45000076293945,1127.3499755859375,0.0,0,160.16000366210938,1287.510009765625,Churned,Other,Don't know,1
72067-TEL,Male,64,No,Telangana,2,22,Deal 5,Yes,Yes,Yes,Fiber Optic,No,No,No,No,No,No,No,Yes,Month-to-Month,Yes,Bank Withdrawal,74.9000015258789,541.1500244140625,0.0,0,327.5299987792969,868.6799926757812,Churned,Competitor,Competitor had better devices,1
72082-HAR,Female,53,Yes,Haryana,15,36,Deal 5,Yes,No,No,,,,,,,,,,Month-to-Month,No,Credit Card,20.600000381469727,20.600000381469727,0.0,0,47.2599983215332,67.86000061035156,Churned,Price,Long distance charges,1
72092-PUN,Female,54,Yes,Punjab,7,8,Deal 5,Yes,Yes,Yes,Cable,No,No,No,No,No,No,No,Yes,Month-to-Month,Yes,Mailed Check,50.650001525878906,151.3000030517578,0.0,0,67.68000030517578,218.97999572753906,Churned,Dissatisfaction,Lack of self-service on Website,1
72129-KAR,Male,84,No,Karnataka,9,36,Deal 3,Yes,No,Yes,Fiber Optic,No,No,No,No,Yes,Yes,No,Yes,Month-to-Month,Yes,Bank Withdrawal,91.25,2351.800048828125,0.0,0,901.9400024414062,3253.739990234375,Churned,Attitude,Attitude of support person,1
72130-JAM,Female,80,No,Jammu & Kashmir,11,24,Deal 2,Yes,Yes,Yes,Fiber Optic,No,Yes,Yes,Yes,Yes,Yes,No,Yes,One Year,Yes,Bank Withdrawal,111.94999694824219,6418.89990234375,0.0,0,1089.760009765625,7508.66015625,Churned,Attitude,Attitude of service provider,1
72137-JAM,Male,23,Yes,Jammu & Kashmir,1,9,,Yes,Yes,Yes,Fiber Optic,No,No,Yes,No,No,Yes,Yes,Yes,Month-to-Month,Yes,Credit Card,90.69999694824219,1597.25,0.0,0,514.6199951171875,2111.8701171875,Churned,Competitor,Competitor made better offer,1
72185-DEL,Female,40,No,Delhi,1,3,,Yes,No,Yes,Fiber Optic,Yes,No,No,No,Yes,No,No,Yes,Month-to-Month,No,Bank Withdrawal,84.94999694824219,668.4000244140625,0.0,0,258.4800109863281,926.8800048828125,Churned,Other,Moved,1
72185-JAM,Male,56,No,Jammu & Kashmir,13,36,,Yes,Yes,Yes,Fiber Optic,No,No,No,No,No,No,No,Yes,Month-to-Month,Yes,Bank Withdrawal,74.3499984741211,265.3500061035156,0.0,0,191.27999877929688,456.6300048828125,Churned,Attitude,Attitude of support person,1
72188-KAR,Male,66,No,Karnataka,13,19,,Yes,No,Yes,Fiber Optic,No,No,No,No,Yes,No,No,Yes,Month-to-Month,Yes,Bank Withdrawal,-7.0,79.19999694824219,0.0,0,20.059999465942383,99.26000213623047,Churned,Competitor,Competitor made better offer,1
72195-TAM,Female,64,Yes,Tamil Nadu,10,20,,Yes,Yes,Yes,Fiber Optic,Yes,Yes,No,No,No,No,No,Yes,Month-to-Month,Yes,Bank Withdrawal,83.4000015258789,4113.7001953125,0.0,0,2399.5,6513.2001953125,Stayed,Others,Others,1
72275-GUJ,Female,45,Yes,Gujarat,8,4,,Yes,No,No,,,,,,,,,,One Year,No,Credit Card,19.950000762939453,47.70000076293945,0.0,0,62.900001525878906,110.5999984741211,Joined,,,1
72285-JAM,Female,45,No,Jammu & Kashmir,9,20,,Yes,No,Yes,Fiber Optic,No,No,No,No,No,Yes,Yes,Yes,Month-to-Month,No,Bank Withdrawal,-1.0,159.4499969482422,0.0,0,10.220000267028809,169.6699981689453,Churned,Competitor,Competitor made better offer,1
72294-JAM,Female,24,No,Jammu & Kashmir,1,2,,Yes,No,Yes,DSL,Yes,Yes,No,No,No,No,No,Yes,Month-to-Month,Yes,Mailed Check,55.25,2139.199951171875,0.0,0,323.20001220703125,2462.39990234375,Churned,Competitor,Competitor made better offer,1
72309-BIH,Male,59,No,Bihar,12,12,,Yes,No,Yes,Fiber Optic,No,Yes,No,No,No,Yes,Yes,Yes,Month-to-Month,Yes,Bank Withdrawal,83.5999984741211,404.20001220703125,24.440000534057617,0,35.0,414.760009765625,Churned,Competitor,Competitor offered higher download speeds,1
72344-HAR,Male,40,Yes,Haryana,10,14,Deal 4,No,,Yes,Cable,No,No,Yes,No,Yes,Yes,Yes,No,Month-to-Month,Yes,Bank Withdrawal,50.75,712.75,0.0,10,0.0,722.75,Churned,Competitor,Competitor had better devices,1
72349-UTT,Male,72,Yes,Uttar Pradesh,6,12,,Yes,No,Yes,Fiber Optic,No,Yes,No,No,No,No,No,No,Month-to-Month,Yes,Bank Withdrawal,72.8499984741211,688.6500244140625,0.0,30,54.599998474121094,773.25,Churned,Competitor,Competitor had better devices,1
72357-MAD,Female,53,No,Madhya Pradesh,14,12,Deal 5,Yes,No,Yes,DSL,No,No,No,No,No,No,No,Yes,Month-to-Month,Yes,Credit Card,44.29999923706055,44.29999923706055,0.0,0,42.95000076293945,87.25,Joined,,,1
72375-TEL,Female,46,Yes,Telangana,14,20,,Yes,Yes,Yes,Fiber Optic,Yes,No,Yes,Yes,Yes,Yes,Yes,Yes,Two Year,Yes,Credit Card,111.5999984741211,6876.0498046875,0.0,0,477.0199890136719,7353.06982421875,Churned,Competitor,Competitor offered more data,1
72391-UTT,Male,35,No,Uttar Pradesh,1,7,,No,,Yes,DSL,No,No,No,No,No,Yes,Yes,Yes,Month-to-Month,No,Bank Withdrawal,35.0,35.0,0.0,0,0.0,35.0,Joined,,,1
72431-UTT,Female,50,Yes,Uttar Pradesh,5,14,Deal 5,No,,Yes,Cable,No,Yes,No,No,No,No,No,Yes,Month-to-Month,Yes,Bank Withdrawal,29.600000381469727,79.44999694824219,0.0,0,0.0,79.44999694824219,Churned,Competitor,Competitor had better devices,1
72437-GUJ,Female,52,No,Gujarat,3,10,Deal 4,Yes,Yes,Yes,Fiber Optic,No,No,No,No,No,Yes,Yes,Yes,Month-to-Month,Yes,Bank Withdrawal,86.5,1808.699951171875,0.0,0,886.6199951171875,2695.320068359375,Churned,Competitor,Competitor offered more data,1
72469-MAD,Male,56,No,Madhya Pradesh,9,9,,Yes,No,Yes,Cable,Yes,No,Yes,No,No,No,No,Yes,Month-to-Month,No,Credit Card,55.70000076293945,55.70000076293945,0.0,0,17.68000030517578,73.37999725341797,Joined,,,1
72507-UTT,Female,71,No,Uttar Pradesh,0,12,,Yes,No,Yes,Fiber Optic,No,No,No,No,No,No,No,Yes,Month-to-Month,Yes,Bank Withdrawal,69.6500015258789,69.6500015258789,0.0,0,7.230000019073486,76.87999725341797,Churned,Other,Don't know,1
72588-RAJ,Female,77,No,Rajasthan,4,18,,Yes,Yes,Yes,Fiber Optic,No,No,Yes,No,No,Yes,No,Yes,Month-to-Month,No,Credit Card,88.30000305175781,2467.75,0.0,0,457.3800048828125,2925.1298828125,Churned,Other,Don't know,1
72603-TAM,Female,75,No,Tamil Nadu,2,30,,Yes,Yes,Yes,Fiber Optic,No,Yes,Yes,No,No,No,No,Yes,Month-to-Month,Yes,Credit Card,83.8499984741211,2716.300048828125,0.0,0,1271.489990234375,3987.7900390625,Churned,Competitor,Competitor made better offer,1
72648-JAM,Female,70,Yes,Jammu & Kashmir,13,15,Deal 5,Yes,Yes,Yes,Fiber Optic,No,Yes,No,No,No,No,No,No,Month-to-Month,Yes,Bank Withdrawal,81.0,371.6499938964844,40.63999938964844,10,236.39999389648438,577.4099731445312,Churned,Competitor,Competitor made better offer,1
72666-JAM,Female,56,No,Jammu & Kashmir,12,11,Deal 5,Yes,No,Yes,DSL,No,No,No,Yes,No,No,No,Yes,Month-to-Month,Yes,Credit Card,50.79999923706055,202.3000030517578,0.0,0,7.519999980926514,209.82000732421875,Stayed,Others,Others,1
72667-HAR,Female,19,No,Haryana,15,5,,Yes,No,Yes,Cable,No,No,Yes,No,No,No,Yes,Yes,Month-to-Month,No,Bank Withdrawal,48.95000076293945,48.95000076293945,0.0,0,34.400001525878906,83.3499984741211,Churned,Competitor,Competitor offered higher download speeds,1
72668-RAJ,Male,25,No,Rajasthan,2,27,Deal 5,No,,Yes,Cable,Yes,No,Yes,Yes,Yes,Yes,Yes,Yes,Month-to-Month,No,Mailed Check,58.5,539.8499755859375,0.0,0,0.0,539.8499755859375,Churned,Competitor,Competitor offered higher download speeds,1
72700-UTT,Male,77,No,Uttarakhand,13,31,Deal 5,Yes,No,Yes,Fiber Optic,No,No,No,No,Yes,No,No,Yes,Month-to-Month,Yes,Bank Withdrawal,80.4000015258789,224.0500030517578,0.0,0,9.869999885559082,233.9199981689453,Churned,Attitude,Attitude of service provider,1
72746-AND,Male,47,Yes,Andhra Pradesh,6,15,Deal 4,Yes,No,Yes,Fiber Optic,No,Yes,Yes,No,No,Yes,Yes,Yes,Month-to-Month,Yes,Credit Card,90.94999694824219,1612.199951171875,0.0,0,594.6599731445312,2206.860107421875,Stayed,Others,Others,1
72784-UTT,Female,28,No,Uttar Pradesh,4,33,Deal 5,Yes,No,Yes,Fiber Optic,No,No,No,No,No,No,No,Yes,Month-to-Month,No,Bank Withdrawal,70.0,153.0500030517578,0.0,0,75.5199966430664,228.57000732421875,Churned,Other,Moved,1
72873-JAM,Male,44,No,Jammu & Kashmir,2,12,Deal 4,Yes,Yes,Yes,Fiber Optic,No,No,No,No,No,No,No,Yes,Month-to-Month,Yes,Bank Withdrawal,-7.0,825.7000122070312,0.0,0,237.3800048828125,1063.0799560546875,Churned,Competitor,Competitor made better offer,1
72912-TEL,Female,50,Yes,Telangana,15,16,Deal 4,Yes,Yes,Yes,Cable,No,No,No,Yes,Yes,No,No,Yes,Month-to-Month,No,Bank Withdrawal,90.1500015258789,987.9500122070312,0.0,0,245.9600067138672,1233.9100341796875,Churned,Competitor,Competitor had better devices,1
72971-TAM,Female,81,No,Tamil Nadu,6,8,,Yes,No,Yes,Fiber Optic,No,No,No,Yes,No,No,No,Yes,One Year,No,Bank Withdrawal,74.69999694824219,74.69999694824219,0.0,0,27.649999618530273,102.3499984741211,Joined,,,1
73036-JAM,Female,66,Yes,Jammu & Kashmir,10,21,,Yes,No,Yes,DSL,Yes,No,No,No,No,No,No,Yes,Month-to-Month,Yes,Bank Withdrawal,49.25,91.0999984741211,0.0,0,87.9800033569336,179.0800018310547,Churned,Competitor,Competitor made better offer,1
73044-KAR,Male,23,Yes,Karnataka,15,5,,Yes,No,Yes,Fiber Optic,No,Yes,No,No,No,No,No,Yes,Month-to-Month,No,Credit Card,74.5999984741211,74.5999984741211,0.0,0,42.9900016784668,117.58999633789062,Joined,,,1
73069-MAH,Male,73,Yes,Maharashtra,10,28,Deal 5,No,,Yes,DSL,No,Yes,Yes,No,No,Yes,No,Yes,Month-to-Month,Yes,Bank Withdrawal,43.29999923706055,43.29999923706055,0.0,0,0.0,43.29999923706055,Churned,Dissatisfaction,Poor expertise of online support,1
73101-JAM,Male,21,Yes,Jammu & Kashmir,4,3,Deal 5,Yes,Yes,Yes,Cable,No,No,No,No,Yes,No,Yes,Yes,Month-to-Month,Yes,Bank Withdrawal,85.6500015258789,181.5,0.0,0,80.86000061035156,262.3599853515625,Churned,Competitor,Competitor made better offer,1
73108-GUJ,Female,38,Yes,Gujarat,6,12,,Yes,No,No,,,,,,,,,,Month-to-Month,No,Credit Card,20.25,36.79999923706055,0.0,0,31.65999984741211,68.45999908447266,Joined,,,1
73132-UTT,Female,49,Yes,Uttar Pradesh,10,15,,Yes,No,Yes,Fiber Optic,No,No,No,No,No,No,No,Yes,Month-to-Month,Yes,Credit Card,70.05000305175781,266.8999938964844,0.0,0,50.31999969482422,317.2200012207031,Churned,Competitor,Competitor had better devices,1
73142-RAJ,Male,49,No,Rajasthan,12,17,Deal 5,Yes,No,Yes,DSL,No,No,No,No,No,No,No,Yes,Month-to-Month,No,Credit Card,46.20000076293945,46.20000076293945,0.0,0,48.58000183105469,94.77999877929688,Churned,Attitude,Attitude of support person,1
73187-MAH,Male,30,No,Maharashtra,6,14,,Yes,No,Yes,Cable,No,No,No,No,No,No,No,No,Month-to-Month,No,Bank Withdrawal,44.75,270.95001220703125,0.0,10,246.9600067138672,527.9099731445312,Churned,Dissatisfaction,Network reliability,1
73264-BIH,Female,49,Yes,Bihar,2,28,,Yes,Yes,Yes,Fiber Optic,No,No,No,No,No,No,No,Yes,Month-to-Month,Yes,Bank Withdrawal,76.5,837.9500122070312,0.0,0,171.60000610351562,1009.5499877929688,Churned,Dissatisfaction,Network reliability,1
73360-AND,Female,74,No,Andhra Pradesh,0,30,,Yes,No,Yes,DSL,Yes,No,Yes,No,No,Yes,No,Yes,One Year,No,Credit Card,62.70000076293945,2791.5,0.0,0,480.1499938964844,3271.64990234375,Churned,Dissatisfaction,Limited range of services,1
73366-ASS,Female,65,Yes,Assam,15,2,Deal 5,Yes,Yes,Yes,Fiber Optic,No,No,No,No,No,No,No,Yes,Month-to-Month,Yes,Bank Withdrawal,74.5999984741211,74.5999984741211,0.0,0,44.72999954223633,119.33000183105469,Churned,Competitor,Competitor made better offer,1
73366-UTT,Male,21,Yes,Uttar Pradesh,13,6,Deal 5,Yes,No,Yes,Cable,No,Yes,No,No,No,No,No,Yes,Month-to-Month,Yes,Credit Card,49.599998474121094,114.69999694824219,0.0,0,42.560001373291016,157.25999450683594,Churned,Dissatisfaction,Network reliability,1
73384-RAJ,Female,31,No,Rajasthan,3,23,Deal 5,Yes,Yes,Yes,Fiber Optic,Yes,No,No,Yes,Yes,Yes,Yes,Yes,Month-to-Month,Yes,Bank Withdrawal,103.3499984741211,847.2999877929688,0.0,0,157.44000244140625,1004.739990234375,Churned,Competitor,Competitor offered more data,1
73444-KER,Female,48,No,Kerala,3,21,,Yes,No,Yes,Fiber Optic,No,No,No,No,Yes,Yes,Yes,Yes,Month-to-Month,Yes,Bank Withdrawal,89.0999984741211,89.0999984741211,0.0,0,16.059999465942383,105.16000366210938,Churned,Other,Moved,1
73468-JHA,Female,21,Yes,Jharkhand,4,12,Deal 5,Yes,Yes,Yes,Fiber Optic,No,No,No,No,No,No,Yes,Yes,Month-to-Month,Yes,Bank Withdrawal,72.19999694824219,305.54998779296875,0.0,0,119.91999816894531,425.4700012207031,Churned,Dissatisfaction,Service dissatisfaction,1
73490-PUN,Female,70,Yes,Punjab,11,15,Deal 4,No,,Yes,DSL,No,No,No,No,No,Yes,No,Yes,Month-to-Month,Yes,Bank Withdrawal,34.70000076293945,329.79998779296875,0.0,0,0.0,329.79998779296875,Churned,Other,Deceased,1
73510-DEL,Female,47,Yes,Delhi,2,14,,Yes,Yes,Yes,Fiber Optic,No,Yes,No,No,No,No,No,Yes,Month-to-Month,Yes,Bank Withdrawal,82.0,184.64999389648438,0.0,0,82.36000061035156,267.010009765625,Churned,Competitor,Competitor made better offer,1
73547-KAR,Female,43,Yes,Karnataka,13,16,,Yes,Yes,Yes,Fiber Optic,No,No,No,No,Yes,No,No,Yes,Month-to-Month,Yes,Bank Withdrawal,84.05000305175781,134.0500030517578,0.0,0,44.459999084472656,178.50999450683594,Joined,,,1
73571-DEL,Male,77,No,Delhi,14,20,,Yes,No,Yes,Cable,Yes,No,No,No,No,No,No,Yes,Month-to-Month,Yes,Bank Withdrawal,75.19999694824219,1929.3499755859375,0.0,0,189.5399932861328,2118.889892578125,Churned,Attitude,Attitude of support person,1
73644-CHH,Female,70,Yes,Chhattisgarh,8,22,,Yes,Yes,Yes,Fiber Optic,Yes,No,No,No,No,No,No,Yes,Month-to-Month,Yes,Bank Withdrawal,79.1500015258789,1520.9000244140625,0.0,0,236.39999389648438,1757.300048828125,Churned,Attitude,Attitude of support person,1
73698-TAM,Female,81,No,Tamil Nadu,8,14,,Yes,No,Yes,Fiber Optic,No,No,No,No,No,No,No,Yes,Month-to-Month,Yes,Bank Withdrawal,71.0,71.0,0.0,0,28.639999389648438,99.63999938964844,Churned,Competitor,Competitor made better offer,1
73715-BIH,Male,29,No,Bihar,4,25,,Yes,No,Yes,Fiber Optic,No,No,No,No,No,No,Yes,Yes,Month-to-Month,No,Bank Withdrawal,68.94999694824219,119.75,0.0,0,61.459999084472656,181.2100067138672,Churned,Competitor,Competitor had better devices,1
73718-JAM,Female,41,Yes,Jammu & Kashmir,1,20,,Yes,Yes,Yes,Fiber Optic,No,Yes,Yes,Yes,Yes,Yes,Yes,Yes,Two Year,Yes,Bank Withdrawal,107.94999694824219,5293.2001953125,0.0,0,316.04998779296875,5609.25,Churned,Competitor,Competitor made better offer,1
73722-TAM,Male,25,Yes,Tamil Nadu,13,35,,Yes,No,Yes,DSL,No,Yes,No,No,Yes,Yes,Yes,Yes,One Year,Yes,Bank Withdrawal,69.5,1498.199951171875,49.56999969482422,0,770.8800048828125,2219.510009765625,Churned,Competitor,Competitor offered more data,1
73829-DEL,Female,25,No,Delhi,6,36,,Yes,No,Yes,Fiber Optic,No,No,No,No,No,No,No,Yes,Month-to-Month,Yes,Credit Card,71.0,914.0,0.0,0,507.5,1421.5,Churned,Other,Don't know,1
73860-TEL,Female,52,No,Telangana,5,7,Deal 2,Yes,No,No,,,,,,,,,,One Year,Yes,Bank Withdrawal,20.399999618530273,930.4500122070312,0.0,0,1143.0,2073.449951171875,Churned,Price,Long distance charges,1
73877-TEL,Male,58,Yes,Telangana,3,5,,Yes,Yes,Yes,Fiber Optic,Yes,No,No,Yes,Yes,No,No,Yes,Month-to-Month,Yes,Credit Card,96.19999694824219,1222.050048828125,0.0,0,295.67999267578125,1517.72998046875,Churned,Competitor,Competitor had better devices,1
73878-TEL,Male,30,Yes,Telangana,13,12,Deal 5,Yes,No,Yes,DSL,No,No,No,No,No,No,Yes,Yes,Month-to-Month,No,Bank Withdrawal,45.150001525878906,45.150001525878906,0.0,0,30.920000076293945,76.06999969482422,Churned,Attitude,Attitude of support person,1
73893-MAH,Female,40,Yes,Maharashtra,7,5,Deal 5,Yes,No,No,,,,,,,,,,One Year,Yes,Credit Card,19.75,145.0,0.0,0,369.0400085449219,514.0399780273438,Churned,Price,Long distance charges,1
73939-TAM,Male,59,No,Tamil Nadu,9,2,Deal 5,Yes,Yes,Yes,Fiber Optic,No,No,Yes,No,Yes,Yes,Yes,Yes,Month-to-Month,Yes,Bank Withdrawal,101.55000305175781,298.3500061035156,0.0,0,65.58000183105469,363.92999267578125,Churned,Dissatisfaction,Network reliability,1
73977-BIH,Female,19,No,Bihar,2,3,,Yes,No,Yes,Fiber Optic,Yes,Yes,No,Yes,Yes,Yes,Yes,Yes,One Year,Yes,Bank Withdrawal,105.19999694824219,4822.85009765625,0.0,0,1979.8399658203125,6802.68994140625,Churned,Other,Don't know,1
74023-JAM,Female,20,Yes,Jammu & Kashmir,6,11,,Yes,Yes,Yes,Cable,No,No,No,No,No,No,Yes,Yes,Month-to-Month,No,Bank Withdrawal,47.150001525878906,223.14999389648438,0.0,0,110.05000305175781,333.20001220703125,Churned,Competitor,Competitor made better offer,1
74028-TEL,Female,42,No,Telangana,14,20,Deal 4,Yes,No,Yes,Fiber Optic,No,No,No,No,No,No,No,Yes,Month-to-Month,No,Bank Withdrawal,69.0,994.7999877929688,0.0,0,70.05000305175781,1064.8499755859375,Churned,Competitor,Competitor had better devices,1
74033-ASS,Female,45,Yes,Assam,15,20,,No,,Yes,Cable,No,No,No,No,No,No,No,Yes,Month-to-Month,No,Bank Withdrawal,25.25,25.25,0.0,0,0.0,25.25,Joined,,,1
74049-KER,Male,50,Yes,Kerala,10,2,,Yes,Yes,Yes,Fiber Optic,No,Yes,No,No,No,No,No,No,Month-to-Month,Yes,Bank Withdrawal,78.75,412.1000061035156,0.0,10,5.800000190734863,427.8999938964844,Churned,Other,Don't know,1
74061-MAD,Male,81,Yes,Madhya Pradesh,2,18,,Yes,Yes,Yes,Fiber Optic,Yes,Yes,No,No,No,Yes,Yes,Yes,Month-to-Month,Yes,Credit Card,94.69999694824219,673.0999755859375,0.0,0,67.9000015258789,741.0,Churned,Attitude,Attitude of service provider,1
74081-KAR,Female,28,No,Karnataka,11,25,Deal 4,Yes,Yes,Yes,Fiber Optic,No,No,No,No,No,No,Yes,Yes,Month-to-Month,Yes,Mailed Check,75.0,999.4500122070312,0.0,0,78.38999938964844,1077.8399658203125,Churned,Competitor,Competitor offered higher download speeds,1
74110-MAD,Male,79,No,Madhya Pradesh,4,20,,Yes,Yes,Yes,Fiber Optic,No,No,No,No,Yes,Yes,Yes,Yes,Month-to-Month,Yes,Bank Withdrawal,94.55000305175781,1899.6500244140625,0.0,0,106.19999694824219,2005.8499755859375,Churned,Competitor,Competitor had better devices,1
74378-KAR,Female,37,Yes,Karnataka,12,30,,Yes,No,Yes,DSL,Yes,No,No,Yes,No,No,No,Yes,Month-to-Month,Yes,Credit Card,54.45000076293945,87.30000305175781,0.0,0,39.7400016784668,127.04000091552734,Joined,,,1
74427-DEL,Female,40,Yes,Delhi,12,2,Deal 5,Yes,No,Yes,Fiber Optic,No,No,No,No,No,No,No,Yes,Month-to-Month,Yes,Bank Withdrawal,70.9000015258789,273.0,8.739999771118164,0,134.0,398.260009765625,Churned,Dissatisfaction,Product dissatisfaction,1
74446-MAD,Male,58,Yes,Madhya Pradesh,4,6,Deal 1,Yes,No,Yes,Cable,No,Yes,Yes,No,Yes,Yes,Yes,Yes,Month-to-Month,No,Bank Withdrawal,99.5,6710.5,0.0,0,1704.1199951171875,8414.6201171875,Churned,Other,Moved,1
74495-WES,Female,36,No,West Bengal,13,5,,Yes,No,No,,,,,,,,,,Month-to-Month,No,Credit Card,20.350000381469727,77.5,0.0,0,150.63999938964844,228.13999938964844,Churned,Attitude,Attitude of support person,1
74518-ODI,Female,27,No,Odisha,13,13,Deal 5,Yes,No,Yes,DSL,No,No,No,No,No,No,No,Yes,Month-to-Month,No,Bank Withdrawal,44.45000076293945,82.69999694824219,0.0,0,37.400001525878906,120.0999984741211,Joined,,,1
74520-ODI,Female,71,Yes,Odisha,7,14,,Yes,Yes,Yes,Fiber Optic,No,No,No,No,No,Yes,Yes,Yes,Month-to-Month,Yes,Bank Withdrawal,85.05000305175781,85.05000305175781,0.0,0,16.3700008392334,101.41999816894531,Churned,Competitor,Competitor had better devices,1
74542-BIH,Female,42,No,Bihar,4,7,,Yes,Yes,Yes,Fiber Optic,No,No,No,No,No,Yes,Yes,Yes,Month-to-Month,Yes,Bank Withdrawal,83.30000305175781,803.2999877929688,0.0,0,267.29998779296875,1070.5999755859375,Churned,Attitude,Attitude of support person,1
74575-HAR,Female,81,Yes,Haryana,0,13,,Yes,Yes,Yes,Fiber Optic,No,Yes,Yes,No,Yes,Yes,No,Yes,One Year,Yes,Credit Card,104.4000015258789,6405.0,0.0,0,2141.7099609375,8546.7099609375,Churned,Competitor,Competitor had better devices,1
74588-HAR,Female,60,No,Haryana,6,10,Deal 4,Yes,Yes,Yes,Fiber Optic,Yes,No,Yes,No,Yes,Yes,Yes,Yes,Month-to-Month,Yes,Bank Withdrawal,103.9000015258789,2254.199951171875,0.0,0,25.40999984741211,2279.610107421875,Churned,Dissatisfaction,Limited range of services,1
74592-KAR,Female,36,Yes,Karnataka,11,28,,Yes,No,Yes,Fiber Optic,No,Yes,No,No,No,Yes,Yes,Yes,Month-to-Month,Yes,Bank Withdrawal,85.9000015258789,1269.550048828125,0.0,0,369.45001220703125,1639.0,Churned,Other,Don't know,1
74594-TEL,Male,24,No,Telangana,9,12,,Yes,Yes,Yes,Fiber Optic,No,No,No,No,Yes,No,No,No,Month-to-Month,Yes,Mailed Check,84.6500015258789,84.6500015258789,0.0,40,22.299999237060547,146.9499969482422,Churned,Dissatisfaction,Lack of self-service on Website,1
74651-WES,Female,30,Yes,West Bengal,7,23,,No,,Yes,DSL,No,Yes,No,No,No,No,No,Yes,Month-to-Month,No,Credit Card,29.200000762939453,98.5,0.0,0,0.0,98.5,Joined,,,1
74656-ASS,Female,74,No,Assam,11,24,,Yes,Yes,Yes,Fiber Optic,No,Yes,No,No,No,Yes,No,Yes,Month-to-Month,Yes,Bank Withdrawal,-1.0,2187.550048828125,23.329999923706055,0,909.0,3073.219970703125,Churned,Dissatisfaction,Poor expertise of online support,1
74804-WES,Female,46,No,West Bengal,0,5,,Yes,No,Yes,Fiber Optic,No,No,No,No,No,No,No,No,Month-to-Month,Yes,Credit Card,69.5999984741211,207.39999389648438,0.0,20,86.91000366210938,314.30999755859375,Joined,,,1
74894-BIH,Female,44,Yes,Bihar,13,10,,Yes,Yes,Yes,Fiber Optic,No,Yes,Yes,No,Yes,Yes,Yes,Yes,Month-to-Month,Yes,Bank Withdrawal,103.94999694824219,7446.89990234375,0.0,0,2566.800048828125,10013.7001953125,Churned,Competitor,Competitor made better offer,1
74924-UTT,Male,73,No,Uttar Pradesh,10,7,Deal 5,Yes,No,Yes,Fiber Optic,No,No,Yes,No,Yes,Yes,No,Yes,Month-to-Month,Yes,Bank Withdrawal,92.0999984741211,729.9500122070312,0.0,0,343.44000244140625,1073.3900146484375,Churned,Competitor,Competitor had better devices,1
74978-MAH,Female,28,Yes,Maharashtra,1,21,,Yes,No,No,,,,,,,,,,Month-to-Month,No,Bank Withdrawal,19.75,19.75,0.0,0,30.3799991607666,50.130001068115234,Joined,,,1
74979-MAD,Female,49,Yes,Madhya Pradesh,10,14,Deal 5,No,,Yes,Cable,No,No,No,Yes,No,No,No,Yes,Month-to-Month,No,Bank Withdrawal,29.049999237060547,44.75,0.0,0,0.0,44.75,Joined,,,1
75000-BIH,Male,48,Yes,Bihar,6,11,Deal 5,Yes,No,Yes,Fiber Optic,No,No,No,No,Yes,Yes,Yes,Yes,Month-to-Month,Yes,Bank Withdrawal,89.55000305175781,185.5500030517578,0.0,0,17.719999313354492,203.27000427246094,Churned,Competitor,Competitor had better devices,1
75058-TEL,Female,59,No,Telangana,6,14,,Yes,No,Yes,DSL,No,No,Yes,Yes,Yes,Yes,Yes,Yes,One Year,No,Credit Card,74.0999984741211,74.0999984741211,0.0,0,36.04999923706055,110.1500015258789,Joined,,,1
75095-TAM,Female,68,No,Tamil Nadu,7,3,Deal 2,Yes,Yes,Yes,Fiber Optic,No,Yes,Yes,No,Yes,No,No,No,Month-to-Month,Yes,Bank Withdrawal,95.05000305175781,4888.7001953125,0.0,50,1578.0,6516.7001953125,Churned,Price,Price too high,1
75099-RAJ,Male,32,Yes,Rajasthan,14,28,Deal 2,Yes,No,Yes,Fiber Optic,Yes,Yes,No,Yes,Yes,Yes,Yes,Yes,One Year,Yes,Credit Card,105.4000015258789,5643.39990234375,0.0,0,2698.919921875,8342.3203125,Churned,Dissatisfaction,Product dissatisfaction,1
75124-MAH,Female,38,Yes,Maharashtra,6,12,,Yes,No,Yes,Fiber Optic,No,Yes,No,No,No,No,No,Yes,Month-to-Month,Yes,Bank Withdrawal,76.6500015258789,333.6000061035156,0.0,0,96.36000061035156,429.9599914550781,Churned,Other,Moved,1
75280-BIH,Male,44,Yes,Bihar,2,36,,Yes,No,Yes,DSL,No,No,Yes,No,Yes,Yes,Yes,No,One Year,Yes,Credit Card,70.0,347.3999938964844,0.0,10,226.25,583.6500244140625,Churned,Competitor,Competitor had better devices,1
75328-KER,Female,28,Yes,Kerala,13,30,Deal 5,No,,Yes,Cable,Yes,No,No,Yes,No,No,No,Yes,Month-to-Month,No,Mailed Check,34.25,139.35000610351562,0.0,0,0.0,139.35000610351562,Churned,Competitor,Competitor offered higher download speeds,1
75335-PUN,Male,38,No,Punjab,2,7,,Yes,No,Yes,DSL,No,No,No,No,No,No,No,No,Month-to-Month,Yes,Bank Withdrawal,44.54999923706055,480.6000061035156,18.209999084472656,0,61.91999816894531,524.3099975585938,Churned,Price,Extra data charges,1
75387-TAM,Female,54,No,Tamil Nadu,4,32,,Yes,Yes,Yes,Fiber Optic,No,No,No,No,Yes,Yes,Yes,Yes,Month-to-Month,Yes,Bank Withdrawal,96.0,174.8000030517578,0.0,0,96.68000030517578,271.4800109863281,Churned,Competitor,Competitor offered more data,1
75578-TAM,Female,42,Yes,Tamil Nadu,10,21,Deal 5,Yes,No,Yes,Cable,Yes,No,No,Yes,No,No,No,Yes,Month-to-Month,Yes,Mailed Check,55.099998474121094,154.64999389648438,0.0,0,78.12000274658203,232.77000427246094,Churned,Competitor,Competitor offered higher download speeds,1
75616-MAH,Female,76,No,Maharashtra,4,25,,Yes,Yes,Yes,Fiber Optic,No,No,No,No,No,No,No,Yes,Month-to-Month,No,Credit Card,73.75,545.1500244140625,0.0,0,226.8000030517578,771.9500122070312,Churned,Attitude,Attitude of support person,1
75671-PUD,Female,34,Yes,Puducherry,8,13,,Yes,No,Yes,Cable,No,No,No,No,No,No,No,Yes,Month-to-Month,Yes,Bank Withdrawal,45.400001525878906,80.94999694824219,0.0,0,21.6200008392334,102.56999969482422,Joined,,,1
75734-HAR,Male,29,Yes,Haryana,4,21,,Yes,Yes,Yes,Fiber Optic,No,No,No,No,No,No,No,Yes,Month-to-Month,Yes,Bank Withdrawal,74.5,74.5,0.0,0,13.609999656677246,88.11000061035156,Churned,Competitor,Competitor had better devices,1
75737-KAR,Female,70,Yes,Karnataka,1,18,,Yes,No,Yes,Fiber Optic,No,No,No,No,Yes,Yes,No,Yes,Month-to-Month,No,Credit Card,90.44999694824219,1266.0999755859375,0.0,0,158.33999633789062,1424.43994140625,Churned,Competitor,Competitor offered more data,1
75802-MAH,Female,61,No,Maharashtra,4,3,,Yes,No,No,,,,,,,,,,Month-to-Month,No,Credit Card,20.049999237060547,20.049999237060547,0.0,0,13.510000228881836,33.560001373291016,Joined,,,1
75858-HAR,Female,60,No,Haryana,10,31,,Yes,Yes,Yes,Fiber Optic,No,No,No,No,No,No,No,Yes,Month-to-Month,Yes,Bank Withdrawal,75.3499984741211,564.6500244140625,0.0,0,176.19000244140625,740.8400268554688,Stayed,Others,Others,1
75873-AND,Female,50,Yes,Andhra Pradesh,5,30,Deal 2,Yes,Yes,Yes,Fiber Optic,No,Yes,No,No,Yes,Yes,Yes,Yes,Month-to-Month,Yes,Bank Withdrawal,99.05000305175781,4853.75,14.239999771118164,0,1003.52001953125,5843.02978515625,Churned,Competitor,Competitor offered higher download speeds,1
75915-KER,Male,29,Yes,Kerala,3,5,Deal 5,Yes,No,Yes,Fiber Optic,No,No,No,No,No,No,No,Yes,Month-to-Month,Yes,Bank Withdrawal,70.30000305175781,70.30000305175781,0.0,0,5.670000076293945,75.97000122070312,Churned,Other,Don't know,1
75929-HAR,Female,23,Yes,Haryana,12,3,Deal 5,Yes,Yes,Yes,Fiber Optic,No,Yes,No,No,Yes,Yes,Yes,Yes,Month-to-Month,Yes,Bank Withdrawal,101.69999694824219,364.54998779296875,1.4800000190734863,0,104.63999938964844,467.7099914550781,Churned,Competitor,Competitor made better offer,1
76034-MAD,Male,71,Yes,Madhya Pradesh,2,3,,Yes,Yes,Yes,Fiber Optic,No,No,No,No,Yes,Yes,No,Yes,Month-to-Month,Yes,Bank Withdrawal,94.44999694824219,2653.64990234375,0.0,0,181.25,2834.89990234375,Churned,Competitor,Competitor had better devices,1
76097-RAJ,Female,33,Yes,Rajasthan,1,26,Deal 5,Yes,No,Yes,Cable,No,No,No,No,Yes,Yes,Yes,Yes,Month-to-Month,Yes,Bank Withdrawal,89.55000305175781,89.55000305175781,0.0,0,42.459999084472656,132.00999450683594,Churned,Competitor,Competitor had better devices,1
76101-JAM,Female,71,No,Jammu & Kashmir,11,31,,Yes,Yes,Yes,Fiber Optic,No,No,Yes,No,Yes,Yes,Yes,No,Month-to-Month,Yes,Bank Withdrawal,98.5,3004.14990234375,37.54999923706055,40,747.6199951171875,3754.219970703125,Churned,Attitude,Attitude of service provider,1
76134-HAR,Female,53,Yes,Haryana,7,23,,No,,Yes,DSL,No,No,Yes,No,No,No,No,No,Month-to-Month,No,Credit Card,30.100000381469727,1131.300048828125,0.0,150,0.0,1281.300048828125,Churned,Dissatisfaction,Network reliability,1
76221-UTT,Male,71,Yes,Uttar Pradesh,1,36,,Yes,Yes,Yes,Fiber Optic,No,Yes,Yes,No,Yes,Yes,No,Yes,Month-to-Month,Yes,Credit Card,102.94999694824219,2496.699951171875,0.0,0,77.5199966430664,2574.219970703125,Churned,Attitude,Attitude of support person,1
76248-MAH,Female,25,No,Maharashtra,15,14,Deal 5,Yes,Yes,Yes,Fiber Optic,Yes,No,No,No,No,No,No,Yes,Month-to-Month,Yes,Bank Withdrawal,80.0999984741211,336.1499938964844,0.0,0,176.63999938964844,512.7899780273438,Stayed,Others,Others,1
76281-TAM,Female,29,Yes,Tamil Nadu,10,31,,Yes,Yes,Yes,Fiber Optic,No,No,Yes,No,Yes,Yes,Yes,Yes,Month-to-Month,Yes,Bank Withdrawal,101.3499984741211,3334.89990234375,0.0,0,1328.9599609375,4663.85986328125,Stayed,Others,Others,1
76384-UTT,Female,59,Yes,Uttar Pradesh,6,6,Deal 5,Yes,No,Yes,Cable,Yes,Yes,No,No,No,No,No,No,Month-to-Month,No,Credit Card,55.900001525878906,365.3500061035156,0.0,30,87.05999755859375,482.4100036621094,Churned,Attitude,Attitude of service provider,1
76419-KAR,Male,46,Yes,Karnataka,14,28,,Yes,Yes,Yes,Fiber Optic,No,No,No,No,Yes,Yes,Yes,Yes,Month-to-Month,No,Bank Withdrawal,94.9000015258789,273.20001220703125,0.0,0,8.90999984741211,282.1099853515625,Joined,,,1
76432-GUJ,Female,60,No,Gujarat,12,3,Deal 5,No,,Yes,DSL,No,No,Yes,No,No,Yes,Yes,Yes,Month-to-Month,No,Bank Withdrawal,39.5,210.75,39.27000045776367,0,0.0,171.47999572753906,Churned,Competitor,Competitor offered higher download speeds,1
76490-BIH,Male,68,No,Bihar,3,32,Deal 3,Yes,Yes,Yes,Fiber Optic,No,No,Yes,No,Yes,Yes,No,Yes,Month-to-Month,Yes,Bank Withdrawal,103.94999694824219,2964.800048828125,0.0,0,1431.43994140625,4396.240234375,Stayed,Others,Others,1
76561-RAJ,Male,49,No,Rajasthan,7,18,Deal 5,Yes,No,Yes,Fiber Optic,No,No,No,No,No,No,No,Yes,Month-to-Month,No,Bank Withdrawal,69.6500015258789,145.14999389648438,0.0,0,15.279999732971191,160.42999267578125,Churned,Competitor,Competitor made better offer,1
76580-TAM,Female,29,Yes,Tamil Nadu,0,17,Deal 5,Yes,No,No,,,,,,,,,,Month-to-Month,No,Mailed Check,20.399999618530273,20.399999618530273,0.0,0,22.1200008392334,42.52000045776367,Churned,Price,Long distance charges,1
76680-UTT,Male,67,No,Uttar Pradesh,4,17,Deal 3,Yes,Yes,Yes,Fiber Optic,No,Yes,Yes,No,No,Yes,Yes,No,Month-to-Month,Yes,Bank Withdrawal,95.9000015258789,2745.199951171875,0.0,50,1026.02001953125,3821.219970703125,Churned,Price,Extra data charges,1
76732-DEL,Female,30,Yes,Delhi,0,18,,Yes,No,Yes,Fiber Optic,No,No,No,No,Yes,No,No,Yes,Month-to-Month,Yes,Bank Withdrawal,79.3499984741211,79.3499984741211,0.0,0,13.130000114440918,92.4800033569336,Churned,Competitor,Competitor had better devices,1
76733-ODI,Female,47,No,Odisha,8,30,Deal 3,Yes,Yes,Yes,Fiber Optic,No,No,Yes,No,Yes,Yes,Yes,Yes,Month-to-Month,Yes,Bank Withdrawal,100.25,3527.60009765625,0.0,0,367.1499938964844,3894.75,Churned,Competitor,Competitor offered higher download speeds,1
76820-ASS,Male,43,No,Assam,12,18,Deal 5,No,,Yes,DSL,No,No,Yes,No,Yes,Yes,Yes,Yes,Month-to-Month,Yes,Bank Withdrawal,50.349998474121094,50.349998474121094,0.0,0,0.0,50.349998474121094,Churned,Competitor,Competitor offered more data,1
76853-HAR,Female,60,No,Haryana,4,6,,Yes,Yes,Yes,Fiber Optic,No,No,No,Yes,Yes,No,No,Yes,Month-to-Month,Yes,Bank Withdrawal,91.6500015258789,1301.0,0.0,0,127.81999969482422,1428.8199462890625,Churned,Dissatisfaction,Network reliability,1
76974-UTT,Female,25,No,Uttar Pradesh,10,21,Deal 1,Yes,Yes,Yes,Fiber Optic,Yes,Yes,Yes,No,Yes,No,No,Yes,Month-to-Month,Yes,Credit Card,102.94999694824219,6886.25,0.0,0,2512.5,9398.75,Churned,Competitor,Competitor offered more data,1
76984-MAD,Female,49,Yes,Madhya Pradesh,15,22,Deal 4,Yes,Yes,Yes,Fiber Optic,No,Yes,No,No,Yes,Yes,Yes,Yes,Month-to-Month,Yes,Bank Withdrawal,99.94999694824219,1931.75,0.0,0,41.61000061035156,1973.3599853515625,Churned,Competitor,Competitor had better devices,1
76986-BIH,Female,59,Yes,Bihar,9,8,,No,,Yes,DSL,No,Yes,No,No,No,No,No,Yes,Month-to-Month,No,Bank Withdrawal,30.299999237060547,1380.0999755859375,0.0,0,0.0,1380.0999755859375,Churned,Dissatisfaction,Service dissatisfaction,1
77078-PUN,Male,27,Yes,Punjab,9,11,Deal 2,Yes,No,Yes,Cable,Yes,Yes,Yes,No,No,No,No,Yes,One Year,No,Credit Card,60.29999923706055,3563.800048828125,0.0,0,998.760009765625,4562.56005859375,Churned,Dissatisfaction,Network reliability,1
77099-KAR,Female,19,No,Karnataka,11,1,Deal 5,Yes,No,Yes,Cable,No,Yes,Yes,No,No,No,Yes,Yes,Month-to-Month,Yes,Mailed Check,56.150001525878906,168.14999389648438,0.0,0,87.87000274658203,256.0199890136719,Churned,Competitor,Competitor had better devices,1
77101-RAJ,Female,26,No,Rajasthan,4,33,,Yes,No,Yes,Fiber Optic,No,Yes,No,No,No,Yes,Yes,Yes,Month-to-Month,Yes,Credit Card,85.94999694824219,514.5999755859375,0.0,0,243.83999633789062,758.4400024414062,Stayed,Others,Others,1
77137-MAH,Male,52,No,Maharashtra,1,8,Deal 5,Yes,No,Yes,DSL,No,No,No,No,No,No,No,Yes,Month-to-Month,Yes,Mailed Check,45.54999923706055,45.54999923706055,0.0,0,16.34000015258789,61.88999938964844,Joined,,,1
77147-BIH,Female,50,No,Bihar,13,32,,Yes,No,Yes,Fiber Optic,No,No,Yes,No,Yes,Yes,Yes,Yes,One Year,Yes,Bank Withdrawal,93.80000305175781,3124.5,0.0,0,660.6599731445312,3785.159912109375,Churned,Attitude,Attitude of support person,1
77230-RAJ,Female,59,Yes,Rajasthan,5,4,,Yes,No,No,,,,,,,,,,Month-to-Month,Yes,Bank Withdrawal,19.649999618530273,31.200000762939453,0.0,0,15.600000381469727,46.79999923706055,Joined,,,1
77268-UTT,Female,58,No,Uttar Pradesh,1,35,,Yes,Yes,Yes,Fiber Optic,No,No,No,No,Yes,Yes,Yes,Yes,Month-to-Month,Yes,Bank Withdrawal,97.3499984741211,2119.5,0.0,0,190.25999450683594,2309.760009765625,Churned,Other,Moved,1
77270-MAD,Female,63,No,Madhya Pradesh,0,10,,Yes,Yes,Yes,Fiber Optic,Yes,Yes,Yes,No,Yes,Yes,Yes,Yes,One Year,Yes,Bank Withdrawal,110.0,4874.7998046875,0.0,0,109.0199966430664,4983.81982421875,Churned,Competitor,Competitor made better offer,1
77286-PUN,Male,29,No,Punjab,7,8,Deal 5,Yes,Yes,Yes,Fiber Optic,No,No,No,No,Yes,No,No,Yes,Month-to-Month,Yes,Bank Withdrawal,85.3499984741211,758.5999755859375,0.0,0,442.260009765625,1200.8599853515625,Churned,Competitor,Competitor offered higher download speeds,1
77311-KER,Male,31,No,Kerala,13,26,,No,,Yes,DSL,No,Yes,No,No,Yes,Yes,Yes,Yes,Month-to-Month,Yes,Bank Withdrawal,48.54999923706055,201.0,0.0,0,0.0,201.0,Churned,Price,Long distance charges,1
77311-MAD,Male,47,Yes,Madhya Pradesh,9,19,Deal 5,Yes,No,No,,,,,,,,,,Month-to-Month,No,Credit Card,20.25,20.25,0.0,0,40.459999084472656,60.709999084472656,Joined,,,1
77336-UTT,Female,37,Yes,Uttar Pradesh,4,10,Deal 5,Yes,No,Yes,Fiber Optic,No,No,No,No,Yes,Yes,Yes,Yes,Month-to-Month,No,Bank Withdrawal,90.5999984741211,90.5999984741211,0.0,0,31.68000030517578,122.27999877929688,Churned,Competitor,Competitor offered higher download speeds,1
77392-KAR,Female,74,Yes,Karnataka,3,11,,No,,Yes,DSL,No,No,No,No,Yes,Yes,No,Yes,One Year,Yes,Bank Withdrawal,45.25,3264.449951171875,0.0,0,0.0,3264.449951171875,Churned,Attitude,Attitude of service provider,1
77448-KER,Male,47,Yes,Kerala,10,24,Deal 4,Yes,No,Yes,Cable,No,No,Yes,No,No,No,No,Yes,Month-to-Month,No,Bank Withdrawal,75.3499984741211,1025.949951171875,0.0,0,262.3599853515625,1288.31005859375,Churned,Attitude,Attitude of service provider,1
77491-JAM,Female,27,Yes,Jammu & Kashmir,7,13,,Yes,No,Yes,Cable,No,No,No,No,No,No,Yes,Yes,Month-to-Month,Yes,Mailed Check,45.29999923706055,45.29999923706055,0.0,0,39.939998626708984,85.23999786376953,Churned,Competitor,Competitor made better offer,1
77494-KAR,Female,27,Yes,Karnataka,13,3,Deal 1,Yes,Yes,Yes,Fiber Optic,Yes,No,Yes,Yes,Yes,Yes,Yes,Yes,Two Year,Yes,Bank Withdrawal,108.05000305175781,7532.14990234375,0.0,0,3508.820068359375,11040.9697265625,Churned,Competitor,Competitor had better devices,1
77633-JAM,Female,67,No,Jammu & Kashmir,9,7,,Yes,Yes,Yes,Fiber Optic,No,Yes,No,Yes,Yes,No,No,Yes,Month-to-Month,Yes,Credit Card,94.0999984741211,2804.449951171875,0.0,0,210.3000030517578,3014.75,Churned,Competitor,Competitor made better offer,1
77658-AND,Male,44,No,Andhra Pradesh,0,4,Deal 5,No,,Yes,DSL,No,No,No,No,No,No,No,Yes,Month-to-Month,Yes,Bank Withdrawal,24.399999618530273,24.399999618530273,0.0,0,0.0,24.399999618530273,Joined,,,1
77678-JHA,Female,41,Yes,Jharkhand,1,29,,Yes,No,Yes,DSL,Yes,No,No,No,No,No,No,Yes,Month-to-Month,No,Bank Withdrawal,49.54999923706055,49.54999923706055,0.0,0,10.829999923706055,60.380001068115234,Joined,,,1
77688-TAM,Male,35,No,Tamil Nadu,4,13,,Yes,No,Yes,DSL,No,No,No,Yes,No,No,No,Yes,Month-to-Month,No,Credit Card,49.0,49.0,0.0,0,49.189998626708984,98.19000244140625,Joined,,,1
77703-AND,Male,41,Yes,Andhra Pradesh,15,29,Deal 5,Yes,No,Yes,Fiber Optic,No,No,No,Yes,Yes,No,No,Yes,Month-to-Month,Yes,Bank Withdrawal,85.75,470.95001220703125,44.15999984741211,0,5.599999904632568,432.3900146484375,Churned,Attitude,Attitude of support person,1
77827-MAD,Female,72,Yes,Madhya Pradesh,13,9,,Yes,Yes,Yes,Fiber Optic,Yes,No,No,No,Yes,Yes,No,Yes,Month-to-Month,No,Bank Withdrawal,101.8499984741211,4086.300048828125,0.0,0,114.0,4200.2998046875,Churned,Other,Don't know,1
77854-UTT,Female,23,No,Uttar Pradesh,13,6,Deal 2,Yes,No,No,,,,,,,,,,One Year,No,Bank Withdrawal,20.799999237060547,1021.7999877929688,0.0,0,2006.050048828125,3027.85009765625,Churned,Price,Price too high,1
77868-JAM,Male,35,No,Jammu & Kashmir,1,15,,No,,Yes,DSL,No,No,No,No,No,No,No,Yes,Month-to-Month,No,Mailed Check,25.5,215.1999969482422,0.0,0,0.0,215.1999969482422,Churned,Attitude,Attitude of support person,1
77892-RAJ,Female,51,Yes,Rajasthan,14,17,Deal 3,Yes,Yes,Yes,DSL,Yes,Yes,No,Yes,No,No,No,Yes,One Year,Yes,Mailed Check,64.4000015258789,2088.75,0.0,0,1169.93994140625,3258.68994140625,Churned,Attitude,Attitude of support person,1
77983-TAM,Female,35,Yes,Tamil Nadu,9,35,,Yes,No,Yes,Fiber Optic,No,No,No,No,No,No,No,Yes,Month-to-Month,Yes,Mailed Check,70.1500015258789,70.1500015258789,0.0,0,2.240000009536743,72.38999938964844,Churned,Competitor,Competitor offered higher download speeds,1
78010-DEL,Female,71,Yes,Delhi,3,30,Deal 3,Yes,Yes,Yes,Fiber Optic,No,No,No,No,Yes,Yes,No,No,Month-to-Month,Yes,Bank Withdrawal,95.44999694824219,3474.050048828125,0.0,80,1228.5,4782.5498046875,Churned,Other,Don't know,1
78013-UTT,Female,36,No,Uttar Pradesh,11,6,,Yes,Yes,Yes,Fiber Optic,No,Yes,No,No,Yes,Yes,Yes,Yes,Month-to-Month,Yes,Bank Withdrawal,100.5999984741211,5611.7001953125,0.0,0,1845.0899658203125,7456.7900390625,Stayed,Others,Others,1
78021-UTT,Female,45,Yes,Uttar Pradesh,12,35,Deal 5,Yes,Yes,No,,,,,,,,,,Month-to-Month,Yes,Credit Card,25.0,25.0,0.0,0,3.390000104904175,28.389999389648438,Joined,,,1
78049-UTT,Male,71,No,Uttar Pradesh,0,34,,Yes,Yes,Yes,Fiber Optic,No,No,No,No,No,No,No,Yes,Month-to-Month,Yes,Bank Withdrawal,74.69999694824219,74.69999694824219,0.0,0,11.34000015258789,86.04000091552734,Churned,Competitor,Competitor had better devices,1
78085-JHA,Female,47,No,Jharkhand,3,33,,Yes,Yes,Yes,Fiber Optic,No,Yes,No,No,No,No,No,Yes,Month-to-Month,Yes,Bank Withdrawal,79.3499984741211,1730.3499755859375,0.0,0,422.17999267578125,2152.530029296875,Churned,Dissatisfaction,Product dissatisfaction,1
78085-ODI,Male,28,No,Odisha,2,36,Deal 5,Yes,No,Yes,Fiber Optic,No,No,No,No,No,Yes,Yes,Yes,Month-to-Month,No,Bank Withdrawal,80.55000305175781,184.10000610351562,0.0,0,67.77999877929688,251.8800048828125,Churned,Attitude,Attitude of support person,1
78100-KAR,Female,57,No,Karnataka,12,31,Deal 5,Yes,No,Yes,DSL,No,No,No,No,No,No,No,Yes,Month-to-Month,Yes,Bank Withdrawal,45.150001525878906,98.5,0.0,0,12.9399995803833,111.44000244140625,Churned,Competitor,Competitor offered higher download speeds,1
78104-JHA,Female,61,Yes,Jharkhand,11,9,Deal 4,Yes,Yes,Yes,Fiber Optic,No,Yes,No,No,No,No,No,Yes,Month-to-Month,Yes,Bank Withdrawal,78.94999694824219,1101.8499755859375,0.0,0,229.0399932861328,1330.8900146484375,Churned,Competitor,Competitor made better offer,1
78104-TAM,Female,44,Yes,Tamil Nadu,1,20,Deal 3,Yes,Yes,Yes,Fiber Optic,No,No,Yes,No,Yes,Yes,Yes,Yes,Month-to-Month,Yes,Credit Card,98.5999984741211,2933.199951171875,0.0,0,804.75,3737.949951171875,Churned,Competitor,Competitor had better devices,1
78121-MAH,Male,33,Yes,Maharashtra,0,17,Deal 5,Yes,No,No,,,,,,,,,,Month-to-Month,No,Credit Card,21.049999237060547,113.8499984741211,0.0,0,171.3000030517578,285.1499938964844,Churned,Attitude,Attitude of support person,1
78129-DEL,Female,28,No,Delhi,13,32,,Yes,No,Yes,Fiber Optic,No,No,Yes,No,No,No,Yes,Yes,Month-to-Month,Yes,Bank Withdrawal,-1.0,325.45001220703125,0.0,0,193.9199981689453,519.3699951171875,Churned,Dissatisfaction,Service dissatisfaction,1
78220-TAM,Female,21,Yes,Tamil Nadu,14,10,,Yes,No,Yes,Fiber Optic,No,No,Yes,Yes,Yes,No,Yes,Yes,Month-to-Month,Yes,Credit Card,89.8499984741211,244.4499969482422,0.0,0,75.30000305175781,319.75,Joined,,,1
78228-KER,Female,58,Yes,Kerala,3,8,Deal 5,Yes,No,Yes,Fiber Optic,No,No,No,No,No,No,No,Yes,Month-to-Month,No,Credit Card,69.55000305175781,69.55000305175781,0.0,0,29.780000686645508,99.33000183105469,Churned,Competitor,Competitor had better devices,1
78253-GUJ,Male,63,No,Gujarat,13,30,,Yes,No,Yes,Fiber Optic,No,Yes,No,No,No,Yes,Yes,Yes,Month-to-Month,Yes,Bank Withdrawal,85.0,85.0,0.0,0,15.199999809265137,100.19999694824219,Joined,,,1
78274-PUD,Female,36,Yes,Puducherry,8,16,,Yes,Yes,Yes,Fiber Optic,Yes,Yes,No,No,Yes,No,No,Yes,Month-to-Month,Yes,Bank Withdrawal,96.75,5238.89990234375,0.0,0,2698.300048828125,7937.2001953125,Churned,Price,Long distance charges,1
78283-WES,Female,56,No,West Bengal,12,16,Deal 5,Yes,No,Yes,DSL,No,Yes,No,No,Yes,Yes,Yes,Yes,Month-to-Month,Yes,Bank Withdrawal,68.6500015258789,261.25,0.0,0,42.560001373291016,303.80999755859375,Churned,Dissatisfaction,Poor expertise of online support,1
78290-RAJ,Male,27,No,Rajasthan,1,10,Deal 3,Yes,No,Yes,Fiber Optic,No,Yes,No,No,Yes,No,No,Yes,Month-to-Month,Yes,Credit Card,86.30000305175781,3266.0,0.0,0,1569.75,4835.75,Churned,Competitor,Competitor had better devices,1
78303-AND,Female,35,No,Andhra Pradesh,13,35,,Yes,Yes,Yes,Fiber Optic,No,No,Yes,Yes,Yes,Yes,Yes,Yes,Two Year,Yes,Bank Withdrawal,106.5999984741211,6428.39990234375,0.0,0,2515.030029296875,8943.4296875,Churned,Competitor,Competitor offered more data,1
78319-TEL,Male,71,Yes,Telangana,8,9,Deal 4,Yes,Yes,Yes,Fiber Optic,No,No,No,No,No,No,No,Yes,Month-to-Month,Yes,Mailed Check,74.44999694824219,1145.699951171875,0.0,0,661.0499877929688,1806.75,Churned,Dissatisfaction,Limited range of services,1
78323-KER,Male,34,No,Kerala,1,12,Deal 4,Yes,No,Yes,Fiber Optic,Yes,No,No,No,No,No,No,Yes,Month-to-Month,Yes,Bank Withdrawal,73.19999694824219,1441.0999755859375,0.0,0,489.25,1930.3499755859375,Churned,Attitude,Attitude of support person,1
78333-HAR,Female,76,No,Haryana,11,11,,No,,Yes,DSL,No,No,Yes,No,No,Yes,No,No,Month-to-Month,Yes,Bank Withdrawal,39.650001525878906,39.650001525878906,0.0,20,0.0,59.650001525878906,Churned,Competitor,Competitor offered more data,1
78381-PUN,Female,26,No,Punjab,5,3,Deal 2,Yes,Yes,Yes,Fiber Optic,No,Yes,No,No,Yes,Yes,Yes,Yes,One Year,No,Bank Withdrawal,99.9000015258789,6137.0,0.0,0,527.9400024414062,6664.93994140625,Churned,Price,Long distance charges,1
78396-MAD,Female,50,Yes,Madhya Pradesh,11,16,Deal 4,Yes,Yes,Yes,Fiber Optic,No,No,No,No,Yes,Yes,Yes,Yes,Month-to-Month,Yes,Bank Withdrawal,94.69999694824219,1687.949951171875,0.0,0,566.8200073242188,2254.77001953125,Churned,Price,Long distance charges,1
78412-UTT,Female,57,No,Uttar Pradesh,8,12,Deal 5,Yes,No,Yes,Fiber Optic,No,No,No,No,No,No,No,Yes,Month-to-Month,Yes,Bank Withdrawal,69.6500015258789,69.6500015258789,0.0,0,49.2400016784668,118.88999938964844,Churned,Competitor,Competitor offered higher download speeds,1
78483-JAM,Male,67,No,Jammu & Kashmir,8,7,Deal 1,Yes,Yes,Yes,DSL,No,Yes,Yes,Yes,No,Yes,Yes,No,One Year,Yes,Bank Withdrawal,75.80000305175781,5293.9501953125,0.0,90,1984.239990234375,7368.18994140625,Churned,Competitor,Competitor made better offer,1
78566-JAM,Female,54,Yes,Jammu & Kashmir,15,28,Deal 5,Yes,No,No,,,,,,,,,,Month-to-Month,Yes,Credit Card,19.899999618530273,19.899999618530273,0.0,0,36.630001068115234,56.529998779296875,Churned,Competitor,Competitor made better offer,1
78590-WES,Female,75,No,West Bengal,8,20,Deal 2,Yes,Yes,Yes,Fiber Optic,Yes,No,Yes,No,No,No,No,Yes,Month-to-Month,Yes,Bank Withdrawal,83.75,3273.550048828125,0.0,0,1879.43994140625,5152.990234375,Churned,Competitor,Competitor offered more data,1
78614-UTT,Male,59,No,Uttar Pradesh,9,3,,No,,Yes,DSL,No,Yes,No,No,No,No,No,Yes,Month-to-Month,Yes,Credit Card,29.25,226.9499969482422,0.0,0,0.0,226.9499969482422,Stayed,Others,Others,1
78682-KER,Female,65,Yes,Kerala,14,25,,Yes,Yes,Yes,Fiber Optic,No,No,No,No,No,No,No,Yes,Month-to-Month,Yes,Bank Withdrawal,74.94999694824219,2869.85009765625,0.0,0,599.6400146484375,3469.489990234375,Churned,Dissatisfaction,Product dissatisfaction,1
78753-JAM,Female,20,Yes,Jammu & Kashmir,1,8,,Yes,Yes,Yes,Fiber Optic,No,Yes,No,No,Yes,Yes,Yes,No,One Year,Yes,Bank Withdrawal,98.25,5508.35009765625,0.0,150,1072.9599609375,6731.31005859375,Churned,Competitor,Competitor made better offer,1
78790-WES,Female,32,Yes,West Bengal,13,36,,No,,Yes,DSL,No,No,No,Yes,No,No,No,Yes,Month-to-Month,No,Credit Card,28.600000381469727,973.5499877929688,0.0,0,0.0,973.5499877929688,Churned,Other,Don't know,1
78859-MAH,Male,48,Yes,Maharashtra,12,9,,Yes,Yes,Yes,Fiber Optic,Yes,Yes,No,No,No,Yes,Yes,Yes,Month-to-Month,Yes,Credit Card,94.5,2659.39990234375,0.0,0,994.5599975585938,3653.9599609375,Churned,Dissatisfaction,Service dissatisfaction,1
78885-TAM,Female,43,No,Tamil Nadu,2,5,Deal 5,Yes,No,No,,,,,,,,,,Month-to-Month,No,Credit Card,19.5,19.5,0.0,0,20.110000610351562,39.61000061035156,Joined,,,1
78909-TAM,Female,74,No,Tamil Nadu,5,30,Deal 2,Yes,Yes,Yes,Fiber Optic,No,Yes,Yes,No,Yes,Yes,No,Yes,Month-to-Month,Yes,Bank Withdrawal,103.0,4414.2998046875,0.0,0,749.489990234375,5163.7900390625,Churned,Competitor,Competitor had better devices,1
78918-BIH,Female,59,No,Bihar,12,11,Deal 5,Yes,No,Yes,Fiber Optic,Yes,No,No,No,No,Yes,Yes,Yes,Month-to-Month,Yes,Credit Card,86.05000305175781,244.85000610351562,0.0,0,54.779998779296875,299.6300048828125,Joined,,,1
78937-TAM,Male,41,Yes,Tamil Nadu,12,27,,Yes,No,Yes,Fiber Optic,No,No,No,No,No,No,No,Yes,Month-to-Month,Yes,Bank Withdrawal,69.75,2347.89990234375,19.670000076293945,0,191.67999267578125,2519.909912109375,Churned,Other,Don't know,1
78978-UTT,Male,54,No,Uttar Pradesh,0,13,Deal 5,Yes,No,No,,,,,,,,,,Month-to-Month,No,Credit Card,19.299999237060547,19.299999237060547,0.0,0,16.360000610351562,35.65999984741211,Joined,,,1
79008-GUJ,Female,71,No,Gujarat,1,20,,Yes,Yes,Yes,Fiber Optic,No,Yes,Yes,No,Yes,Yes,No,Yes,One Year,Yes,Bank Withdrawal,106.25,6979.7998046875,0.0,0,1214.8499755859375,8194.650390625,Churned,Competitor,Competitor made better offer,1
79020-KAR,Female,29,No,Karnataka,15,29,,Yes,Yes,Yes,Fiber Optic,No,No,No,Yes,No,No,Yes,Yes,Month-to-Month,No,Credit Card,80.80000305175781,332.45001220703125,0.0,0,169.32000732421875,501.7699890136719,Churned,Competitor,Competitor offered higher download speeds,1
79111-MAD,Female,71,Yes,Madhya Pradesh,10,7,Deal 3,Yes,Yes,Yes,Fiber Optic,No,No,No,No,Yes,No,No,Yes,Month-to-Month,Yes,Bank Withdrawal,85.69999694824219,3171.14990234375,0.0,0,1724.5699462890625,4895.72021484375,Churned,Competitor,Competitor offered higher download speeds,1
79166-JAM,Female,63,No,Jammu & Kashmir,14,33,Deal 5,Yes,No,Yes,Fiber Optic,No,No,No,No,Yes,No,No,No,Month-to-Month,Yes,Credit Card,81.0,389.6000061035156,0.0,10,101.0,500.6000061035156,Churned,Competitor,Competitor made better offer,1
79168-UTT,Female,78,No,Uttar Pradesh,2,10,Deal 5,Yes,No,Yes,Cable,No,No,No,No,No,No,No,Yes,One Year,Yes,Bank Withdrawal,44.29999923706055,89.30000305175781,0.0,0,47.81999969482422,137.1199951171875,Joined,,,1
79206-UTT,Female,35,No,Uttar Pradesh,13,2,Deal 5,Yes,Yes,No,,,,,,,,,,Month-to-Month,Yes,Bank Withdrawal,25.899999618530273,135.0,0.0,0,200.25,335.25,Churned,Other,Moved,1
79233-TAM,Male,39,Yes,Tamil Nadu,3,27,Deal 5,Yes,No,No,,,,,,,,,,Month-to-Month,Yes,Credit Card,20.549999237060547,51.150001525878906,0.0,0,112.83000183105469,163.97999572753906,Churned,Attitude,Attitude of support person,1
79282-TAM,Female,58,No,Tamil Nadu,0,17,,Yes,No,No,,,,,,,,,,Month-to-Month,No,Credit Card,-10.0,19.5,0.0,0,32.45000076293945,51.95000076293945,Churned,Attitude,Attitude of support person,1
79335-MAD,Female,40,Yes,Madhya Pradesh,0,33,,Yes,Yes,Yes,Cable,Yes,Yes,Yes,Yes,No,Yes,Yes,Yes,Month-to-Month,No,Credit Card,79.9000015258789,3326.199951171875,0.0,0,1855.6600341796875,5181.85986328125,Churned,Price,Price too high,1
79342-KAR,Female,39,Yes,Karnataka,5,22,,Yes,No,Yes,DSL,Yes,No,No,Yes,Yes,No,No,Yes,Month-to-Month,Yes,Credit Card,64.4000015258789,195.64999389648438,0.0,0,114.1500015258789,309.79998779296875,Joined,,,1
79397-HAR,Female,83,No,Haryana,5,8,Deal 2,Yes,Yes,Yes,Fiber Optic,Yes,No,Yes,No,Yes,No,No,Yes,Month-to-Month,Yes,Bank Withdrawal,93.80000305175781,4750.9501953125,0.0,0,1129.1400146484375,5880.08984375,Churned,Dissatisfaction,Limited range of services,1
79427-KAR,Male,67,Yes,Karnataka,12,21,Deal 5,Yes,No,Yes,Fiber Optic,No,No,No,No,No,No,No,Yes,Month-to-Month,No,Bank Withdrawal,70.0999984741211,141.64999389648438,0.0,0,69.9800033569336,211.6300048828125,Joined,,,1
79433-KAR,Female,51,No,Karnataka,13,23,Deal 5,Yes,No,Yes,Fiber Optic,No,No,No,No,Yes,No,No,Yes,Month-to-Month,Yes,Mailed Check,79.6500015258789,152.6999969482422,0.0,0,58.08000183105469,210.77999877929688,Churned,Price,Lack of affordable download/upload speed,1
79605-BIH,Female,36,No,Bihar,7,20,Deal 5,Yes,No,Yes,Cable,Yes,No,No,Yes,No,No,No,No,Month-to-Month,No,Credit Card,53.849998474121094,259.79998779296875,22.959999084472656,10,121.5999984741211,368.44000244140625,Churned,Competitor,Competitor offered higher download speeds,1
79608-GUJ,Female,49,Yes,Gujarat,6,21,,Yes,No,Yes,Fiber Optic,No,No,Yes,Yes,No,Yes,Yes,Yes,Month-to-Month,No,Credit Card,90.0,190.0500030517578,0.0,0,93.83999633789062,283.8900146484375,Churned,Competitor,Competitor made better offer,1
79611-HAR,Male,61,Yes,Haryana,0,18,,Yes,Yes,Yes,Fiber Optic,No,No,No,No,Yes,Yes,Yes,Yes,Month-to-Month,Yes,Bank Withdrawal,95.69999694824219,4816.7001953125,0.0,0,946.0,5762.7001953125,Churned,Dissatisfaction,Network reliability,1
79616-WES,Female,51,Yes,West Bengal,11,8,,Yes,Yes,Yes,Fiber Optic,Yes,No,Yes,Yes,Yes,Yes,Yes,Yes,Two Year,No,Bank Withdrawal,108.6500015258789,6937.9501953125,0.0,0,2722.199951171875,9660.150390625,Churned,Attitude,Attitude of support person,1
79624-JAM,Female,38,No,Jammu & Kashmir,11,13,,Yes,No,Yes,Fiber Optic,No,No,No,No,Yes,No,No,Yes,Month-to-Month,Yes,Bank Withdrawal,81.0999984741211,576.6500244140625,0.0,0,81.05999755859375,657.7100219726562,Churned,Competitor,Competitor made better offer,1
79637-TAM,Female,60,No,Tamil Nadu,9,18,,Yes,No,Yes,Cable,No,No,Yes,No,No,No,No,Yes,Month-to-Month,No,Bank Withdrawal,76.3499984741211,76.3499984741211,0.0,0,7.260000228881836,83.61000061035156,Churned,Attitude,Attitude of support person,1
79700-KER,Female,53,No,Kerala,5,30,,Yes,Yes,Yes,Fiber Optic,No,Yes,Yes,No,Yes,Yes,Yes,Yes,Month-to-Month,No,Mailed Check,107.94999694824219,313.6000061035156,0.0,0,142.5,456.1000061035156,Joined,,,1
79777-MAH,Male,77,Yes,Maharashtra,13,33,,Yes,Yes,Yes,Fiber Optic,No,No,No,No,No,No,No,Yes,Month-to-Month,Yes,Mailed Check,72.5999984741211,154.3000030517578,0.0,0,30.3799991607666,184.67999267578125,Joined,,,1
79822-JAM,Male,41,Yes,Jammu & Kashmir,12,28,,Yes,Yes,Yes,Cable,No,No,No,No,No,Yes,Yes,Yes,Month-to-Month,No,Bank Withdrawal,62.04999923706055,118.30000305175781,0.0,0,74.58000183105469,192.8800048828125,Churned,Competitor,Competitor made better offer,1
79905-UTT,Female,24,No,Uttar Pradesh,0,12,,Yes,No,No,,,,,,,,,,Month-to-Month,No,Credit Card,20.450000762939453,20.450000762939453,0.0,0,30.09000015258789,50.540000915527344,Joined,,,1
79910-TAM,Female,42,No,Tamil Nadu,6,33,,Yes,Yes,Yes,Fiber Optic,No,No,No,No,No,No,No,No,Month-to-Month,Yes,Bank Withdrawal,76.94999694824219,228.39999389648438,0.0,10,115.13999938964844,353.5400085449219,Churned,Competitor,Competitor made better offer,1
79966-ODI,Male,37,Yes,Odisha,7,7,,Yes,No,Yes,Fiber Optic,No,No,No,No,Yes,No,No,Yes,Month-to-Month,Yes,Bank Withdrawal,79.94999694824219,857.2000122070312,0.0,0,113.0,970.2000122070312,Churned,Competitor,Competitor had better devices,1
79970-AND,Female,33,No,Andhra Pradesh,15,6,,Yes,Yes,Yes,Fiber Optic,No,No,Yes,No,Yes,Yes,Yes,Yes,Month-to-Month,Yes,Credit Card,102.25,1359.0,0.0,0,397.1499938964844,1756.1500244140625,Churned,Competitor,Competitor had better devices,1
79971-GUJ,Male,65,Yes,Gujarat,1,17,Deal 5,Yes,No,Yes,Fiber Optic,No,No,No,Yes,No,Yes,Yes,Yes,Month-to-Month,Yes,Credit Card,85.4000015258789,425.8999938964844,0.0,0,217.5500030517578,643.4500122070312,Churned,Price,Long distance charges,1
81048-UTT,Female,78,No,Uttarakhand,11,2,Deal 5,Yes,No,Yes,Fiber Optic,No,No,Yes,No,No,No,No,No,Month-to-Month,Yes,Bank Withdrawal,75.30000305175781,75.30000305175781,0.0,20,35.09000015258789,130.38999938964844,Churned,Dissatisfaction,Network reliability,1
81081-AND,Female,72,No,Andhra Pradesh,12,16,,Yes,Yes,Yes,Fiber Optic,No,Yes,No,No,Yes,Yes,No,Yes,Month-to-Month,Yes,Bank Withdrawal,100.19999694824219,1369.800048828125,0.0,0,658.1400146484375,2027.93994140625,Churned,Dissatisfaction,Service dissatisfaction,1
81098-GUJ,Male,31,Yes,Gujarat,13,11,,Yes,No,Yes,DSL,Yes,No,No,No,No,No,No,Yes,Month-to-Month,No,Credit Card,51.25,51.25,0.0,0,39.29999923706055,90.55000305175781,Joined,,,1
81118-MAD,Female,31,No,Madhya Pradesh,1,13,,Yes,No,Yes,Cable,No,No,No,No,No,No,No,Yes,Month-to-Month,Yes,Credit Card,45.79999923706055,45.79999923706055,0.0,0,13.619999885559082,59.41999816894531,Joined,,,1
81164-JAM,Male,82,Yes,Jammu & Kashmir,4,17,,No,,Yes,DSL,No,No,No,No,No,No,No,Yes,Month-to-Month,Yes,Bank Withdrawal,24.799999237060547,24.799999237060547,0.0,0,0.0,24.799999237060547,Churned,Competitor,Competitor made better offer,1
81169-TEL,Female,62,Yes,Telangana,4,2,,Yes,No,No,,,,,,,,,,Month-to-Month,No,Bank Withdrawal,18.850000381469727,18.850000381469727,0.0,0,7.800000190734863,26.649999618530273,Joined,,,1
81184-BIH,Male,60,No,Bihar,9,36,Deal 3,Yes,No,Yes,Fiber Optic,No,No,No,No,No,Yes,Yes,Yes,Month-to-Month,Yes,Bank Withdrawal,81.05000305175781,2227.10009765625,0.0,0,471.79998779296875,2698.89990234375,Churned,Competitor,Competitor had better devices,1
81235-JHA,Female,42,Yes,Jharkhand,9,32,Deal 5,Yes,No,Yes,DSL,No,No,No,No,No,No,No,Yes,Month-to-Month,Yes,Credit Card,44.900001525878906,44.900001525878906,0.0,0,15.760000228881836,60.65999984741211,Joined,,,1
81324-PUN,Female,49,No,Punjab,4,3,Deal 3,Yes,No,Yes,Fiber Optic,No,No,No,Yes,Yes,No,No,Yes,Month-to-Month,No,Bank Withdrawal,85.1500015258789,2555.89990234375,0.0,0,280.20001220703125,2836.10009765625,Churned,Attitude,Attitude of support person,1
81360-ODI,Male,34,Yes,Odisha,0,6,,Yes,No,Yes,Cable,No,No,No,No,No,No,No,Yes,Month-to-Month,Yes,Credit Card,45.400001525878906,45.400001525878906,0.0,0,38.310001373291016,83.70999908447266,Churned,Dissatisfaction,Network reliability,1
81396-JHA,Male,25,Yes,Jharkhand,7,18,,Yes,Yes,Yes,Fiber Optic,No,Yes,Yes,No,No,No,Yes,Yes,Month-to-Month,Yes,Bank Withdrawal,84.5,916.9000244140625,0.0,0,487.55999755859375,1404.4599609375,Churned,Competitor,Competitor had better devices,1
81451-JAM,Female,71,Yes,Jammu & Kashmir,12,4,,No,,Yes,Cable,No,No,No,Yes,No,No,No,No,Month-to-Month,Yes,Bank Withdrawal,29.649999618530273,291.3999938964844,0.0,110,0.0,401.3999938964844,Churned,Other,Don't know,1
81484-TAM,Female,43,No,Tamil Nadu,10,22,,Yes,No,Yes,Fiber Optic,No,Yes,No,Yes,Yes,Yes,Yes,Yes,Month-to-Month,No,Bank Withdrawal,100.55000305175781,4398.14990234375,0.0,0,1888.47998046875,6286.6298828125,Churned,Dissatisfaction,Network reliability,1
81485-ODI,Female,61,Yes,Odisha,8,26,Deal 4,Yes,No,Yes,Fiber Optic,No,No,No,No,Yes,Yes,Yes,Yes,Month-to-Month,Yes,Credit Card,89.80000305175781,1129.0999755859375,0.0,0,144.1999969482422,1273.300048828125,Churned,Attitude,Attitude of support person,1
81488-UTT,Female,77,Yes,Uttar Pradesh,10,7,,Yes,No,Yes,Fiber Optic,No,Yes,No,No,No,Yes,No,Yes,Month-to-Month,Yes,Bank Withdrawal,84.19999694824219,519.1500244140625,0.0,0,242.63999938964844,761.7899780273438,Churned,Dissatisfaction,Limited range of services,1
81609-DEL,Female,39,No,Delhi,1,30,,Yes,Yes,Yes,Fiber Optic,No,No,Yes,No,No,No,No,Yes,Month-to-Month,Yes,Bank Withdrawal,77.75,4458.14990234375,0.0,0,1067.550048828125,5525.7001953125,Churned,Competitor,Competitor made better offer,1
81650-UTT,Male,46,No,Uttar Pradesh,5,22,Deal 5,Yes,Yes,Yes,Fiber Optic,No,Yes,Yes,No,Yes,Yes,Yes,Yes,Month-to-Month,Yes,Bank Withdrawal,105.3499984741211,323.25,0.0,0,41.4900016784668,364.739990234375,Churned,Dissatisfaction,Poor expertise of online support,1
81710-TAM,Male,73,No,Tamil Nadu,7,2,,Yes,Yes,Yes,Fiber Optic,No,No,Yes,No,Yes,Yes,No,Yes,Month-to-Month,No,Bank Withdrawal,101.3499984741211,780.5,0.0,0,351.8399963378906,1132.3399658203125,Churned,Attitude,Attitude of support person,1
81763-DEL,Male,36,Yes,Delhi,7,7,,Yes,No,Yes,Fiber Optic,Yes,No,Yes,No,No,No,No,Yes,Month-to-Month,Yes,Bank Withdrawal,80.44999694824219,137.10000610351562,0.0,0,70.81999969482422,207.9199981689453,Joined,,,1
81769-GUJ,Female,71,Yes,Gujarat,4,31,,Yes,Yes,Yes,Fiber Optic,Yes,Yes,Yes,No,Yes,Yes,Yes,Yes,Month-to-Month,Yes,Bank Withdrawal,113.19999694824219,4689.5,0.0,0,1145.949951171875,5835.4501953125,Churned,Attitude,Attitude of support person,1
81940-MAH,Female,63,No,Maharashtra,9,5,,Yes,Yes,Yes,Fiber Optic,Yes,No,No,No,Yes,No,No,Yes,Month-to-Month,Yes,Bank Withdrawal,90.05000305175781,2169.800048828125,27.3799991607666,0,81.6500015258789,2224.070068359375,Churned,Competitor,Competitor offered higher download speeds,1
81952-MAH,Female,41,No,Maharashtra,0,36,,No,,Yes,DSL,No,No,No,No,No,No,No,Yes,Month-to-Month,Yes,Bank Withdrawal,24.450000762939453,482.79998779296875,0.0,0,0.0,482.79998779296875,Churned,Other,Don't know,1
82010-WES,Female,46,No,West Bengal,14,7,Deal 5,Yes,Yes,Yes,Fiber Optic,No,Yes,No,No,No,No,No,Yes,Month-to-Month,No,Bank Withdrawal,79.55000305175781,151.75,0.0,0,51.119998931884766,202.8699951171875,Joined,,,1
82015-AND,Male,32,Yes,Andhra Pradesh,9,6,,No,,Yes,DSL,No,No,Yes,Yes,Yes,Yes,Yes,No,Month-to-Month,Yes,Bank Withdrawal,54.54999923706055,2978.300048828125,0.0,50,0.0,3028.300048828125,Churned,Attitude,Attitude of service provider,1
82118-JAM,Female,69,Yes,Jammu & Kashmir,3,6,Deal 5,No,,Yes,Cable,No,No,No,No,No,No,No,Yes,Month-to-Month,No,Mailed Check,24.200000762939453,24.200000762939453,0.0,0,0.0,24.200000762939453,Joined,,,1
82129-JHA,Female,26,No,Jharkhand,9,8,Deal 5,Yes,No,Yes,DSL,No,Yes,No,No,Yes,No,No,Yes,Month-to-Month,Yes,Credit Card,58.70000076293945,168.60000610351562,0.0,0,34.40999984741211,203.00999450683594,Joined,,,1
82170-TAM,Male,41,No,Tamil Nadu,5,29,,Yes,No,Yes,DSL,No,No,No,No,No,No,No,Yes,Month-to-Month,No,Mailed Check,44.599998474121094,44.599998474121094,0.0,0,45.279998779296875,89.87999725341797,Joined,,,1
82174-TEL,Female,53,No,Telangana,15,20,Deal 2,Yes,No,Yes,DSL,Yes,No,No,Yes,Yes,Yes,Yes,Yes,Two Year,Yes,Bank Withdrawal,74.80000305175781,4820.14990234375,0.0,0,2630.550048828125,7450.7001953125,Churned,Dissatisfaction,Product dissatisfaction,1
82252-TAM,Male,58,No,Tamil Nadu,0,5,,Yes,No,Yes,Fiber Optic,No,Yes,No,No,Yes,Yes,Yes,Yes,Month-to-Month,Yes,Bank Withdrawal,94.69999694824219,3512.5,0.0,0,766.7999877929688,4279.2998046875,Stayed,Others,Others,1
82267-JHA,Female,33,No,Jharkhand,12,7,,No,,Yes,DSL,No,No,No,No,Yes,Yes,Yes,No,Month-to-Month,Yes,Bank Withdrawal,45.25,85.5,0.0,10,0.0,95.5,Churned,Dissatisfaction,Product dissatisfaction,1
82290-GUJ,Female,76,Yes,Gujarat,2,34,,Yes,No,Yes,Fiber Optic,No,No,No,No,Yes,No,No,Yes,Month-to-Month,Yes,Bank Withdrawal,80.8499984741211,751.6500244140625,0.0,0,390.05999755859375,1141.7099609375,Churned,Attitude,Attitude of support person,1
82326-ODI,Female,27,Yes,Odisha,4,4,,Yes,Yes,Yes,Fiber Optic,No,No,No,No,No,No,No,Yes,Month-to-Month,Yes,Bank Withdrawal,75.55000305175781,166.3000030517578,0.0,0,82.73999786376953,249.0399932861328,Churned,Competitor,Competitor made better offer,1
82427-MAH,Male,36,No,Maharashtra,15,28,Deal 5,Yes,No,No,,,,,,,,,,Month-to-Month,No,Credit Card,19.549999237060547,19.549999237060547,0.0,0,17.940000534057617,37.4900016784668,Joined,,,1
82473-AND,Male,63,Yes,Andhra Pradesh,10,1,Deal 5,No,,Yes,DSL,No,Yes,No,No,No,No,No,Yes,Month-to-Month,No,Credit Card,29.799999237060547,94.4000015258789,0.0,0,0.0,94.4000015258789,Joined,,,1
82479-TEL,Female,72,Yes,Telangana,8,26,,Yes,Yes,Yes,Fiber Optic,No,No,No,No,No,No,No,Yes,Month-to-Month,No,Bank Withdrawal,74.94999694824219,308.70001220703125,0.0,0,112.44000244140625,421.1400146484375,Churned,Competitor,Competitor offered more data,1
82481-TAM,Female,75,Yes,Tamil Nadu,11,1,,No,,Yes,DSL,No,No,Yes,No,No,No,No,Yes,Month-to-Month,Yes,Bank Withdrawal,30.399999618530273,78.6500015258789,0.0,0,0.0,78.6500015258789,Churned,Attitude,Attitude of support person,1
82486-JHA,Female,44,No,Jharkhand,3,1,,Yes,Yes,Yes,Fiber Optic,No,No,No,No,No,Yes,Yes,Yes,Month-to-Month,Yes,Bank Withdrawal,84.75,264.8500061035156,0.0,0,114.2699966430664,379.1199951171875,Churned,Competitor,Competitor had better devices,1
82520-GUJ,Female,59,Yes,Gujarat,14,16,,Yes,Yes,Yes,Fiber Optic,Yes,No,Yes,Yes,No,Yes,Yes,Yes,One Year,Yes,Bank Withdrawal,99.19999694824219,3754.60009765625,0.0,0,1115.9200439453125,4870.52001953125,Churned,Attitude,Attitude of support person,1
82558-UTT,Female,51,No,Uttar Pradesh,7,30,,Yes,No,Yes,DSL,No,No,Yes,No,Yes,Yes,Yes,Yes,Month-to-Month,Yes,Bank Withdrawal,70.05000305175781,346.3999938964844,0.0,0,71.30000305175781,417.70001220703125,Churned,Price,Price too high,1
82559-CHH,Male,34,Yes,Chhattisgarh,0,33,Deal 5,Yes,No,Yes,DSL,No,Yes,No,Yes,No,Yes,Yes,No,Month-to-Month,Yes,Credit Card,64.19999694824219,143.64999389648438,0.0,30,8.819999694824219,182.47000122070312,Joined,,,1
82561-CHH,Female,64,No,Chhattisgarh,1,23,Deal 5,Yes,Yes,Yes,Fiber Optic,No,No,No,No,Yes,No,No,No,Month-to-Month,Yes,Bank Withdrawal,85.6500015258789,321.6499938964844,0.0,10,173.27999877929688,504.92999267578125,Churned,Competitor,Competitor had better devices,1
82637-DEL,Female,59,No,Delhi,9,18,Deal 2,Yes,Yes,Yes,Fiber Optic,No,No,Yes,Yes,No,No,No,Yes,Month-to-Month,Yes,Bank Withdrawal,84.8499984741211,3303.050048828125,0.0,0,81.19999694824219,3384.25,Churned,Competitor,Competitor made better offer,1
82700-BIH,Male,25,No,Bihar,13,27,,Yes,No,Yes,Fiber Optic,No,Yes,Yes,Yes,Yes,Yes,Yes,Yes,One Year,Yes,Bank Withdrawal,105.0,5426.85009765625,0.0,0,2563.080078125,7989.93017578125,Churned,Other,Don't know,1
82718-TAM,Male,32,Yes,Tamil Nadu,12,7,,Yes,No,No,,,,,,,,,,Month-to-Month,No,Bank Withdrawal,20.700000762939453,20.700000762939453,0.0,0,45.86000061035156,66.55999755859375,Joined,,,1
82744-AND,Female,39,Yes,Andhra Pradesh,9,10,,Yes,Yes,Yes,Fiber Optic,Yes,Yes,No,No,No,Yes,Yes,Yes,Month-to-Month,Yes,Bank Withdrawal,93.4000015258789,5435.60009765625,0.0,0,211.6999969482422,5647.2998046875,Churned,Other,Don't know,1
82837-UTT,Female,47,No,Uttar Pradesh,11,7,,Yes,Yes,Yes,Fiber Optic,Yes,No,No,No,Yes,Yes,Yes,Yes,Month-to-Month,Yes,Bank Withdrawal,100.75,2095.0,0.0,0,790.4600219726562,2885.4599609375,Churned,Other,Don't know,1
82895-UTT,Female,26,No,Uttar Pradesh,8,23,Deal 5,Yes,No,Yes,Fiber Optic,No,No,No,No,No,No,No,Yes,Month-to-Month,Yes,Credit Card,69.94999694824219,69.94999694824219,0.0,0,13.039999961853027,82.98999786376953,Churned,Competitor,Competitor made better offer,1
82965-TEL,Female,38,No,Telangana,8,20,,Yes,No,Yes,Cable,No,No,No,No,No,No,No,No,Month-to-Month,No,Credit Card,44.75,148.0500030517578,0.0,10,104.66999816894531,262.7200012207031,Joined,,,1
82990-RAJ,Female,77,Yes,Rajasthan,13,30,,Yes,Yes,Yes,Fiber Optic,No,Yes,Yes,No,No,Yes,No,Yes,Month-to-Month,Yes,Bank Withdrawal,95.25,5427.0498046875,12.59000015258789,0,2844.8701171875,8259.330078125,Churned,Attitude,Attitude of support person,1
83023-KAR,Male,31,Yes,Karnataka,15,20,,Yes,Yes,Yes,Fiber Optic,No,No,No,No,No,No,No,Yes,Month-to-Month,Yes,Bank Withdrawal,74.3499984741211,74.3499984741211,0.0,0,14.020000457763672,88.37000274658203,Churned,Competitor,Competitor had better devices,1
83050-PUN,Female,25,Yes,Punjab,7,20,,Yes,No,No,,,,,,,,,,One Year,No,Credit Card,20.450000762939453,34.79999923706055,0.0,0,92.0,126.80000305175781,Joined,,,1
83080-HAR,Female,54,No,Haryana,9,4,,Yes,No,Yes,Fiber Optic,No,No,No,No,No,No,No,Yes,Month-to-Month,Yes,Bank Withdrawal,70.1500015258789,194.1999969482422,0.0,0,16.889999389648438,211.08999633789062,Joined,,,1
83094-KER,Female,52,No,Kerala,8,2,,Yes,Yes,Yes,DSL,No,No,No,Yes,Yes,Yes,Yes,Yes,One Year,No,Credit Card,74.05000305175781,872.6500244140625,48.61000061035156,0,510.9599914550781,1335.0,Churned,Other,Don't know,1
83102-BIH,Female,45,Yes,Bihar,9,31,,Yes,No,Yes,Fiber Optic,Yes,No,No,No,No,Yes,Yes,Yes,Month-to-Month,Yes,Credit Card,84.5999984741211,84.5999984741211,0.0,0,26.850000381469727,111.44999694824219,Churned,Dissatisfaction,Poor expertise of phone support,1
83113-GUJ,Male,35,No,Gujarat,8,30,,No,,Yes,DSL,No,No,No,Yes,No,No,No,Yes,Month-to-Month,No,Credit Card,29.149999618530273,29.149999618530273,0.0,0,0.0,29.149999618530273,Joined,,,1
83127-PUN,Female,76,No,Punjab,1,35,,Yes,Yes,Yes,Cable,Yes,No,No,Yes,No,No,No,No,One Year,Yes,Bank Withdrawal,60.04999923706055,3229.64990234375,0.0,100,1148.510009765625,4478.16015625,Churned,Other,Moved,1
83137-WES,Female,40,Yes,West Bengal,0,8,,Yes,Yes,Yes,Fiber Optic,No,No,No,No,No,No,No,Yes,Month-to-Month,Yes,Credit Card,73.8499984741211,401.29998779296875,0.0,0,166.13999938964844,567.4400024414062,Stayed,Others,Others,1
83196-UTT,Female,61,Yes,Uttar Pradesh,3,10,,Yes,Yes,Yes,Fiber Optic,Yes,No,No,No,No,No,No,Yes,Month-to-Month,No,Credit Card,80.55000305175781,188.10000610351562,0.0,0,10.600000381469727,198.6999969482422,Joined,,,1
83205-JAM,Female,33,Yes,Jammu & Kashmir,9,13,,Yes,No,Yes,Fiber Optic,No,Yes,Yes,No,Yes,No,No,Yes,Month-to-Month,Yes,Bank Withdrawal,89.1500015258789,2257.75,0.0,0,616.0,2873.75,Churned,Competitor,Competitor made better offer,1
83253-KER,Male,25,No,Kerala,9,4,,Yes,No,Yes,Fiber Optic,No,No,No,No,Yes,Yes,Yes,Yes,Month-to-Month,Yes,Bank Withdrawal,88.3499984741211,88.3499984741211,0.0,0,14.260000228881836,102.61000061035156,Churned,Competitor,Competitor offered higher download speeds,1
83264-BIH,Male,35,Yes,Bihar,0,23,,No,,Yes,Cable,Yes,Yes,Yes,Yes,No,No,No,Yes,Month-to-Month,Yes,Mailed Check,43.25,219.0,0.0,0,0.0,219.0,Churned,Dissatisfaction,Network reliability,1
83308-TAM,Male,40,No,Tamil Nadu,5,14,,No,,Yes,DSL,No,Yes,No,No,No,No,No,Yes,Month-to-Month,No,Mailed Check,29.649999618530273,90.05000305175781,0.0,0,0.0,90.05000305175781,Joined,,,1
83333-BIH,Female,19,No,Bihar,4,3,,Yes,Yes,Yes,Fiber Optic,No,Yes,Yes,No,Yes,Yes,Yes,Yes,Month-to-Month,Yes,Bank Withdrawal,107.4000015258789,5121.2998046875,0.0,0,249.1199951171875,5370.419921875,Churned,Attitude,Attitude of support person,1
83336-AND,Female,38,Yes,Andhra Pradesh,7,31,Deal 4,Yes,No,Yes,Fiber Optic,No,No,No,No,Yes,Yes,Yes,Yes,Month-to-Month,Yes,Credit Card,89.0,1820.449951171875,0.0,0,361.0,2181.449951171875,Churned,Dissatisfaction,Service dissatisfaction,1
83399-MAH,Female,43,Yes,Maharashtra,5,24,Deal 4,Yes,Yes,Yes,Fiber Optic,No,No,Yes,No,No,Yes,Yes,No,Month-to-Month,Yes,Bank Withdrawal,88.44999694824219,1422.0999755859375,0.0,140,284.79998779296875,1846.9000244140625,Churned,Other,Don't know,1
83440-GUJ,Male,53,No,Gujarat,4,14,,Yes,No,No,,,,,,,,,,Month-to-Month,No,Bank Withdrawal,20.0,49.650001525878906,0.0,0,93.18000030517578,142.8300018310547,Joined,,,1
83486-MAH,Male,34,No,Maharashtra,5,4,Deal 5,Yes,No,Yes,Fiber Optic,No,No,Yes,No,No,No,No,Yes,Month-to-Month,No,Credit Card,75.3499984741211,75.3499984741211,0.0,0,38.88999938964844,114.23999786376953,Joined,,,1
83616-MAH,Male,44,No,Maharashtra,7,33,,No,,Yes,Cable,No,Yes,No,No,No,No,No,Yes,Month-to-Month,Yes,Bank Withdrawal,31.049999237060547,347.25,0.0,0,0.0,347.25,Churned,Other,Don't know,1
83718-HAR,Female,24,No,Haryana,11,10,Deal 4,Yes,Yes,Yes,Fiber Optic,Yes,No,Yes,No,Yes,Yes,Yes,Yes,Month-to-Month,Yes,Bank Withdrawal,104.4000015258789,2200.25,0.0,0,808.9199829101562,3009.169921875,Churned,Attitude,Attitude of support person,1
83736-UTT,Male,43,Yes,Uttar Pradesh,1,25,,Yes,No,Yes,DSL,No,No,No,No,No,No,No,Yes,Month-to-Month,No,Credit Card,45.349998474121094,45.349998474121094,0.0,0,12.460000038146973,57.810001373291016,Joined,,,1
83811-KAR,Female,44,No,Karnataka,2,35,,Yes,No,Yes,Fiber Optic,No,No,No,Yes,Yes,Yes,Yes,Yes,Month-to-Month,Yes,Bank Withdrawal,94.19999694824219,167.5,0.0,0,37.58000183105469,205.0800018310547,Churned,Other,Don't know,1
83817-UTT,Male,48,No,Uttar Pradesh,8,18,,Yes,No,No,,,,,,,,,,Month-to-Month,Yes,Mailed Check,21.049999237060547,21.049999237060547,0.0,0,10.140000343322754,31.190000534057617,Joined,,,1
83845-UTT,Female,39,Yes,Uttar Pradesh,9,15,,Yes,Yes,Yes,Fiber Optic,Yes,No,Yes,No,Yes,Yes,Yes,Yes,One Year,Yes,Credit Card,106.94999694824219,5785.5,0.0,0,1579.4000244140625,7364.89990234375,Churned,Competitor,Competitor had better devices,1
83908-DEL,Female,47,Yes,Delhi,15,28,Deal 5,Yes,No,Yes,Fiber Optic,No,No,No,No,No,No,No,Yes,Month-to-Month,Yes,Bank Withdrawal,70.8499984741211,70.8499984741211,0.0,0,27.049999237060547,97.9000015258789,Churned,Dissatisfaction,Network reliability,1
83919-PUN,Female,61,Yes,Punjab,0,36,,Yes,Yes,Yes,Fiber Optic,No,Yes,No,No,No,No,No,Yes,Month-to-Month,Yes,Bank Withdrawal,80.1500015258789,385.0,0.0,0,57.70000076293945,442.70001220703125,Churned,Competitor,Competitor had better devices,1
83934-PUN,Male,61,Yes,Punjab,13,33,,Yes,Yes,Yes,Fiber Optic,No,Yes,Yes,No,Yes,Yes,Yes,Yes,Month-to-Month,Yes,Bank Withdrawal,105.6500015258789,4284.7998046875,0.0,0,1296.75,5581.5498046875,Churned,Attitude,Attitude of support person,1
83939-AND,Female,42,No,Andhra Pradesh,8,27,,Yes,No,No,,,,,,,,,,Month-to-Month,No,Bank Withdrawal,20.100000381469727,43.150001525878906,0.0,0,65.72000122070312,108.87000274658203,Joined,,,1
83985-JAM,Female,62,No,Jammu & Kashmir,14,22,,Yes,Yes,Yes,Fiber Optic,No,No,No,No,No,Yes,Yes,No,Month-to-Month,Yes,Bank Withdrawal,83.6500015258789,1465.75,0.0,130,267.7099914550781,1863.4599609375,Churned,Competitor,Competitor made better offer,1
83994-DEL,Male,48,Yes,Delhi,8,24,,Yes,No,Yes,Fiber Optic,No,No,No,No,Yes,Yes,Yes,Yes,Month-to-Month,No,Credit Card,90.69999694824219,237.64999389648438,0.0,0,16.170000076293945,253.82000732421875,Joined,,,1
84012-MAD,Female,28,Yes,Madhya Pradesh,13,27,,Yes,No,No,,,,,,,,,,Month-to-Month,No,Bank Withdrawal,20.149999618530273,156.25,0.0,0,90.80000305175781,247.0500030517578,Churned,Price,Price too high,1
84121-JAM,Male,69,Yes,Jammu & Kashmir,6,22,Deal 2,Yes,Yes,Yes,DSL,Yes,Yes,No,Yes,Yes,Yes,Yes,Yes,One Year,No,Bank Withdrawal,82.44999694824219,4350.10009765625,0.0,0,652.3200073242188,5002.419921875,Churned,Competitor,Competitor made better offer,1
84133-KER,Female,38,No,Kerala,10,11,,Yes,No,Yes,Fiber Optic,Yes,No,Yes,Yes,Yes,Yes,Yes,No,Month-to-Month,Yes,Bank Withdrawal,106.5999984741211,1934.449951171875,21.719999313354492,40,538.6500244140625,2491.3798828125,Churned,Dissatisfaction,Network reliability,1
84298-TAM,Male,37,No,Tamil Nadu,5,23,Deal 5,Yes,No,Yes,Fiber Optic,No,No,No,No,No,No,No,No,Month-to-Month,Yes,Bank Withdrawal,69.3499984741211,451.1000061035156,0.0,10,103.25,564.3499755859375,Churned,Competitor,Competitor had better devices,1
84331-ASS,Female,56,Yes,Assam,4,35,Deal 2,Yes,Yes,Yes,Fiber Optic,No,Yes,Yes,Yes,Yes,Yes,Yes,No,Month-to-Month,Yes,Bank Withdrawal,109.55000305175781,5124.5498046875,0.0,0,358.1400146484375,5482.68994140625,Churned,Competitor,Competitor made better offer,1
84340-UTT,Male,56,Yes,Uttar Pradesh,5,31,Deal 5,Yes,No,Yes,DSL,No,No,No,Yes,No,No,No,Yes,Month-to-Month,Yes,Bank Withdrawal,49.150001525878906,270.79998779296875,0.0,0,41.63999938964844,312.44000244140625,Churned,Competitor,Competitor had better devices,1
84425-GUJ,Male,74,No,Gujarat,15,21,,Yes,Yes,Yes,Fiber Optic,No,No,No,No,No,Yes,No,Yes,Month-to-Month,Yes,Bank Withdrawal,84.0,613.4000244140625,0.0,0,368.3999938964844,981.7999877929688,Churned,Dissatisfaction,Limited range of services,1
84508-TAM,Female,28,Yes,Tamil Nadu,11,28,,Yes,No,No,,,,,,,,,,Month-to-Month,No,Credit Card,21.100000381469727,21.100000381469727,0.0,0,18.809999465942383,39.90999984741211,Joined,,,1
84535-TAM,Male,46,No,Tamil Nadu,2,36,,Yes,No,No,,,,,,,,,,Month-to-Month,No,Mailed Check,20.399999618530273,42.900001525878906,0.0,0,99.05999755859375,141.9600067138672,Joined,,,1
84559-JAM,Female,19,No,Jammu & Kashmir,2,5,,Yes,Yes,Yes,Fiber Optic,No,Yes,Yes,No,Yes,Yes,Yes,Yes,Two Year,Yes,Bank Withdrawal,104.5999984741211,4759.85009765625,0.0,0,553.8400268554688,5313.68994140625,Churned,Competitor,Competitor made better offer,1
84577-TEL,Female,59,Yes,Telangana,11,29,,Yes,No,Yes,Cable,No,Yes,No,No,Yes,No,No,Yes,Month-to-Month,Yes,Bank Withdrawal,59.0,114.1500015258789,0.0,0,54.040000915527344,168.19000244140625,Joined,,,1
84588-UTT,Female,68,No,Uttar Pradesh,1,9,,Yes,Yes,Yes,Fiber Optic,Yes,No,No,No,No,No,No,Yes,Month-to-Month,Yes,Bank Withdrawal,78.8499984741211,1772.25,0.0,0,49.20000076293945,1821.449951171875,Churned,Attitude,Attitude of service provider,1
84613-BIH,Female,30,No,Bihar,8,22,Deal 5,Yes,Yes,Yes,Fiber Optic,No,Yes,No,No,No,No,No,No,Month-to-Month,Yes,Credit Card,79.1500015258789,79.1500015258789,0.0,60,18.0,157.14999389648438,Joined,,,1
84666-TEL,Female,21,No,Telangana,6,5,,Yes,Yes,Yes,Fiber Optic,No,No,No,No,Yes,Yes,Yes,Yes,Month-to-Month,Yes,Bank Withdrawal,96.0999984741211,4364.10009765625,0.0,0,494.55999755859375,4858.66015625,Churned,Competitor,Competitor offered higher download speeds,1
84687-PUN,Female,31,No,Punjab,0,18,Deal 5,No,,Yes,Cable,No,No,No,No,No,No,No,No,Month-to-Month,No,Credit Card,24.700000762939453,24.700000762939453,0.0,70,0.0,94.69999694824219,Joined,,,1
84710-MAH,Male,29,Yes,Maharashtra,7,23,Deal 4,Yes,Yes,Yes,Fiber Optic,No,No,No,No,Yes,No,No,Yes,Month-to-Month,Yes,Bank Withdrawal,86.05000305175781,834.0999755859375,0.0,0,59.20000076293945,893.2999877929688,Churned,Other,Don't know,1
84714-TAM,Female,51,No,Tamil Nadu,14,35,Deal 2,Yes,Yes,Yes,Fiber Optic,No,No,No,No,Yes,No,No,Yes,Month-to-Month,No,Bank Withdrawal,84.5,4254.85009765625,0.0,0,1940.4000244140625,6195.25,Churned,Competitor,Competitor offered more data,1
84720-GUJ,Male,55,Yes,Gujarat,11,6,,Yes,No,No,,,,,,,,,,Month-to-Month,No,Credit Card,19.200000762939453,19.200000762939453,0.0,0,32.779998779296875,51.97999954223633,Joined,,,1
84766-UTT,Female,53,No,Uttar Pradesh,9,2,,Yes,No,Yes,Cable,No,No,Yes,Yes,Yes,Yes,Yes,Yes,Month-to-Month,Yes,Credit Card,72.9000015258789,651.4000244140625,0.0,0,319.4100036621094,970.8099975585938,Churned,Competitor,Competitor made better offer,1
84770-UTT,Female,38,Yes,Uttar Pradesh,2,21,,Yes,No,No,,,,,,,,,,Month-to-Month,No,Mailed Check,20.149999618530273,20.149999618530273,0.0,0,27.59000015258789,47.7400016784668,Joined,,,1
84789-PUN,Male,46,No,Punjab,9,19,Deal 5,Yes,No,Yes,Fiber Optic,No,Yes,Yes,Yes,Yes,Yes,Yes,Yes,Month-to-Month,Yes,Bank Withdrawal,107.94999694824219,318.6000061035156,0.0,0,37.97999954223633,356.5799865722656,Joined,,,1
84807-KAR,Female,83,No,Karnataka,14,5,,Yes,Yes,Yes,Fiber Optic,No,No,Yes,No,Yes,Yes,No,Yes,Month-to-Month,Yes,Bank Withdrawal,99.80000305175781,4259.2998046875,8.880000114440918,0,924.9600219726562,5175.3798828125,Churned,Dissatisfaction,Product dissatisfaction,1
84842-KER,Female,61,Yes,Kerala,9,20,,Yes,Yes,Yes,Fiber Optic,No,No,No,No,Yes,Yes,Yes,Yes,Month-to-Month,Yes,Bank Withdrawal,95.44999694824219,95.44999694824219,0.0,0,5.590000152587891,101.04000091552734,Churned,Competitor,Competitor had better devices,1
84843-MAD,Female,57,Yes,Madhya Pradesh,11,8,,Yes,Yes,Yes,Fiber Optic,No,No,No,No,No,No,No,Yes,Month-to-Month,Yes,Bank Withdrawal,75.0999984741211,75.0999984741211,0.0,0,4.53000020980835,79.62999725341797,Joined,,,1
84889-GUJ,Female,23,No,Gujarat,12,10,,Yes,No,Yes,DSL,No,No,No,No,No,No,Yes,Yes,Month-to-Month,Yes,Credit Card,-7.0,84.5,0.0,0,99.62000274658203,184.1199951171875,Churned,Other,Don't know,1
84956-BIH,Male,82,No,Bihar,5,14,,Yes,Yes,Yes,Fiber Optic,No,No,No,No,No,No,No,Yes,Month-to-Month,Yes,Credit Card,75.44999694824219,158.39999389648438,0.0,0,46.91999816894531,205.32000732421875,Churned,Price,Long distance charges,1
84976-WES,Female,64,No,West Bengal,11,29,,Yes,No,Yes,Fiber Optic,No,Yes,Yes,No,Yes,Yes,Yes,Yes,Month-to-Month,Yes,Credit Card,99.80000305175781,442.8500061035156,0.0,0,50.720001220703125,493.57000732421875,Churned,Competitor,Competitor had better devices,1
84978-PUD,Male,72,Yes,Puducherry,11,34,,Yes,Yes,Yes,Fiber Optic,No,No,Yes,No,Yes,Yes,No,No,Month-to-Month,Yes,Bank Withdrawal,99.05000305175781,3395.800048828125,0.0,120,729.0499877929688,4244.85009765625,Churned,Other,Don't know,1
85027-KAR,Male,57,No,Karnataka,14,27,Deal 5,Yes,No,No,,,,,,,,,,Month-to-Month,Yes,Credit Card,19.75,19.75,0.0,0,1.6100000143051147,21.360000610351562,Joined,,,1
85031-RAJ,Female,60,No,Rajasthan,1,4,Deal 5,Yes,No,Yes,DSL,No,No,No,No,No,No,No,Yes,Month-to-Month,No,Bank Withdrawal,44.0,44.0,0.0,0,13.399999618530273,57.400001525878906,Joined,,,1
85049-MAD,Female,41,Yes,Madhya Pradesh,15,3,Deal 5,Yes,No,Yes,DSL,No,No,No,No,No,No,No,Yes,Month-to-Month,No,Bank Withdrawal,44.349998474121094,81.25,0.0,0,93.68000030517578,174.92999267578125,Churned,Other,Don't know,1
85050-GUJ,Male,72,Yes,Gujarat,3,17,,Yes,Yes,Yes,Fiber Optic,No,No,Yes,No,Yes,Yes,Yes,Yes,Month-to-Month,Yes,Bank Withdrawal,99.25,665.4500122070312,0.0,0,300.44000244140625,965.8900146484375,Churned,Attitude,Attitude of support person,1
85148-TEL,Female,58,No,Telangana,3,6,,Yes,No,Yes,Fiber Optic,No,Yes,No,No,Yes,No,No,Yes,Month-to-Month,Yes,Bank Withdrawal,85.3499984741211,489.45001220703125,0.0,0,71.81999969482422,561.27001953125,Churned,Attitude,Attitude of service provider,1
85428-HAR,Female,62,Yes,Haryana,11,18,,Yes,No,No,,,,,,,,,,Month-to-Month,No,Credit Card,20.100000381469727,39.79999923706055,0.0,0,71.0,110.80000305175781,Joined,,,1
85444-KAR,Male,55,No,Karnataka,4,26,Deal 3,Yes,Yes,Yes,Fiber Optic,Yes,Yes,No,No,Yes,Yes,Yes,Yes,One Year,No,Bank Withdrawal,106.0999984741211,2847.39990234375,0.0,0,269.3599853515625,3116.760009765625,Churned,Dissatisfaction,Service dissatisfaction,1
85506-MAH,Female,23,No,Maharashtra,0,10,,Yes,No,No,,,,,,,,,,One Year,No,Credit Card,20.200000762939453,34.75,0.0,0,76.81999969482422,111.56999969482422,Joined,,,1
85542-WES,Female,27,No,West Bengal,7,2,Deal 5,Yes,No,Yes,Fiber Optic,No,No,No,No,No,No,No,Yes,Month-to-Month,No,Credit Card,70.5999984741211,70.5999984741211,0.0,0,44.59000015258789,115.19000244140625,Churned,Attitude,Attitude of support person,1
85666-JAM,Male,53,Yes,Jammu & Kashmir,1,25,Deal 4,Yes,Yes,Yes,Fiber Optic,Yes,No,No,No,Yes,Yes,Yes,Yes,Month-to-Month,No,Bank Withdrawal,98.55000305175781,1008.5499877929688,0.0,0,275.70001220703125,1284.25,Churned,Competitor,Competitor made better offer,1
85732-MAD,Female,58,No,Madhya Pradesh,7,25,Deal 1,Yes,Yes,Yes,Fiber Optic,No,Yes,Yes,No,Yes,Yes,Yes,Yes,Two Year,Yes,Bank Withdrawal,106.0,7723.7001953125,0.0,0,3361.139892578125,11084.83984375,Churned,Competitor,Competitor offered higher download speeds,1
85778-ODI,Male,63,No,Odisha,9,24,,Yes,No,Yes,Fiber Optic,No,Yes,No,No,No,No,No,Yes,Month-to-Month,Yes,Bank Withdrawal,76.44999694824219,1233.4000244140625,0.0,0,17.850000381469727,1251.25,Churned,Competitor,Competitor had better devices,1
85917-TAM,Male,53,Yes,Tamil Nadu,7,15,Deal 5,Yes,No,No,,,,,,,,,,Month-to-Month,Yes,Credit Card,19.5,19.5,0.0,0,33.02000045776367,52.52000045776367,Joined,,,1
85927-AND,Female,19,No,Andhra Pradesh,14,3,,Yes,Yes,No,,,,,,,,,,Two Year,Yes,Credit Card,24.5,740.2999877929688,35.04999923706055,0,1165.22998046875,1870.47998046875,Churned,Price,Long distance charges,1
85928-AND,Female,26,No,Andhra Pradesh,3,32,Deal 5,Yes,No,Yes,Fiber Optic,No,Yes,No,No,Yes,Yes,Yes,Yes,Month-to-Month,Yes,Bank Withdrawal,94.25,669.0,0.0,0,84.3499984741211,753.3499755859375,Churned,Dissatisfaction,Network reliability,1
85946-WES,Female,81,Yes,West Bengal,4,30,,Yes,No,Yes,Fiber Optic,Yes,No,No,No,No,Yes,Yes,Yes,Month-to-Month,No,Bank Withdrawal,85.0,3969.39990234375,0.0,0,1691.8800048828125,5661.27978515625,Churned,Attitude,Attitude of support person,1
85993-KAR,Female,42,Yes,Karnataka,11,1,Deal 5,Yes,No,Yes,Fiber Optic,No,No,No,No,No,No,No,Yes,Month-to-Month,No,Mailed Check,70.9000015258789,70.9000015258789,0.0,0,39.810001373291016,110.70999908447266,Churned,Competitor,Competitor had better devices,1
85997-JAM,Female,62,Yes,Jammu & Kashmir,5,17,Deal 5,Yes,No,No,,,,,,,,,,Month-to-Month,Yes,Credit Card,20.100000381469727,20.100000381469727,0.0,0,40.83000183105469,60.93000030517578,Churned,Price,Long distance charges,1
86156-TAM,Female,51,Yes,Tamil Nadu,9,9,Deal 5,Yes,Yes,Yes,Fiber Optic,No,Yes,No,No,Yes,Yes,Yes,Yes,Month-to-Month,No,Bank Withdrawal,100.8499984741211,819.5499877929688,0.0,0,26.15999984741211,845.7100219726562,Churned,Attitude,Attitude of service provider,1
86243-KER,Female,63,Yes,Kerala,15,8,Deal 5,Yes,No,Yes,Fiber Optic,No,No,Yes,No,No,Yes,Yes,Yes,Month-to-Month,Yes,Mailed Check,-5.0,178.6999969482422,0.0,0,48.099998474121094,226.8000030517578,Churned,Attitude,Attitude of service provider,1
86289-UTT,Male,27,No,Uttar Pradesh,4,27,,Yes,No,No,,,,,,,,,,Month-to-Month,No,Credit Card,20.299999237060547,20.299999237060547,0.0,0,29.190000534057617,49.4900016784668,Joined,,,1
86315-TAM,Female,54,No,Tamil Nadu,6,13,Deal 5,Yes,No,No,,,,,,,,,,Month-to-Month,No,Bank Withdrawal,20.950000762939453,20.950000762939453,0.0,0,2.2899999618530273,23.239999771118164,Joined,,,1
86362-ASS,Female,35,Yes,Assam,15,11,,Yes,No,Yes,Fiber Optic,No,No,No,Yes,No,No,No,Yes,Month-to-Month,Yes,Mailed Check,74.30000305175781,74.30000305175781,0.0,0,39.54999923706055,113.8499984741211,Joined,,,1
86369-BIH,Female,59,No,Bihar,1,2,Deal 5,Yes,Yes,Yes,DSL,No,Yes,No,No,No,No,No,No,Month-to-Month,No,Bank Withdrawal,54.29999923706055,54.29999923706055,0.0,10,34.02000045776367,98.31999969482422,Joined,,,1
86378-RAJ,Female,56,Yes,Rajasthan,7,4,,Yes,Yes,Yes,Fiber Optic,Yes,No,Yes,No,Yes,Yes,Yes,Yes,Month-to-Month,Yes,Bank Withdrawal,102.44999694824219,102.44999694824219,0.0,0,25.8799991607666,128.3300018310547,Churned,Attitude,Attitude of service provider,1
86385-ASS,Male,80,No,Assam,1,16,,Yes,No,Yes,Fiber Optic,No,No,No,No,No,No,No,No,Month-to-Month,Yes,Bank Withdrawal,69.5,69.5,0.0,80,41.20000076293945,190.6999969482422,Churned,Price,Price too high,1
86389-JAM,Female,74,No,Jammu & Kashmir,7,9,,Yes,Yes,Yes,Fiber Optic,No,No,Yes,No,Yes,Yes,No,No,Month-to-Month,Yes,Bank Withdrawal,98.55000305175781,1842.800048828125,0.0,120,888.7999877929688,2851.60009765625,Churned,Competitor,Competitor made better offer,1
86433-TAM,Male,62,Yes,Tamil Nadu,8,1,Deal 4,Yes,Yes,Yes,Fiber Optic,No,No,No,No,No,Yes,Yes,Yes,Month-to-Month,Yes,Credit Card,85.80000305175781,1727.5,0.0,0,585.7999877929688,2313.300048828125,Churned,Price,Price too high,1
86508-UTT,Male,50,No,Uttar Pradesh,8,7,,Yes,Yes,Yes,Fiber Optic,No,No,No,No,Yes,Yes,Yes,Yes,Month-to-Month,Yes,Bank Withdrawal,93.3499984741211,1444.6500244140625,0.0,0,733.9500122070312,2178.60009765625,Churned,Competitor,Competitor had better devices,1
86512-HAR,Male,44,No,Haryana,8,19,Deal 4,Yes,Yes,Yes,Fiber Optic,No,No,Yes,No,Yes,Yes,Yes,Yes,Month-to-Month,Yes,Bank Withdrawal,99.5,1056.949951171875,0.0,0,341.8800048828125,1398.8299560546875,Churned,Dissatisfaction,Network reliability,1
86690-KAR,Female,62,No,Karnataka,8,28,Deal 5,Yes,Yes,Yes,Fiber Optic,No,No,Yes,No,Yes,No,No,Yes,Month-to-Month,No,Bank Withdrawal,91.05000305175781,289.1000061035156,0.0,0,78.95999908447266,368.05999755859375,Churned,Competitor,Competitor made better offer,1
86703-WES,Female,54,Yes,West Bengal,14,35,Deal 5,Yes,No,No,,,,,,,,,,Month-to-Month,No,Bank Withdrawal,20.649999618530273,20.649999618530273,0.0,0,1.4700000286102295,22.1200008392334,Joined,,,1
86709-TEL,Male,36,No,Telangana,6,19,Deal 5,Yes,Yes,Yes,Fiber Optic,No,No,No,No,No,No,No,Yes,Month-to-Month,Yes,Credit Card,74.75,229.5,0.0,0,105.54000091552734,335.0400085449219,Churned,Competitor,Competitor had better devices,1
86710-MAH,Female,72,No,Maharashtra,9,14,,Yes,Yes,Yes,Fiber Optic,No,Yes,No,No,Yes,Yes,No,No,Month-to-Month,Yes,Bank Withdrawal,99.69999694824219,2967.35009765625,0.0,80,1308.300048828125,4355.64990234375,Churned,Dissatisfaction,Product dissatisfaction,1
86714-AND,Male,65,No,Andhra Pradesh,12,18,,Yes,Yes,Yes,Cable,No,Yes,No,No,No,Yes,Yes,Yes,One Year,No,Credit Card,88.4000015258789,3912.89990234375,0.0,0,1083.280029296875,4996.18017578125,Churned,Competitor,Competitor made better offer,1
86778-ASS,Female,74,Yes,Assam,8,8,,Yes,No,Yes,Fiber Optic,No,No,Yes,No,No,No,No,Yes,Month-to-Month,Yes,Credit Card,75.55000305175781,349.6499938964844,0.0,0,211.64999389648438,561.2999877929688,Churned,Competitor,Competitor had better devices,1
86781-PUN,Female,33,No,Punjab,5,36,Deal 4,Yes,No,No,,,,,,,,,,Month-to-Month,Yes,Credit Card,19.25,180.3000030517578,0.0,0,319.1099853515625,499.4100036621094,Churned,Attitude,Attitude of support person,1
86891-GUJ,Male,25,No,Gujarat,7,5,,Yes,No,No,,,,,,,,,,Month-to-Month,No,Credit Card,20.049999237060547,20.049999237060547,0.0,0,18.149999618530273,38.20000076293945,Joined,,,1
86963-WES,Male,28,No,West Bengal,10,34,,Yes,No,Yes,Fiber Optic,No,No,No,No,No,No,No,Yes,Month-to-Month,Yes,Bank Withdrawal,70.30000305175781,208.85000610351562,0.0,0,80.12999725341797,288.9800109863281,Churned,Competitor,Competitor had better devices,1
86970-KER,Male,57,Yes,Kerala,2,9,,Yes,No,Yes,DSL,No,Yes,No,No,No,No,No,No,Month-to-Month,No,Bank Withdrawal,49.5,49.5,0.0,30,16.989999771118164,96.48999786376953,Joined,,,1
86986-BIH,Male,77,Yes,Bihar,5,31,,Yes,No,Yes,DSL,No,No,Yes,No,No,No,No,Yes,Month-to-Month,No,Bank Withdrawal,50.349998474121094,237.25,0.0,0,93.44999694824219,330.70001220703125,Churned,Dissatisfaction,Product dissatisfaction,1
87000-MAH,Male,42,Yes,Maharashtra,14,13,,Yes,No,Yes,Fiber Optic,No,No,No,Yes,Yes,Yes,Yes,Yes,Month-to-Month,Yes,Bank Withdrawal,96.0,2122.449951171875,0.0,0,594.239990234375,2716.68994140625,Churned,Competitor,Competitor had better devices,1
87023-WES,Female,62,No,West Bengal,15,29,Deal 2,Yes,No,Yes,Fiber Optic,Yes,Yes,No,No,No,No,No,Yes,Month-to-Month,Yes,Credit Card,79.19999694824219,3233.85009765625,0.0,0,1794.4000244140625,5028.25,Churned,Price,Price too high,1
87024-KAR,Male,58,No,Karnataka,14,8,Deal 5,Yes,No,Yes,Fiber Optic,No,No,No,No,No,No,No,Yes,Month-to-Month,Yes,Credit Card,71.30000305175781,157.75,0.0,0,13.479999542236328,171.22999572753906,Joined,,,1
87024-WES,Female,27,Yes,West Bengal,12,15,Deal 5,Yes,Yes,Yes,Fiber Optic,No,No,No,No,No,Yes,Yes,Yes,Month-to-Month,Yes,Credit Card,85.19999694824219,627.4000244140625,0.0,0,211.27999877929688,838.6799926757812,Churned,Competitor,Competitor had better devices,1
87063-TAM,Female,20,No,Tamil Nadu,10,8,Deal 5,Yes,Yes,Yes,Fiber Optic,No,No,No,No,No,Yes,Yes,Yes,Month-to-Month,Yes,Credit Card,85.19999694824219,602.5499877929688,0.0,0,131.80999755859375,734.3599853515625,Churned,Attitude,Attitude of support person,1
87077-TAM,Male,62,Yes,Tamil Nadu,3,21,Deal 5,Yes,No,Yes,Cable,No,No,Yes,No,Yes,Yes,Yes,Yes,Month-to-Month,No,Credit Card,69.0,147.8000030517578,0.0,0,54.81999969482422,202.6199951171875,Joined,,,1
87090-CHH,Male,63,No,Chhattisgarh,4,3,Deal 5,Yes,No,Yes,DSL,No,No,No,No,No,Yes,Yes,No,Month-to-Month,No,Bank Withdrawal,54.29999923706055,195.3000030517578,0.0,80,160.60000610351562,435.8999938964844,Churned,Price,Long distance charges,1
87091-JAM,Female,73,Yes,Jammu & Kashmir,14,36,,Yes,Yes,Yes,Fiber Optic,No,No,No,Yes,Yes,Yes,No,Yes,Month-to-Month,No,Bank Withdrawal,99.75,1836.25,0.0,0,454.8599853515625,2291.110107421875,Churned,Attitude,Attitude of support person,1
87132-UTT,Female,55,Yes,Uttar Pradesh,11,9,,Yes,Yes,Yes,Fiber Optic,Yes,Yes,No,No,Yes,Yes,Yes,Yes,One Year,No,Bank Withdrawal,106.55000305175781,5763.2998046875,0.0,0,476.82000732421875,6240.1201171875,Churned,Dissatisfaction,Product dissatisfaction,1
87160-KAR,Female,49,Yes,Karnataka,14,25,Deal 4,No,,Yes,DSL,No,No,No,No,Yes,Yes,Yes,Yes,Month-to-Month,No,Bank Withdrawal,46.349998474121094,667.7000122070312,0.0,0,0.0,667.7000122070312,Churned,Attitude,Attitude of service provider,1
87171-JAM,Male,40,Yes,Jammu & Kashmir,12,13,,Yes,No,Yes,DSL,Yes,No,No,No,No,No,No,Yes,Month-to-Month,Yes,Bank Withdrawal,49.54999923706055,1210.4000244140625,0.0,0,345.3599853515625,1555.760009765625,Churned,Other,Don't know,1
87346-MAD,Female,29,Yes,Madhya Pradesh,12,20,,Yes,Yes,Yes,Fiber Optic,No,Yes,Yes,No,Yes,No,No,Yes,Month-to-Month,No,Bank Withdrawal,94.0999984741211,1215.5999755859375,0.0,0,566.280029296875,1781.8800048828125,Churned,Other,Don't know,1
87408-ODI,Female,53,Yes,Odisha,1,31,Deal 5,Yes,No,Yes,Fiber Optic,No,No,Yes,No,Yes,No,No,Yes,Month-to-Month,Yes,Bank Withdrawal,85.44999694824219,85.44999694824219,0.0,0,22.969999313354492,108.41999816894531,Churned,Price,Lack of affordable download/upload speed,1
87410-KAR,Female,61,Yes,Karnataka,14,24,Deal 2,Yes,Yes,Yes,Fiber Optic,No,No,No,Yes,Yes,Yes,Yes,No,One Year,Yes,Bank Withdrawal,100.0,4211.5498046875,0.0,140,1692.9100341796875,6044.4599609375,Churned,Dissatisfaction,Product dissatisfaction,1
87423-WES,Female,71,No,West Bengal,9,6,,Yes,Yes,Yes,Fiber Optic,No,No,No,No,No,Yes,Yes,Yes,Month-to-Month,No,Bank Withdrawal,85.30000305175781,2661.10009765625,0.0,0,1587.199951171875,4248.2998046875,Churned,Competitor,Competitor had better devices,1
87436-TAM,Female,60,Yes,Tamil Nadu,4,26,,Yes,No,Yes,Fiber Optic,No,No,No,No,Yes,Yes,Yes,No,Month-to-Month,Yes,Bank Withdrawal,88.80000305175781,2274.35009765625,0.0,50,990.3400268554688,3314.68994140625,Churned,Dissatisfaction,Service dissatisfaction,1
87463-TAM,Female,49,No,Tamil Nadu,10,21,,Yes,Yes,Yes,Fiber Optic,No,Yes,Yes,No,Yes,Yes,Yes,No,One Year,Yes,Bank Withdrawal,107.5,6873.75,0.0,60,121.58999633789062,7055.33984375,Churned,Attitude,Attitude of support person,1
87483-HAR,Female,40,No,Haryana,9,14,,Yes,No,Yes,Fiber Optic,Yes,No,Yes,Yes,Yes,Yes,Yes,Yes,One Year,Yes,Credit Card,104.69999694824219,4134.85009765625,0.0,0,370.8900146484375,4505.740234375,Churned,Competitor,Competitor made better offer,1
87521-JAM,Male,35,Yes,Jammu & Kashmir,11,6,,Yes,Yes,Yes,Fiber Optic,No,Yes,No,Yes,Yes,Yes,Yes,Yes,One Year,Yes,Credit Card,105.6500015258789,6903.10009765625,0.0,0,1550.719970703125,8453.8203125,Churned,Other,Don't know,1
87534-TAM,Female,49,Yes,Tamil Nadu,13,15,Deal 4,Yes,Yes,Yes,Fiber Optic,No,Yes,No,No,No,No,No,Yes,Month-to-Month,Yes,Bank Withdrawal,-7.0,1676.949951171875,0.0,0,769.1199951171875,2446.070068359375,Churned,Competitor,Competitor had better devices,1
87547-PUN,Male,74,No,Punjab,7,22,Deal 5,Yes,Yes,Yes,Fiber Optic,No,Yes,No,No,Yes,No,No,Yes,Month-to-Month,Yes,Bank Withdrawal,90.5999984741211,90.5999984741211,0.0,0,13.020000457763672,103.62000274658203,Churned,Other,Don't know,1
87595-KAR,Male,74,No,Karnataka,7,35,,Yes,No,Yes,Fiber Optic,No,No,No,No,No,No,No,Yes,Month-to-Month,Yes,Bank Withdrawal,70.19999694824219,115.94999694824219,0.0,0,19.100000381469727,135.0500030517578,Churned,Competitor,Competitor offered more data,1
87608-HAR,Male,74,Yes,Haryana,4,9,,Yes,No,Yes,Fiber Optic,No,No,No,No,No,Yes,Yes,Yes,Month-to-Month,Yes,Credit Card,80.30000305175781,2483.050048828125,0.0,0,66.55999755859375,2549.610107421875,Churned,Dissatisfaction,Service dissatisfaction,1
87661-JAM,Female,79,No,Jammu & Kashmir,10,11,Deal 5,Yes,No,Yes,Fiber Optic,No,Yes,Yes,Yes,No,Yes,No,Yes,Month-to-Month,Yes,Credit Card,95.0999984741211,180.25,0.0,0,25.920000076293945,206.1699981689453,Churned,Dissatisfaction,Poor expertise of online support,1
87663-WES,Male,44,No,West Bengal,7,15,Deal 5,Yes,No,No,,,,,,,,,,Month-to-Month,No,Mailed Check,20.25,20.25,0.0,0,23.15999984741211,43.40999984741211,Churned,Attitude,Attitude of support person,1
87704-GUJ,Female,38,Yes,Gujarat,9,24,Deal 5,Yes,No,No,,,,,,,,,,Two Year,No,Credit Card,20.450000762939453,20.450000762939453,0.0,0,43.81999969482422,64.2699966430664,Joined,,,1
87748-AND,Female,52,Yes,Andhra Pradesh,2,18,Deal 2,Yes,Yes,Yes,Fiber Optic,No,Yes,Yes,No,Yes,Yes,Yes,Yes,Month-to-Month,Yes,Bank Withdrawal,103.8499984741211,5017.89990234375,0.0,0,2110.5,7128.39990234375,Churned,Price,Price too high,1
87853-UTT,Female,24,No,Uttar Pradesh,1,8,,Yes,Yes,Yes,DSL,Yes,No,Yes,Yes,Yes,No,No,Yes,Month-to-Month,No,Bank Withdrawal,72.25,2568.550048828125,0.0,0,884.4500122070312,3453.0,Churned,Other,Don't know,1
87939-PUN,Female,30,No,Punjab,14,8,,Yes,Yes,Yes,Fiber Optic,No,No,No,No,No,No,No,Yes,Month-to-Month,Yes,Mailed Check,74.25,74.25,0.0,0,21.799999237060547,96.05000305175781,Churned,Other,Don't know,1
87950-TAM,Female,32,Yes,Tamil Nadu,13,26,Deal 5,Yes,No,Yes,Fiber Optic,No,No,No,No,No,No,Yes,Yes,Month-to-Month,Yes,Bank Withdrawal,69.55000305175781,69.55000305175781,0.0,0,49.43000030517578,118.9800033569336,Churned,Attitude,Attitude of support person,1
87960-MAD,Female,56,No,Madhya Pradesh,2,32,Deal 5,Yes,Yes,Yes,Fiber Optic,No,No,No,No,No,No,No,Yes,Month-to-Month,Yes,Bank Withdrawal,74.75,706.5999755859375,0.0,0,148.32000732421875,854.9199829101562,Churned,Competitor,Competitor made better offer,1
88107-JAM,Female,58,No,Jammu & Kashmir,10,34,,No,,Yes,DSL,No,No,No,Yes,No,No,No,No,Month-to-Month,No,Credit Card,30.549999237060547,30.549999237060547,0.0,40,0.0,70.55000305175781,Joined,,,1
88107-KAR,Female,31,No,Karnataka,4,28,,Yes,No,No,,,,,,,,,,Month-to-Month,Yes,Credit Card,19.100000381469727,19.100000381469727,0.0,0,34.790000915527344,53.88999938964844,Churned,Competitor,Competitor made better offer,1
88111-MAH,Female,52,Yes,Maharashtra,15,32,,Yes,No,Yes,Fiber Optic,Yes,Yes,No,Yes,No,No,No,Yes,Month-to-Month,Yes,Credit Card,83.4000015258789,83.4000015258789,0.0,0,43.060001373291016,126.45999908447266,Joined,,,1
88126-JAM,Female,20,Yes,Jammu & Kashmir,11,5,,Yes,Yes,Yes,Fiber Optic,No,No,Yes,No,No,Yes,Yes,Yes,Month-to-Month,Yes,Bank Withdrawal,89.19999694824219,2698.35009765625,0.0,0,116.0,2814.35009765625,Churned,Competitor,Competitor made better offer,1
88152-TEL,Male,31,Yes,Telangana,6,15,Deal 5,Yes,No,No,,,,,,,,,,Month-to-Month,No,Credit Card,20.149999618530273,20.149999618530273,0.0,0,40.5099983215332,60.65999984741211,Churned,Price,Long distance charges,1
88215-KAR,Female,19,No,Karnataka,5,10,Deal 5,Yes,Yes,Yes,DSL,No,No,No,No,No,No,No,Yes,Month-to-Month,Yes,Bank Withdrawal,50.04999923706055,50.04999923706055,0.0,0,43.04999923706055,93.0999984741211,Joined,,,1
88268-UTT,Female,48,Yes,Uttar Pradesh,1,31,,Yes,No,No,,,,,,,,,,Month-to-Month,No,Mailed Check,19.899999618530273,19.899999618530273,0.0,0,49.5099983215332,69.41000366210938,Churned,Attitude,Attitude of support person,1
88272-PUN,Female,50,Yes,Punjab,2,17,Deal 4,Yes,Yes,Yes,DSL,Yes,No,No,No,Yes,No,No,Yes,Month-to-Month,Yes,Bank Withdrawal,64.69999694824219,941.0,0.0,0,285.6000061035156,1226.5999755859375,Churned,Competitor,Competitor offered more data,1
88373-ODI,Male,32,No,Odisha,3,21,Deal 4,Yes,No,Yes,Cable,No,No,No,No,No,No,Yes,Yes,Month-to-Month,Yes,Bank Withdrawal,45.54999923706055,402.6000061035156,0.0,0,344.3999938964844,747.0,Churned,Attitude,Attitude of support person,1
88459-UTT,Female,70,Yes,Uttar Pradesh,5,14,,Yes,Yes,Yes,Cable,No,No,Yes,No,Yes,No,No,Yes,Month-to-Month,Yes,Bank Withdrawal,89.19999694824219,346.20001220703125,0.0,0,193.39999389648438,539.5999755859375,Churned,Competitor,Competitor had better devices,1
88496-MAH,Female,33,Yes,Maharashtra,7,23,,Yes,No,Yes,Fiber Optic,No,No,Yes,No,Yes,No,No,Yes,One Year,Yes,Bank Withdrawal,85.1500015258789,3030.60009765625,0.0,0,892.8499755859375,3923.449951171875,Churned,Competitor,Competitor had better devices,1
88631-JAM,Male,51,Yes,Jammu & Kashmir,11,19,Deal 5,Yes,No,Yes,DSL,No,No,No,Yes,No,No,No,Yes,Month-to-Month,Yes,Bank Withdrawal,49.650001525878906,267.3500061035156,0.0,0,293.3399963378906,560.6900024414062,Churned,Dissatisfaction,Lack of self-service on Website,1
88728-UTT,Female,42,No,Uttar Pradesh,12,9,,Yes,No,No,,,,,,,,,,One Year,No,Credit Card,21.200000762939453,52.04999923706055,0.0,0,36.150001525878906,88.19999694824219,Joined,,,1
88752-JAM,Male,48,No,Jammu & Kashmir,6,27,Deal 5,Yes,No,Yes,DSL,No,No,Yes,No,No,No,No,Yes,Month-to-Month,No,Credit Card,50.900001525878906,50.900001525878906,0.0,0,6.949999809265137,57.849998474121094,Churned,Attitude,Attitude of support person,1
88776-MAH,Female,41,No,Maharashtra,0,13,,Yes,No,Yes,Fiber Optic,No,No,Yes,Yes,Yes,Yes,Yes,Yes,Month-to-Month,Yes,Bank Withdrawal,100.4000015258789,715.0,0.0,0,273.1400146484375,988.1400146484375,Stayed,Others,Others,1
88827-ASS,Female,34,Yes,Assam,10,21,,Yes,Yes,Yes,Fiber Optic,No,No,Yes,No,No,No,No,Yes,Month-to-Month,No,Credit Card,80.0,4242.35009765625,0.0,0,286.6199951171875,4528.97021484375,Churned,Dissatisfaction,Poor expertise of online support,1
88869-JAM,Male,29,No,Jammu & Kashmir,9,5,Deal 5,Yes,No,Yes,Cable,No,No,No,No,No,No,No,Yes,Month-to-Month,Yes,Bank Withdrawal,70.69999694824219,141.4499969482422,0.0,0,19.520000457763672,160.97000122070312,Churned,Competitor,Competitor made better offer,1
88898-HAR,Male,50,No,Haryana,8,31,Deal 5,Yes,No,Yes,Fiber Optic,No,No,No,No,Yes,No,No,No,Month-to-Month,No,Bank Withdrawal,77.8499984741211,299.20001220703125,0.0,10,171.1999969482422,480.3999938964844,Churned,Other,Don't know,1
88912-MAD,Female,74,Yes,Madhya Pradesh,8,5,Deal 5,Yes,No,Yes,Fiber Optic,No,No,No,No,No,No,No,Yes,Month-to-Month,Yes,Mailed Check,70.44999694824219,70.44999694824219,0.0,0,15.279999732971191,85.7300033569336,Churned,Other,Don't know,1
88924-HAR,Female,70,No,Haryana,14,32,Deal 5,Yes,Yes,Yes,Fiber Optic,No,Yes,No,No,No,No,No,Yes,Month-to-Month,Yes,Credit Card,80.6500015258789,633.2999877929688,0.0,0,390.79998779296875,1024.0999755859375,Churned,Competitor,Competitor made better offer,1
88933-TAM,Male,38,No,Tamil Nadu,8,21,,Yes,Yes,Yes,Cable,No,No,No,No,No,No,No,Yes,Month-to-Month,Yes,Bank Withdrawal,50.45000076293945,50.45000076293945,0.0,0,28.25,78.69999694824219,Churned,Competitor,Competitor made better offer,1
88944-HAR,Female,29,Yes,Haryana,9,31,,Yes,Yes,Yes,Fiber Optic,No,Yes,Yes,No,Yes,Yes,Yes,Yes,Month-to-Month,Yes,Credit Card,102.0999984741211,1068.8499755859375,0.0,0,320.70001220703125,1389.550048828125,Churned,Competitor,Competitor offered higher download speeds,1
88971-HAR,Male,38,No,Haryana,5,15,,Yes,No,Yes,Fiber Optic,No,Yes,No,Yes,Yes,Yes,Yes,Yes,Month-to-Month,Yes,Bank Withdrawal,101.5,906.8499755859375,0.0,0,332.4599914550781,1239.31005859375,Stayed,Others,Others,1
88976-TEL,Male,35,Yes,Telangana,10,12,,Yes,Yes,Yes,Fiber Optic,No,No,No,No,Yes,No,No,Yes,Month-to-Month,No,Bank Withdrawal,84.5,84.5,0.0,0,6.889999866485596,91.38999938964844,Churned,Price,Price too high,1
89154-RAJ,Female,47,No,Rajasthan,5,3,Deal 5,Yes,No,Yes,Cable,No,Yes,No,No,No,No,No,Yes,Month-to-Month,No,Credit Card,49.20000076293945,103.69999694824219,0.0,0,58.560001373291016,162.25999450683594,Joined,,,1
89167-TEL,Female,71,Yes,Telangana,13,6,Deal 3,Yes,Yes,Yes,Fiber Optic,No,Yes,Yes,No,Yes,Yes,Yes,Yes,Month-to-Month,Yes,Bank Withdrawal,104.25,2433.89990234375,0.0,0,1194.239990234375,3628.139892578125,Churned,Competitor,Competitor offered higher download speeds,1
89188-KAR,Female,26,Yes,Karnataka,3,9,,Yes,No,No,,,,,,,,,,Month-to-Month,Yes,Mailed Check,20.549999237060547,33.599998474121094,0.0,0,33.400001525878906,67.0,Joined,,,1
89199-KAR,Female,51,Yes,Karnataka,5,21,,Yes,Yes,Yes,DSL,No,No,No,No,Yes,Yes,Yes,No,Month-to-Month,Yes,Credit Card,72.1500015258789,794.25,0.0,80,337.5,1211.75,Churned,Dissatisfaction,Limited range of services,1
89217-ODI,Male,69,No,Odisha,9,34,Deal 2,No,,Yes,DSL,No,Yes,Yes,No,No,Yes,No,Yes,Month-to-Month,Yes,Bank Withdrawal,45.29999923706055,2651.199951171875,40.95000076293945,0,0.0,2610.25,Churned,Dissatisfaction,Service dissatisfaction,1
89219-GUJ,Female,77,No,Gujarat,8,21,,Yes,Yes,Yes,Cable,No,No,Yes,No,Yes,Yes,No,Yes,Month-to-Month,Yes,Credit Card,100.44999694824219,1622.449951171875,0.0,0,479.05999755859375,2101.510009765625,Churned,Competitor,Competitor offered more data,1
89303-AND,Male,51,No,Andhra Pradesh,6,11,Deal 5,Yes,No,Yes,Fiber Optic,No,No,No,No,No,No,No,Yes,Month-to-Month,No,Credit Card,69.94999694824219,143.89999389648438,0.0,0,58.20000076293945,202.10000610351562,Joined,,,1
89326-TAM,Male,61,Yes,Tamil Nadu,7,1,Deal 5,Yes,Yes,Yes,Fiber Optic,No,No,No,No,Yes,Yes,Yes,Yes,Month-to-Month,Yes,Bank Withdrawal,93.30000305175781,93.30000305175781,0.0,0,7.989999771118164,101.29000091552734,Churned,Other,Moved,1
89378-PUN,Female,51,Yes,Punjab,11,19,,Yes,Yes,Yes,Fiber Optic,No,Yes,Yes,No,Yes,Yes,Yes,Yes,Month-to-Month,Yes,Bank Withdrawal,104.30000305175781,5278.14990234375,11.449999809265137,0,1914.8399658203125,7181.5400390625,Churned,Competitor,Competitor offered more data,1
89382-ASS,Male,56,No,Assam,5,29,Deal 5,No,,Yes,DSL,No,No,No,Yes,No,No,No,Yes,Month-to-Month,Yes,Bank Withdrawal,29.75,96.8499984741211,0.0,0,0.0,96.8499984741211,Joined,,,1
89442-BIH,Male,49,No,Bihar,9,24,,Yes,Yes,Yes,Fiber Optic,No,No,Yes,No,No,Yes,Yes,Yes,Month-to-Month,No,Bank Withdrawal,91.8499984741211,257.04998779296875,0.0,0,131.16000366210938,388.2099914550781,Churned,Attitude,Attitude of service provider,1
89512-JAM,Male,57,No,Jammu & Kashmir,3,34,,Yes,Yes,Yes,DSL,Yes,Yes,No,No,No,No,No,Yes,Month-to-Month,No,Bank Withdrawal,60.95000076293945,134.60000610351562,0.0,0,29.760000228881836,164.36000061035156,Joined,,,1
89519-BIH,Male,23,Yes,Bihar,2,2,Deal 2,Yes,Yes,Yes,Fiber Optic,Yes,No,Yes,No,No,Yes,Yes,Yes,Month-to-Month,No,Bank Withdrawal,93.9000015258789,5029.2001953125,0.0,0,1655.719970703125,6684.919921875,Churned,Attitude,Attitude of service provider,1
89613-KAR,Female,82,No,Karnataka,8,19,Deal 3,Yes,Yes,Yes,Fiber Optic,No,No,No,No,Yes,No,No,Yes,Month-to-Month,Yes,Credit Card,85.94999694824219,2628.60009765625,0.0,0,1566.4000244140625,4195.0,Churned,Price,Extra data charges,1
89655-JAM,Female,53,No,Jammu & Kashmir,13,6,Deal 5,Yes,No,No,,,,,,,,,,Month-to-Month,Yes,Credit Card,19.600000381469727,19.600000381469727,0.0,0,14.170000076293945,33.77000045776367,Churned,Competitor,Competitor made better offer,1
89663-BIH,Male,38,Yes,Bihar,6,4,,No,,Yes,DSL,No,No,No,Yes,Yes,No,No,No,Month-to-Month,No,Bank Withdrawal,40.099998474121094,40.099998474121094,0.0,10,0.0,50.099998474121094,Churned,Attitude,Attitude of support person,1
89665-CHH,Male,56,No,Chhattisgarh,5,36,Deal 5,Yes,No,Yes,Cable,No,No,No,No,No,No,No,Yes,Month-to-Month,Yes,Credit Card,45.849998474121094,45.849998474121094,0.0,0,44.75,90.5999984741211,Churned,Attitude,Attitude of support person,1
89673-KAR,Female,38,Yes,Karnataka,2,23,,Yes,Yes,Yes,Fiber Optic,No,No,No,No,Yes,No,No,Yes,Month-to-Month,Yes,Bank Withdrawal,82.8499984741211,460.25,48.95000076293945,0,51.540000915527344,462.8399963378906,Churned,Competitor,Competitor had better devices,1
89683-UTT,Female,71,Yes,Uttar Pradesh,2,33,,Yes,Yes,Yes,Fiber Optic,No,Yes,No,No,Yes,Yes,No,Yes,Month-to-Month,Yes,Credit Card,99.44999694824219,919.4000244140625,0.0,0,95.94000244140625,1015.3400268554688,Churned,Competitor,Competitor had better devices,1
89750-HAR,Male,59,No,Haryana,10,3,,Yes,No,No,,,,,,,,,,Month-to-Month,No,Mailed Check,20.350000381469727,33.20000076293945,0.0,0,64.05999755859375,97.26000213623047,Churned,Attitude,Attitude of support person,1
89804-MAH,Male,34,No,Maharashtra,4,31,Deal 5,Yes,No,No,,,,,,,,,,Month-to-Month,No,Credit Card,19.399999618530273,50.599998474121094,0.0,0,30.31999969482422,80.91999816894531,Joined,,,1
89920-KER,Male,22,Yes,Kerala,0,9,Deal 5,No,,Yes,DSL,No,No,Yes,No,Yes,Yes,Yes,Yes,Month-to-Month,Yes,Bank Withdrawal,49.25,90.3499984741211,0.0,0,0.0,90.3499984741211,Churned,Dissatisfaction,Limited range of services,1
89938-JAM,Female,35,No,Jammu & Kashmir,9,27,Deal 5,Yes,No,Yes,Fiber Optic,No,No,Yes,No,No,No,No,Yes,Month-to-Month,Yes,Bank Withdrawal,75.80000305175781,160.75,0.0,0,48.619998931884766,209.3699951171875,Churned,Competitor,Competitor had better devices,1
91027-CHH,Male,42,No,Chhattisgarh,4,20,,Yes,Yes,Yes,Fiber Optic,No,No,No,No,Yes,Yes,Yes,Yes,Month-to-Month,Yes,Bank Withdrawal,94.69999694824219,2362.10009765625,0.0,0,872.0,3234.10009765625,Churned,Competitor,Competitor had better devices,1
91093-JAM,Female,28,No,Jammu & Kashmir,5,3,Deal 1,Yes,Yes,Yes,Fiber Optic,No,No,Yes,No,Yes,Yes,Yes,Yes,Month-to-Month,Yes,Credit Card,99.44999694824219,7007.60009765625,0.0,0,3367.199951171875,10374.7998046875,Churned,Competitor,Competitor made better offer,1
91132-WES,Female,65,No,West Bengal,15,19,Deal 5,Yes,No,Yes,Fiber Optic,No,No,No,No,No,No,No,Yes,Month-to-Month,No,Bank Withdrawal,68.6500015258789,68.6500015258789,0.0,0,12.399999618530273,81.05000305175781,Churned,Price,Price too high,1
91278-UTT,Male,45,No,Uttar Pradesh,11,20,,Yes,No,Yes,Cable,Yes,No,No,No,Yes,Yes,Yes,Yes,Month-to-Month,Yes,Bank Withdrawal,95.0,95.0,0.0,0,12.039999961853027,107.04000091552734,Churned,Dissatisfaction,Network reliability,1
91320-PUD,Female,58,No,Puducherry,0,18,,Yes,No,Yes,Fiber Optic,No,No,No,No,No,No,No,Yes,Month-to-Month,No,Bank Withdrawal,70.0999984741211,70.0999984741211,0.0,0,1.149999976158142,71.25,Joined,,,1
91344-GUJ,Female,59,Yes,Gujarat,0,11,,Yes,No,Yes,Fiber Optic,No,Yes,No,No,No,Yes,Yes,No,Month-to-Month,Yes,Bank Withdrawal,86.30000305175781,1180.949951171875,0.0,10,410.20001220703125,1601.1500244140625,Churned,Attitude,Attitude of service provider,1
91371-MAH,Female,28,Yes,Maharashtra,14,30,Deal 1,Yes,Yes,Yes,Fiber Optic,Yes,Yes,Yes,Yes,Yes,Yes,Yes,Yes,Two Year,No,Credit Card,116.19999694824219,7752.2998046875,0.0,0,2269.9599609375,10022.259765625,Churned,Other,Don't know,1
91425-TEL,Female,40,Yes,Telangana,14,13,,Yes,No,Yes,Fiber Optic,No,No,No,No,No,No,No,Yes,Month-to-Month,Yes,Bank Withdrawal,70.94999694824219,137.9499969482422,0.0,0,30.65999984741211,168.61000061035156,Churned,Dissatisfaction,Poor expertise of phone support,1
91454-TAM,Female,41,No,Tamil Nadu,4,11,,Yes,No,Yes,Cable,No,No,No,No,No,No,No,Yes,Month-to-Month,Yes,Bank Withdrawal,45.650001525878906,45.650001525878906,0.0,0,36.9900016784668,82.63999938964844,Churned,Competitor,Competitor offered higher download speeds,1
91505-HAR,Female,35,No,Haryana,7,26,Deal 5,Yes,No,Yes,DSL,No,No,No,No,No,No,No,Yes,Month-to-Month,Yes,Bank Withdrawal,44.099998474121094,44.099998474121094,0.0,0,4.409999847412109,48.5099983215332,Churned,Competitor,Competitor made better offer,1
91510-ASS,Female,67,No,Assam,9,7,,Yes,Yes,Yes,Fiber Optic,No,No,No,No,Yes,Yes,No,Yes,Month-to-Month,Yes,Bank Withdrawal,93.19999694824219,2931.0,17.8799991607666,0,1079.6800537109375,3992.800048828125,Churned,Competitor,Competitor made better offer,1
91585-TAM,Male,43,No,Tamil Nadu,9,2,Deal 5,No,,Yes,DSL,No,No,No,No,No,No,No,Yes,Month-to-Month,Yes,Bank Withdrawal,25.149999618530273,25.149999618530273,0.0,0,0.0,25.149999618530273,Churned,Competitor,Competitor had better devices,1
91617-AND,Female,76,No,Andhra Pradesh,6,24,,No,,Yes,DSL,No,No,No,No,Yes,Yes,Yes,Yes,Month-to-Month,Yes,Bank Withdrawal,44.400001525878906,263.04998779296875,0.0,0,0.0,263.04998779296875,Stayed,Others,Others,1
91670-UTT,Female,75,Yes,Uttar Pradesh,10,32,,Yes,Yes,Yes,Fiber Optic,No,No,No,No,No,No,No,Yes,Month-to-Month,Yes,Bank Withdrawal,75.75,606.25,0.0,0,110.4000015258789,716.6500244140625,Churned,Competitor,Competitor offered more data,1
91745-PUN,Female,64,No,Punjab,12,12,,Yes,No,Yes,Fiber Optic,No,No,Yes,No,Yes,Yes,Yes,Yes,Month-to-Month,No,Bank Withdrawal,94.94999694824219,178.10000610351562,0.0,0,52.099998474121094,230.1999969482422,Churned,Competitor,Competitor had better devices,1
91754-WES,Male,58,Yes,West Bengal,14,13,,No,,Yes,DSL,No,No,No,No,No,Yes,Yes,Yes,Month-to-Month,Yes,Bank Withdrawal,35.25,35.25,0.0,0,0.0,35.25,Churned,Price,Lack of affordable download/upload speed,1
91796-WES,Female,68,No,West Bengal,9,19,,Yes,Yes,Yes,Fiber Optic,No,No,No,Yes,Yes,Yes,No,Yes,Month-to-Month,Yes,Credit Card,100.05000305175781,6871.89990234375,0.0,0,3290.10009765625,10162.0,Churned,Price,Extra data charges,1
91824-DEL,Female,22,Yes,Delhi,7,1,,Yes,No,Yes,Fiber Optic,No,No,No,No,No,No,Yes,Yes,Month-to-Month,Yes,Bank Withdrawal,69.5999984741211,69.5999984741211,0.0,0,14.1899995803833,83.79000091552734,Churned,Competitor,Competitor made better offer,1
91835-GUJ,Male,21,Yes,Gujarat,12,5,,Yes,No,Yes,Cable,No,No,Yes,Yes,Yes,Yes,Yes,Yes,Month-to-Month,Yes,Bank Withdrawal,75.5,75.5,0.0,0,5.630000114440918,81.12999725341797,Joined,,,1
91972-CHH,Female,19,No,Chhattisgarh,15,8,Deal 5,No,,Yes,Cable,Yes,No,No,No,No,No,No,Yes,Month-to-Month,No,Bank Withdrawal,29.450000762939453,161.4499969482422,0.0,0,0.0,161.4499969482422,Stayed,Others,Others,1
91994-TAM,Male,69,No,Tamil Nadu,8,8,Deal 3,Yes,Yes,Yes,Fiber Optic,No,No,No,No,Yes,Yes,No,Yes,Month-to-Month,Yes,Credit Card,96.1500015258789,3019.25,0.0,0,814.4000244140625,3833.64990234375,Churned,Price,Price too high,1
92130-BIH,Male,78,Yes,Bihar,13,18,,Yes,No,Yes,DSL,Yes,Yes,No,No,No,No,No,Yes,Month-to-Month,No,Credit Card,54.849998474121094,104.19999694824219,0.0,0,51.47999954223633,155.67999267578125,Churned,Price,Extra data charges,1
92134-BIH,Male,24,No,Bihar,5,11,,No,,Yes,DSL,No,No,No,No,Yes,No,No,Yes,Month-to-Month,Yes,Credit Card,34.79999923706055,113.94999694824219,0.0,0,0.0,113.94999694824219,Joined,,,1
92198-DEL,Female,44,Yes,Delhi,8,15,Deal 5,Yes,No,No,,,,,,,,,,Month-to-Month,Yes,Credit Card,20.25,20.25,0.0,0,28.18000030517578,48.43000030517578,Joined,,,1
92228-BIH,Female,22,Yes,Bihar,10,9,,No,,Yes,Cable,No,No,No,No,No,No,No,Yes,Month-to-Month,Yes,Credit Card,25.149999618530273,25.149999618530273,0.0,0,0.0,25.149999618530273,Joined,,,1
92234-TAM,Female,50,No,Tamil Nadu,13,7,,Yes,No,Yes,Fiber Optic,No,Yes,Yes,Yes,Yes,No,No,Yes,Month-to-Month,Yes,Credit Card,94.8499984741211,890.5999755859375,0.0,0,157.22999572753906,1047.8299560546875,Churned,Other,Don't know,1
92249-MAD,Male,49,No,Madhya Pradesh,15,8,Deal 5,No,,Yes,DSL,No,Yes,No,No,No,No,No,Yes,Month-to-Month,Yes,Credit Card,30.5,208.6999969482422,0.0,0,0.0,208.6999969482422,Churned,Competitor,Competitor had better devices,1
92250-TAM,Female,25,Yes,Tamil Nadu,7,33,,Yes,Yes,Yes,Fiber Optic,No,No,No,No,No,No,No,Yes,Month-to-Month,No,Bank Withdrawal,76.0,76.0,0.0,0,35.0099983215332,111.01000213623047,Churned,Competitor,Competitor made better offer,1
92306-JAM,Female,56,Yes,Jammu & Kashmir,1,4,,Yes,Yes,Yes,Fiber Optic,No,No,Yes,No,No,No,No,Yes,Month-to-Month,No,Credit Card,80.5999984741211,155.8000030517578,0.0,0,10.640000343322754,166.44000244140625,Churned,Competitor,Competitor made better offer,1
92317-UTT,Male,29,Yes,Uttar Pradesh,11,22,Deal 5,Yes,Yes,Yes,Fiber Optic,No,No,No,No,Yes,No,Yes,Yes,Month-to-Month,Yes,Bank Withdrawal,85.19999694824219,474.79998779296875,0.0,0,172.4499969482422,647.25,Churned,Attitude,Attitude of service provider,1
92374-TAM,Female,23,No,Tamil Nadu,12,12,,Yes,No,Yes,Fiber Optic,No,No,No,No,No,No,Yes,Yes,Month-to-Month,Yes,Bank Withdrawal,69.5999984741211,69.5999984741211,0.0,0,46.209999084472656,115.80999755859375,Churned,Competitor,Competitor made better offer,1
92398-AND,Male,35,No,Andhra Pradesh,5,12,Deal 5,Yes,No,No,,,,,,,,,,Month-to-Month,Yes,Credit Card,20.0,61.70000076293945,0.0,0,46.11000061035156,107.80999755859375,Joined,,,1
92424-PUN,Female,40,No,Punjab,12,9,,Yes,Yes,Yes,Cable,No,Yes,No,No,No,No,No,Yes,Month-to-Month,Yes,Credit Card,55.0,3092.64990234375,0.0,0,361.79998779296875,3454.449951171875,Churned,Other,Don't know,1
92454-KAR,Male,32,No,Karnataka,9,14,Deal 5,Yes,No,Yes,Fiber Optic,No,No,No,No,Yes,No,No,Yes,Month-to-Month,Yes,Bank Withdrawal,79.4000015258789,244.64999389648438,0.0,0,139.8000030517578,384.45001220703125,Churned,Competitor,Competitor offered higher download speeds,1
92494-MAH,Female,39,Yes,Maharashtra,11,19,,Yes,No,Yes,Fiber Optic,Yes,Yes,No,No,Yes,No,No,No,Month-to-Month,Yes,Bank Withdrawal,91.1500015258789,168.5,0.0,10,93.55999755859375,272.05999755859375,Joined,,,1
92524-AND,Male,65,No,Andhra Pradesh,13,22,Deal 5,No,,Yes,DSL,No,No,No,No,Yes,No,No,Yes,Month-to-Month,Yes,Credit Card,36.45000076293945,93.69999694824219,0.0,0,0.0,93.69999694824219,Churned,Competitor,Competitor had better devices,1
92527-KAR,Female,40,No,Karnataka,7,16,,Yes,No,No,,,,,,,,,,Month-to-Month,Yes,Credit Card,20.049999237060547,20.049999237060547,0.0,0,3.2300000190734863,23.280000686645508,Joined,,,1
92549-HAR,Male,39,No,Haryana,3,11,,Yes,No,Yes,Fiber Optic,No,No,No,No,Yes,No,No,Yes,Month-to-Month,Yes,Bank Withdrawal,78.9000015258789,2384.14990234375,0.0,0,1285.5699462890625,3669.719970703125,Churned,Price,Extra data charges,1
92685-UTT,Female,35,Yes,Uttarakhand,6,16,,Yes,No,Yes,Fiber Optic,Yes,No,No,No,Yes,No,No,Yes,Month-to-Month,No,Bank Withdrawal,84.0999984741211,4348.64990234375,0.0,0,1995.239990234375,6343.89013671875,Churned,Competitor,Competitor had better devices,1
92694-MAH,Male,35,Yes,Maharashtra,8,33,Deal 5,Yes,Yes,Yes,Cable,No,No,Yes,No,Yes,Yes,Yes,No,Month-to-Month,Yes,Bank Withdrawal,100.94999694824219,329.95001220703125,0.0,10,35.81999969482422,375.7699890136719,Churned,Competitor,Competitor had better devices,1
92735-AND,Female,57,No,Andhra Pradesh,15,21,,Yes,No,Yes,DSL,No,No,No,Yes,Yes,No,No,No,Month-to-Month,Yes,Bank Withdrawal,61.29999923706055,249.39999389648438,0.0,10,150.8000030517578,410.20001220703125,Stayed,Others,Others,1
92742-RAJ,Female,59,No,Rajasthan,15,34,Deal 5,Yes,No,No,,,,,,,,,,Month-to-Month,No,Mailed Check,20.649999618530273,38.70000076293945,0.0,0,49.41999816894531,88.12000274658203,Churned,Attitude,Attitude of support person,1
92792-KAR,Female,47,Yes,Karnataka,11,2,,Yes,Yes,Yes,Fiber Optic,No,No,Yes,Yes,Yes,Yes,Yes,Yes,Month-to-Month,Yes,Bank Withdrawal,107.3499984741211,5118.9501953125,0.0,0,1773.780029296875,6892.72998046875,Churned,Attitude,Attitude of support person,1
92815-BIH,Female,65,Yes,Bihar,6,14,Deal 4,Yes,Yes,Yes,Fiber Optic,Yes,No,No,No,Yes,Yes,No,Yes,Month-to-Month,Yes,Bank Withdrawal,100.80000305175781,1308.0999755859375,0.0,0,93.86000061035156,1401.9599609375,Churned,Attitude,Attitude of support person,1
92852-DEL,Male,67,No,Delhi,14,33,Deal 2,Yes,Yes,Yes,Fiber Optic,No,Yes,No,No,Yes,Yes,No,No,Month-to-Month,Yes,Bank Withdrawal,101.0,4388.39990234375,0.0,150,1343.75,5882.14990234375,Churned,Dissatisfaction,Product dissatisfaction,1
92887-CHH,Female,69,Yes,Chhattisgarh,1,11,Deal 5,Yes,No,Yes,Fiber Optic,No,No,No,No,No,No,No,Yes,Month-to-Month,Yes,Bank Withdrawal,70.55000305175781,70.55000305175781,0.0,0,18.200000762939453,88.75,Churned,Attitude,Attitude of service provider,1
92923-JHA,Male,72,No,Jharkhand,10,27,Deal 4,Yes,No,Yes,Fiber Optic,Yes,Yes,No,No,No,Yes,No,Yes,Month-to-Month,Yes,Bank Withdrawal,90.0,2024.0999755859375,0.0,0,725.1900024414062,2749.2900390625,Stayed,Others,Others,1
92985-HAR,Male,62,No,Haryana,11,35,,No,,Yes,Cable,No,Yes,No,No,Yes,No,No,Yes,Month-to-Month,Yes,Bank Withdrawal,39.29999923706055,1637.4000244140625,0.0,0,0.0,1637.4000244140625,Churned,Competitor,Competitor offered higher download speeds,1
93076-MAD,Male,58,Yes,Madhya Pradesh,8,26,,Yes,Yes,Yes,Fiber Optic,No,No,Yes,No,Yes,Yes,Yes,Yes,Month-to-Month,Yes,Bank Withdrawal,98.3499984741211,2515.300048828125,0.0,0,1044.4200439453125,3559.719970703125,Churned,Competitor,Competitor had better devices,1
93104-TEL,Male,35,No,Telangana,0,13,Deal 5,Yes,Yes,Yes,Fiber Optic,No,No,Yes,No,Yes,Yes,Yes,Yes,Month-to-Month,Yes,Bank Withdrawal,98.05000305175781,713.0,0.0,0,64.75,777.75,Churned,Competitor,Competitor had better devices,1
93155-KER,Male,65,Yes,Kerala,9,30,,Yes,No,Yes,DSL,No,No,No,No,No,No,No,No,Month-to-Month,Yes,Credit Card,44.25,313.45001220703125,0.0,0,220.00999450683594,533.4600219726562,Stayed,Others,Others,1
93193-TAM,Male,73,No,Tamil Nadu,14,14,,Yes,No,Yes,DSL,No,No,No,No,No,No,No,Yes,Month-to-Month,No,Bank Withdrawal,46.0,46.0,0.0,0,7.739999771118164,53.7400016784668,Churned,Competitor,Competitor had better devices,1
93223-KAR,Male,60,Yes,Karnataka,7,10,Deal 5,Yes,No,Yes,DSL,No,Yes,No,No,No,No,No,Yes,Month-to-Month,No,Bank Withdrawal,50.79999923706055,50.79999923706055,0.0,0,1.2799999713897705,52.08000183105469,Churned,Competitor,Competitor had better devices,1
93266-GUJ,Male,70,No,Gujarat,1,7,,Yes,Yes,Yes,Fiber Optic,Yes,No,No,No,Yes,Yes,No,Yes,Month-to-Month,Yes,Bank Withdrawal,99.5999984741211,347.6499938964844,25.790000915527344,0,75.63999938964844,397.5,Churned,Dissatisfaction,Network reliability,1
93303-HAR,Female,19,No,Haryana,6,5,Deal 5,No,,Yes,DSL,No,No,Yes,No,Yes,Yes,Yes,Yes,Month-to-Month,Yes,Bank Withdrawal,47.95000076293945,305.1000061035156,0.0,0,0.0,305.1000061035156,Churned,Competitor,Competitor had better devices,1
93405-AND,Male,60,No,Andhra Pradesh,13,32,Deal 5,Yes,No,Yes,DSL,No,No,No,No,No,No,No,Yes,Month-to-Month,Yes,Mailed Check,45.70000076293945,45.70000076293945,0.0,0,5.550000190734863,51.25,Churned,Competitor,Competitor offered higher download speeds,1
93409-ODI,Female,33,No,Odisha,9,35,,Yes,No,Yes,Fiber Optic,No,No,No,No,No,No,No,Yes,Month-to-Month,Yes,Bank Withdrawal,70.0,70.0,0.0,0,38.79999923706055,108.80000305175781,Churned,Price,Price too high,1
93446-AND,Male,79,Yes,Andhra Pradesh,15,4,Deal 5,Yes,No,Yes,Fiber Optic,No,No,No,No,No,No,No,Yes,Month-to-Month,Yes,Bank Withdrawal,70.30000305175781,70.30000305175781,0.0,0,39.099998474121094,109.4000015258789,Churned,Competitor,Competitor had better devices,1
93493-HAR,Male,33,Yes,Haryana,9,10,Deal 5,Yes,No,Yes,Fiber Optic,No,No,No,No,No,No,No,Yes,Month-to-Month,Yes,Bank Withdrawal,69.75,324.6000061035156,0.0,0,155.6999969482422,480.29998779296875,Churned,Competitor,Competitor had better devices,1
93496-TAM,Female,43,Yes,Tamil Nadu,9,9,Deal 4,Yes,Yes,Yes,Fiber Optic,No,No,Yes,No,No,No,No,Yes,Month-to-Month,Yes,Bank Withdrawal,81.0,1917.0999755859375,0.0,0,430.1000061035156,2347.199951171875,Churned,Competitor,Competitor offered more data,1
93516-BIH,Male,41,Yes,Bihar,9,17,,Yes,No,Yes,Fiber Optic,No,No,No,Yes,Yes,Yes,Yes,Yes,Month-to-Month,Yes,Bank Withdrawal,96.19999694824219,3183.39990234375,0.0,0,806.719970703125,3990.1201171875,Churned,Attitude,Attitude of support person,1
93519-MAD,Female,36,Yes,Madhya Pradesh,3,5,Deal 3,Yes,Yes,Yes,Fiber Optic,No,Yes,Yes,No,Yes,Yes,Yes,No,Month-to-Month,Yes,Bank Withdrawal,105.69999694824219,2979.5,0.0,80,853.4400024414062,3912.93994140625,Churned,Dissatisfaction,Service dissatisfaction,1
93520-GUJ,Female,67,No,Gujarat,13,19,Deal 5,Yes,Yes,Yes,Fiber Optic,No,No,No,No,No,No,No,Yes,One Year,Yes,Bank Withdrawal,72.0999984741211,72.0999984741211,0.0,0,7.769999980926514,79.87000274658203,Joined,,,1
93521-MAH,Female,55,No,Maharashtra,6,35,,Yes,No,Yes,DSL,No,No,No,Yes,No,No,No,No,Month-to-Month,Yes,Bank Withdrawal,-1.0,49.29999923706055,0.0,10,14.970000267028809,74.2699966430664,Joined,,,1
93667-KER,Female,38,No,Kerala,7,33,,Yes,No,No,,,,,,,,,,One Year,Yes,Credit Card,20.549999237060547,57.400001525878906,0.0,0,33.810001373291016,91.20999908447266,Joined,,,1
93684-JAM,Male,82,Yes,Jammu & Kashmir,1,1,Deal 5,Yes,Yes,Yes,Fiber Optic,No,Yes,No,No,No,No,No,Yes,Month-to-Month,Yes,Bank Withdrawal,81.3499984741211,233.6999969482422,0.0,0,27.65999984741211,261.3599853515625,Churned,Competitor,Competitor made better offer,1
93689-UTT,Male,46,No,Uttarakhand,4,32,Deal 5,Yes,No,Yes,Fiber Optic,No,No,No,No,No,No,No,Yes,Month-to-Month,Yes,Bank Withdrawal,69.8499984741211,69.8499984741211,0.0,0,12.130000114440918,81.9800033569336,Churned,Competitor,Competitor had better devices,1
93700-MAH,Female,57,No,Maharashtra,8,20,Deal 5,Yes,No,Yes,Cable,Yes,No,No,No,No,No,No,Yes,Month-to-Month,Yes,Credit Card,50.70000076293945,50.70000076293945,0.0,0,38.04999923706055,88.75,Joined,,,1
93739-UTT,Female,44,No,Uttar Pradesh,14,6,,Yes,No,Yes,Fiber Optic,Yes,Yes,No,Yes,No,No,No,Yes,Month-to-Month,Yes,Bank Withdrawal,86.25,181.64999389648438,0.0,0,73.62000274658203,255.27000427246094,Churned,Competitor,Competitor offered higher download speeds,1
93798-TAM,Male,64,No,Tamil Nadu,1,6,,Yes,No,Yes,DSL,No,No,No,No,No,No,No,No,Month-to-Month,No,Bank Withdrawal,45.29999923706055,45.29999923706055,0.0,30,28.3700008392334,103.66999816894531,Churned,Competitor,Competitor offered higher download speeds,1
93875-UTT,Male,41,No,Uttar Pradesh,14,35,Deal 5,Yes,Yes,Yes,Fiber Optic,No,Yes,No,No,No,Yes,Yes,No,Month-to-Month,Yes,Bank Withdrawal,90.05000305175781,368.1000061035156,0.0,30,48.959999084472656,447.05999755859375,Churned,Competitor,Competitor offered more data,1
93880-AND,Male,64,No,Andhra Pradesh,5,24,,Yes,Yes,Yes,Fiber Optic,No,Yes,No,No,Yes,Yes,Yes,No,Month-to-Month,Yes,Bank Withdrawal,99.80000305175781,673.25,0.0,10,329.2099914550781,1012.4600219726562,Churned,Competitor,Competitor had better devices,1
93960-MAD,Male,72,Yes,Madhya Pradesh,1,17,,Yes,Yes,Yes,Fiber Optic,No,No,No,No,No,Yes,Yes,Yes,Month-to-Month,Yes,Bank Withdrawal,85.25,2287.25,0.0,0,841.5900268554688,3128.840087890625,Churned,Competitor,Competitor had better devices,1
93967-JAM,Female,45,No,Jammu & Kashmir,8,2,,Yes,No,Yes,Fiber Optic,No,No,No,No,No,Yes,Yes,Yes,Month-to-Month,Yes,Bank Withdrawal,80.8499984741211,1008.7000122070312,0.0,0,163.02000427246094,1171.719970703125,Churned,Competitor,Competitor made better offer,1
94070-JAM,Female,21,Yes,Jammu & Kashmir,8,3,,Yes,No,Yes,Fiber Optic,No,No,No,No,Yes,Yes,Yes,Yes,Month-to-Month,Yes,Bank Withdrawal,90.0999984741211,90.0999984741211,0.0,0,24.329999923706055,114.43000030517578,Joined,,,1
94078-TAM,Female,75,Yes,Tamil Nadu,15,27,,Yes,No,Yes,Fiber Optic,No,No,No,No,No,No,No,Yes,Month-to-Month,No,Bank Withdrawal,69.0999984741211,69.0999984741211,0.0,0,16.190000534057617,85.29000091552734,Churned,Other,Moved,1
94086-WES,Female,67,Yes,West Bengal,6,1,Deal 5,Yes,Yes,Yes,Fiber Optic,No,No,No,No,Yes,Yes,Yes,Yes,Month-to-Month,Yes,Bank Withdrawal,94.0,181.6999969482422,0.0,0,41.97999954223633,223.67999267578125,Churned,Other,Don't know,1
94124-MAH,Female,21,No,Maharashtra,9,8,,Yes,No,Yes,Fiber Optic,No,No,No,No,Yes,No,No,Yes,Month-to-Month,Yes,Bank Withdrawal,79.94999694824219,174.4499969482422,0.0,0,75.4000015258789,249.85000610351562,Joined,,,1
94169-JHA,Female,69,No,Jharkhand,5,34,,No,,Yes,DSL,No,Yes,Yes,No,Yes,Yes,No,Yes,Month-to-Month,Yes,Bank Withdrawal,54.45000076293945,2854.550048828125,20.15999984741211,0,0.0,2834.389892578125,Churned,Price,Price too high,1
94173-JAM,Male,80,Yes,Jammu & Kashmir,15,28,,No,,Yes,DSL,No,No,No,No,Yes,Yes,No,Yes,Month-to-Month,No,Bank Withdrawal,45.70000076293945,198.0,0.0,0,0.0,198.0,Churned,Competitor,Competitor made better offer,1
94227-PUN,Female,50,No,Punjab,10,18,,Yes,No,Yes,DSL,Yes,Yes,Yes,Yes,Yes,No,No,Yes,One Year,No,Credit Card,74.30000305175781,1863.800048828125,0.0,0,34.25,1898.050048828125,Churned,Competitor,Competitor offered more data,1
94243-TAM,Female,34,No,Tamil Nadu,5,15,,Yes,No,No,,,,,,,,,,Month-to-Month,Yes,Credit Card,19.899999618530273,19.899999618530273,0.0,0,7.760000228881836,27.65999984741211,Joined,,,1
94258-ASS,Female,27,No,Assam,5,33,Deal 2,Yes,Yes,Yes,Fiber Optic,Yes,Yes,No,No,Yes,No,Yes,Yes,One Year,Yes,Bank Withdrawal,94.80000305175781,4837.60009765625,0.0,0,2283.27001953125,7120.8701171875,Churned,Competitor,Competitor made better offer,1
94275-WES,Female,25,No,West Bengal,8,32,,Yes,Yes,Yes,Fiber Optic,No,No,Yes,No,Yes,Yes,Yes,No,Month-to-Month,Yes,Bank Withdrawal,99.80000305175781,4872.4501953125,0.0,130,2300.06005859375,7302.509765625,Churned,Attitude,Attitude of support person,1
94305-KAR,Male,49,Yes,Karnataka,5,18,Deal 5,Yes,No,No,,,,,,,,,,Month-to-Month,No,Bank Withdrawal,19.75,19.75,0.0,0,5.320000171661377,25.06999969482422,Joined,,,1
94311-JAM,Male,46,Yes,Jammu & Kashmir,14,21,Deal 5,Yes,Yes,Yes,Fiber Optic,Yes,No,No,No,Yes,No,No,Yes,Month-to-Month,No,Bank Withdrawal,90.6500015258789,367.95001220703125,0.0,0,126.27999877929688,494.2300109863281,Stayed,Others,Others,1
94328-JAM,Female,46,Yes,Jammu & Kashmir,9,36,,Yes,No,Yes,Fiber Optic,No,No,No,No,No,No,No,Yes,Month-to-Month,Yes,Bank Withdrawal,70.5999984741211,70.5999984741211,0.0,0,27.1200008392334,97.72000122070312,Churned,Competitor,Competitor made better offer,1
94341-JHA,Male,21,Yes,Jharkhand,9,11,Deal 5,Yes,No,Yes,Fiber Optic,No,No,Yes,No,No,No,No,Yes,Month-to-Month,No,Bank Withdrawal,76.4000015258789,151.8000030517578,0.0,0,41.0,192.8000030517578,Churned,Competitor,Competitor had better devices,1
94413-AND,Male,32,No,Andhra Pradesh,11,9,,Yes,No,Yes,Fiber Optic,No,Yes,No,No,Yes,No,No,No,Month-to-Month,No,Bank Withdrawal,84.30000305175781,84.30000305175781,0.0,10,1.6299999952316284,95.93000030517578,Churned,Competitor,Competitor offered more data,1
94475-TEL,Female,22,Yes,Telangana,1,12,,Yes,No,Yes,Fiber Optic,No,No,Yes,No,Yes,Yes,Yes,Yes,One Year,Yes,Bank Withdrawal,94.8499984741211,5000.2001953125,18.549999237060547,0,2152.860107421875,7134.509765625,Churned,Competitor,Competitor had better devices,1
94573-ASS,Female,71,No,Assam,12,7,Deal 5,Yes,No,Yes,Cable,No,No,No,No,No,No,No,Yes,Month-to-Month,No,Bank Withdrawal,46.0,181.60000610351562,0.0,0,168.52000427246094,350.1199951171875,Churned,Competitor,Competitor made better offer,1
94609-HAR,Female,45,No,Haryana,1,11,,Yes,No,No,,,,,,,,,,Month-to-Month,No,Credit Card,19.649999618530273,60.650001525878906,0.0,0,91.0199966430664,151.6699981689453,Joined,,,1
94678-MAH,Female,57,No,Maharashtra,7,33,Deal 3,Yes,Yes,Yes,Fiber Optic,No,No,Yes,No,Yes,Yes,Yes,Yes,Month-to-Month,Yes,Bank Withdrawal,100.5,2599.949951171875,0.0,0,667.1599731445312,3267.110107421875,Stayed,Others,Others,1
94704-WES,Female,46,No,West Bengal,10,32,,Yes,Yes,Yes,Fiber Optic,No,Yes,No,No,Yes,Yes,Yes,Yes,Month-to-Month,Yes,Credit Card,98.4000015258789,5149.5,0.0,0,2212.219970703125,7361.72021484375,Churned,Price,Extra data charges,1
94746-ODI,Female,46,Yes,Odisha,3,7,Deal 5,Yes,No,Yes,Fiber Optic,No,No,No,No,No,No,No,Yes,Month-to-Month,No,Bank Withdrawal,69.94999694824219,69.94999694824219,0.0,0,27.579999923706055,97.52999877929688,Churned,Other,Moved,1
94775-HAR,Female,65,Yes,Haryana,12,10,,Yes,Yes,Yes,Fiber Optic,No,No,No,No,Yes,Yes,No,Yes,Month-to-Month,Yes,Bank Withdrawal,93.8499984741211,196.75,0.0,0,50.380001068115234,247.1300048828125,Churned,Price,Lack of affordable download/upload speed,1
94815-RAJ,Female,54,Yes,Rajasthan,1,29,,Yes,Yes,Yes,Fiber Optic,No,Yes,Yes,No,Yes,Yes,Yes,Yes,One Year,Yes,Bank Withdrawal,103.44999694824219,3066.449951171875,0.0,0,287.3699951171875,3353.820068359375,Churned,Dissatisfaction,Poor expertise of phone support,1
94827-AND,Female,42,No,Andhra Pradesh,15,33,,Yes,No,Yes,DSL,No,No,No,No,No,Yes,Yes,Yes,Month-to-Month,Yes,Bank Withdrawal,55.29999923706055,196.14999389648438,0.0,0,77.87999725341797,274.0299987792969,Churned,Dissatisfaction,Product dissatisfaction,1
94874-MAH,Female,61,No,Maharashtra,12,2,,Yes,Yes,Yes,Fiber Optic,No,No,Yes,No,Yes,Yes,Yes,Yes,Month-to-Month,Yes,Bank Withdrawal,99.05000305175781,2952.85009765625,0.0,0,647.5700073242188,3600.419921875,Churned,Competitor,Competitor offered higher download speeds,1
94907-HAR,Male,63,No,Haryana,10,1,Deal 4,Yes,No,Yes,Fiber Optic,Yes,Yes,Yes,No,No,No,No,Yes,Month-to-Month,Yes,Bank Withdrawal,84.5999984741211,959.9000244140625,0.0,0,468.0,1427.9000244140625,Stayed,Others,Others,1
94975-TEL,Female,77,Yes,Telangana,11,3,,Yes,Yes,Yes,Fiber Optic,No,Yes,No,Yes,No,No,No,Yes,Month-to-Month,Yes,Bank Withdrawal,85.44999694824219,1505.8499755859375,0.0,0,42.47999954223633,1548.3299560546875,Churned,Competitor,Competitor offered more data,1
94988-ODI,Female,34,Yes,Odisha,10,7,,Yes,No,No,,,,,,,,,,Month-to-Month,Yes,Bank Withdrawal,19.399999618530273,374.5,0.0,0,455.6000061035156,830.0999755859375,Churned,Attitude,Attitude of support person,1
95043-AND,Female,70,Yes,Andhra Pradesh,0,22,Deal 3,Yes,Yes,Yes,Fiber Optic,No,No,Yes,No,No,No,No,No,Month-to-Month,Yes,Bank Withdrawal,78.05000305175781,2135.5,0.0,10,89.91000366210938,2235.409912109375,Churned,Competitor,Competitor had better devices,1
95075-RAJ,Female,68,Yes,Rajasthan,7,12,Deal 5,No,,Yes,DSL,No,No,Yes,No,No,No,No,Yes,Month-to-Month,Yes,Bank Withdrawal,29.399999618530273,221.89999389648438,0.0,0,0.0,221.89999389648438,Churned,Competitor,Competitor had better devices,1
95169-GUJ,Female,43,No,Gujarat,1,13,Deal 5,Yes,No,Yes,Fiber Optic,No,No,No,No,No,No,No,No,Month-to-Month,Yes,Mailed Check,69.4000015258789,69.4000015258789,0.0,10,33.459999084472656,112.86000061035156,Churned,Competitor,Competitor had better devices,1
95186-MAH,Male,48,Yes,Maharashtra,4,5,,No,,Yes,DSL,No,No,Yes,No,Yes,No,No,Yes,Month-to-Month,Yes,Bank Withdrawal,39.650001525878906,733.3499755859375,0.0,0,0.0,733.3499755859375,Churned,Competitor,Competitor had better devices,1
95288-JHA,Female,75,Yes,Jharkhand,3,14,,Yes,No,Yes,Fiber Optic,No,No,Yes,No,No,No,No,Yes,Month-to-Month,Yes,Bank Withdrawal,74.30000305175781,940.3499755859375,0.0,0,524.8099975585938,1465.1600341796875,Churned,Competitor,Competitor had better devices,1
95305-BIH,Male,72,No,Bihar,15,31,Deal 2,Yes,Yes,Yes,Fiber Optic,No,Yes,Yes,Yes,Yes,Yes,No,Yes,Month-to-Month,Yes,Bank Withdrawal,110.75,4687.89990234375,0.0,0,624.3599853515625,5312.259765625,Churned,Competitor,Competitor made better offer,1
95331-UTT,Male,76,Yes,Uttarakhand,11,25,Deal 5,Yes,No,Yes,DSL,No,Yes,No,No,No,No,No,Yes,Month-to-Month,No,Credit Card,50.150001525878906,115.0999984741211,0.0,0,13.720000267028809,128.82000732421875,Churned,Competitor,Competitor had better devices,1
95445-AND,Female,35,No,Andhra Pradesh,3,10,Deal 5,No,,Yes,DSL,No,Yes,No,No,No,No,No,No,Month-to-Month,Yes,Bank Withdrawal,29.950000762939453,248.9499969482422,0.0,10,0.0,258.95001220703125,Churned,Competitor,Competitor offered more data,1
95594-TAM,Female,64,No,Tamil Nadu,4,1,,Yes,No,Yes,DSL,No,No,No,No,No,No,No,Yes,Month-to-Month,No,Bank Withdrawal,44.0,44.0,0.0,0,15.65999984741211,59.65999984741211,Joined,,,1
95617-AND,Female,68,No,Andhra Pradesh,14,26,Deal 5,Yes,No,Yes,Cable,No,No,No,No,No,No,No,Yes,Month-to-Month,Yes,Mailed Check,44.45000076293945,44.45000076293945,0.0,0,48.310001373291016,92.76000213623047,Churned,Attitude,Attitude of service provider,1
95617-TAM,Female,22,No,Tamil Nadu,6,7,Deal 4,Yes,Yes,Yes,Fiber Optic,No,No,Yes,No,Yes,Yes,Yes,Yes,Month-to-Month,Yes,Bank Withdrawal,100.1500015258789,1164.300048828125,0.0,0,366.4800109863281,1530.780029296875,Churned,Price,Price too high,1
95731-JAM,Female,76,No,Jammu & Kashmir,13,22,Deal 4,Yes,Yes,Yes,Fiber Optic,Yes,No,Yes,No,No,No,No,Yes,Month-to-Month,Yes,Bank Withdrawal,85.3499984741211,1463.449951171875,0.0,0,625.9400024414062,2089.389892578125,Churned,Competitor,Competitor made better offer,1
95735-PUN,Female,53,No,Punjab,10,21,,Yes,No,No,,,,,,,,,,Month-to-Month,No,Credit Card,19.25,48.349998474121094,0.0,0,42.36000061035156,90.70999908447266,Joined,,,1
95748-UTT,Male,22,Yes,Uttar Pradesh,5,4,Deal 5,Yes,Yes,No,,,,,,,,,,Month-to-Month,No,Mailed Check,25.399999618530273,25.399999618530273,0.0,0,32.72999954223633,58.130001068115234,Joined,,,1
95794-RAJ,Male,54,Yes,Rajasthan,13,1,,Yes,No,Yes,Fiber Optic,No,No,Yes,No,No,No,No,Yes,Month-to-Month,Yes,Bank Withdrawal,74.80000305175781,321.8999938964844,0.0,0,29.040000915527344,350.94000244140625,Churned,Dissatisfaction,Network reliability,1
95822-AND,Male,34,Yes,Andhra Pradesh,3,26,,Yes,No,No,,,,,,,,,,Month-to-Month,Yes,Credit Card,19.200000762939453,19.200000762939453,0.0,0,17.889999389648438,37.09000015258789,Joined,,,1
95860-KAR,Male,69,No,Karnataka,5,22,,Yes,Yes,Yes,Fiber Optic,No,Yes,No,No,Yes,Yes,No,Yes,Month-to-Month,Yes,Bank Withdrawal,101.3499984741211,1218.550048828125,0.0,0,582.0,1800.550048828125,Churned,Dissatisfaction,Product dissatisfaction,1
95902-GUJ,Female,40,No,Gujarat,11,11,,Yes,Yes,Yes,Fiber Optic,No,No,Yes,No,No,Yes,Yes,Yes,Month-to-Month,Yes,Bank Withdrawal,89.0999984741211,2368.39990234375,0.0,0,581.0,2949.39990234375,Churned,Competitor,Competitor had better devices,1
95984-MAH,Male,55,No,Maharashtra,15,25,Deal 4,Yes,Yes,Yes,Fiber Optic,No,No,No,No,Yes,Yes,Yes,Yes,Month-to-Month,No,Bank Withdrawal,95.19999694824219,930.4000244140625,0.0,0,356.29998779296875,1286.699951171875,Churned,Competitor,Competitor offered more data,1
95991-MAD,Female,37,Yes,Madhya Pradesh,0,32,,Yes,No,Yes,Cable,No,No,No,Yes,No,No,No,Yes,Month-to-Month,Yes,Credit Card,50.25,152.3000030517578,0.0,0,84.56999969482422,236.8699951171875,Joined,,,1
96068-UTT,Male,47,No,Uttarakhand,10,15,Deal 5,No,,Yes,Cable,No,Yes,No,No,Yes,Yes,Yes,Yes,Month-to-Month,Yes,Credit Card,50.95000076293945,229.39999389648438,0.0,0,0.0,229.39999389648438,Stayed,Others,Others,1
96108-MAD,Female,57,Yes,Madhya Pradesh,1,28,,Yes,No,Yes,Fiber Optic,No,No,No,No,Yes,No,No,Yes,Month-to-Month,Yes,Bank Withdrawal,80.3499984741211,307.3999938964844,0.0,0,129.72000122070312,437.1199951171875,Churned,Dissatisfaction,Product dissatisfaction,1
96122-TAM,Female,23,No,Tamil Nadu,3,9,,Yes,No,Yes,Fiber Optic,No,Yes,No,No,No,No,No,Yes,Month-to-Month,Yes,Bank Withdrawal,74.55000305175781,824.75,0.0,0,59.400001525878906,884.1500244140625,Churned,Price,Long distance charges,1
96157-AND,Female,28,No,Andhra Pradesh,0,36,,No,,Yes,DSL,No,No,No,No,No,Yes,Yes,No,Month-to-Month,Yes,Bank Withdrawal,35.0,553.0,0.0,70,0.0,623.0,Churned,Competitor,Competitor offered more data,1
96244-AND,Male,31,Yes,Andhra Pradesh,0,36,,Yes,No,Yes,DSL,No,No,No,Yes,No,No,No,Yes,Month-to-Month,Yes,Mailed Check,49.900001525878906,49.900001525878906,0.0,0,39.599998474121094,89.5,Churned,Price,Extra data charges,1
96254-UTT,Male,46,Yes,Uttar Pradesh,12,14,,Yes,Yes,Yes,Fiber Optic,Yes,Yes,No,No,No,Yes,Yes,Yes,Month-to-Month,Yes,Bank Withdrawal,93.69999694824219,4154.7998046875,0.0,0,725.8800048828125,4880.68017578125,Churned,Price,Extra data charges,1
96284-ODI,Female,29,No,Odisha,10,2,,Yes,Yes,Yes,Fiber Optic,No,No,No,No,Yes,No,Yes,Yes,Month-to-Month,Yes,Bank Withdrawal,85.19999694824219,1553.9000244140625,0.0,0,439.20001220703125,1993.0999755859375,Churned,Other,Don't know,1
96389-JAM,Female,56,Yes,Jammu & Kashmir,15,1,,Yes,Yes,Yes,Fiber Optic,No,No,No,No,No,No,No,Yes,Month-to-Month,Yes,Credit Card,75.4000015258789,1747.8499755859375,0.0,0,425.5199890136719,2173.3701171875,Churned,Attitude,Attitude of support person,1
96416-HAR,Male,27,No,Haryana,3,11,,Yes,No,No,,,,,,,,,,Month-to-Month,No,Credit Card,20.149999618530273,20.149999618530273,0.0,0,33.58000183105469,53.72999954223633,Churned,Competitor,Competitor made better offer,1
96430-PUN,Male,37,No,Punjab,0,23,,Yes,No,Yes,DSL,Yes,No,No,No,No,No,No,Yes,Month-to-Month,Yes,Credit Card,48.75,48.75,0.0,0,26.260000228881836,75.01000213623047,Joined,,,1
96496-UTT,Female,73,Yes,Uttar Pradesh,0,5,,Yes,No,Yes,Fiber Optic,No,Yes,No,No,No,No,No,Yes,Month-to-Month,Yes,Credit Card,75.30000305175781,1147.449951171875,0.0,0,119.8499984741211,1267.300048828125,Churned,Competitor,Competitor offered more data,1
96510-TEL,Female,76,No,Telangana,7,5,Deal 5,Yes,No,Yes,Fiber Optic,No,No,No,No,No,No,No,Yes,Month-to-Month,Yes,Bank Withdrawal,69.5999984741211,69.5999984741211,0.0,0,34.5099983215332,104.11000061035156,Churned,Competitor,Competitor had better devices,1
96516-HAR,Female,45,No,Haryana,14,5,Deal 5,Yes,No,Yes,DSL,No,No,No,No,Yes,No,No,Yes,Month-to-Month,No,Bank Withdrawal,55.349998474121094,449.75,0.0,0,369.17999267578125,818.9299926757812,Churned,Competitor,Competitor had better devices,1
96575-KAR,Female,78,Yes,Karnataka,5,7,,Yes,Yes,Yes,Fiber Optic,No,No,Yes,Yes,Yes,Yes,No,Yes,Month-to-Month,Yes,Bank Withdrawal,103.30000305175781,2890.64990234375,0.0,0,787.9199829101562,3678.570068359375,Churned,Competitor,Competitor made better offer,1
96578-KAR,Female,71,No,Karnataka,8,31,,Yes,No,No,,,,,,,,,,Month-to-Month,Yes,Bank Withdrawal,19.450000762939453,19.450000762939453,0.0,0,22.920000076293945,42.369998931884766,Churned,Dissatisfaction,Limited range of services,1
96603-BIH,Female,56,Yes,Bihar,4,30,,Yes,No,Yes,DSL,No,No,Yes,No,No,No,No,No,Month-to-Month,Yes,Credit Card,49.650001525878906,49.650001525878906,0.0,40,4.179999828338623,93.83000183105469,Churned,Dissatisfaction,Lack of self-service on Website,1
96613-WES,Male,57,No,West Bengal,9,5,,Yes,No,Yes,Fiber Optic,No,No,No,No,No,Yes,Yes,Yes,Month-to-Month,No,Bank Withdrawal,79.9000015258789,79.9000015258789,0.0,0,23.200000762939453,103.0999984741211,Churned,Attitude,Attitude of support person,1
96644-HAR,Male,60,Yes,Haryana,13,13,,Yes,No,Yes,Fiber Optic,No,No,No,No,No,No,No,Yes,Month-to-Month,Yes,Bank Withdrawal,69.69999694824219,316.8999938964844,0.0,0,63.0,379.8999938964844,Churned,Competitor,Competitor had better devices,1
96646-TEL,Male,26,Yes,Telangana,14,20,Deal 5,Yes,No,Yes,Fiber Optic,No,Yes,No,Yes,No,Yes,Yes,Yes,Month-to-Month,Yes,Bank Withdrawal,89.3499984741211,461.70001220703125,0.0,0,50.54999923706055,512.25,Churned,Dissatisfaction,Network reliability,1
96754-TEL,Female,77,Yes,Telangana,10,18,Deal 5,Yes,Yes,Yes,Fiber Optic,No,No,Yes,No,No,No,No,Yes,Month-to-Month,No,Bank Withdrawal,79.19999694824219,172.85000610351562,0.0,0,35.459999084472656,208.30999755859375,Churned,Price,Price too high,1
96778-JAM,Female,71,No,Jammu & Kashmir,14,26,Deal 5,Yes,No,Yes,Fiber Optic,No,No,No,No,No,No,No,Yes,Month-to-Month,Yes,Bank Withdrawal,70.3499984741211,139.0500030517578,0.0,0,26.34000015258789,165.38999938964844,Churned,Other,Don't know,1
96805-RAJ,Male,70,No,Rajasthan,1,22,,Yes,Yes,Yes,Fiber Optic,No,Yes,No,No,No,Yes,No,Yes,Month-to-Month,Yes,Bank Withdrawal,89.80000305175781,502.6000061035156,0.0,0,181.8000030517578,684.4000244140625,Churned,Other,Moved,1
96811-HAR,Male,40,No,Haryana,6,3,,Yes,Yes,Yes,Fiber Optic,Yes,No,Yes,No,Yes,Yes,Yes,Yes,Month-to-Month,No,Credit Card,105.94999694824219,5341.7998046875,0.0,0,1044.0,6385.7998046875,Churned,Price,Extra data charges,1
96872-TAM,Male,42,No,Tamil Nadu,12,31,Deal 5,Yes,No,Yes,Fiber Optic,No,No,No,No,No,No,No,Yes,Month-to-Month,No,Bank Withdrawal,70.4000015258789,70.4000015258789,0.0,0,29.6299991607666,100.02999877929688,Churned,Competitor,Competitor had better devices,1
96903-BIH,Female,37,No,Bihar,14,27,Deal 3,Yes,Yes,Yes,Fiber Optic,No,Yes,No,No,Yes,Yes,Yes,Yes,Month-to-Month,Yes,Bank Withdrawal,99.6500015258789,2404.85009765625,0.0,0,616.3200073242188,3021.169921875,Stayed,Others,Others,1
96905-JHA,Female,56,No,Jharkhand,8,25,,Yes,No,Yes,DSL,Yes,No,Yes,Yes,No,No,No,Yes,One Year,Yes,Credit Card,60.349998474121094,2896.39990234375,0.0,0,1627.6800537109375,4524.080078125,Churned,Dissatisfaction,Poor expertise of phone support,1
96927-ASS,Female,45,Yes,Assam,0,28,Deal 5,Yes,No,Yes,Fiber Optic,No,No,No,No,No,Yes,Yes,Yes,Month-to-Month,Yes,Bank Withdrawal,79.1500015258789,317.25,0.0,0,147.63999938964844,464.8900146484375,Churned,Competitor,Competitor made better offer,1
96967-CHH,Female,33,No,Chhattisgarh,5,8,,Yes,No,Yes,Fiber Optic,No,No,No,No,Yes,Yes,Yes,Yes,Month-to-Month,Yes,Bank Withdrawal,89.3499984741211,89.3499984741211,0.0,0,5.360000133514404,94.70999908447266,Joined,,,1
97003-ODI,Female,28,Yes,Odisha,11,19,,Yes,Yes,Yes,Fiber Optic,No,No,No,Yes,Yes,Yes,Yes,No,Month-to-Month,Yes,Bank Withdrawal,98.5,1058.25,0.0,110,145.3000030517578,1313.550048828125,Churned,Competitor,Competitor had better devices,1
97045-UTT,Female,36,No,Uttar Pradesh,9,27,Deal 5,No,,Yes,DSL,Yes,No,No,No,No,No,No,Yes,Month-to-Month,Yes,Bank Withdrawal,29.049999237060547,129.60000610351562,0.0,0,0.0,129.60000610351562,Stayed,Others,Others,1
97143-JAM,Female,78,No,Jammu & Kashmir,6,16,,Yes,Yes,Yes,Fiber Optic,No,No,No,No,No,No,No,No,Month-to-Month,Yes,Bank Withdrawal,74.4000015258789,1692.5999755859375,0.0,0,111.9800033569336,1804.5799560546875,Churned,Competitor,Competitor had better devices,1
97198-ASS,Male,35,Yes,Assam,10,24,,Yes,No,Yes,Fiber Optic,No,No,No,No,No,Yes,Yes,Yes,Month-to-Month,Yes,Bank Withdrawal,80.80000305175781,713.0999755859375,0.0,0,183.05999755859375,896.1599731445312,Churned,Competitor,Competitor offered more data,1
97343-JHA,Male,65,No,Jharkhand,11,16,Deal 5,Yes,No,Yes,DSL,No,Yes,No,No,No,No,No,Yes,Month-to-Month,Yes,Bank Withdrawal,50.75,50.75,0.0,0,43.029998779296875,93.77999877929688,Churned,Competitor,Competitor had better devices,1
97384-KAR,Female,38,Yes,Karnataka,4,34,,Yes,No,Yes,Fiber Optic,Yes,Yes,Yes,Yes,Yes,Yes,Yes,Yes,Two Year,No,Bank Withdrawal,109.75,6110.2001953125,0.0,0,2272.860107421875,8383.0595703125,Churned,Competitor,Competitor had better devices,1
97413-TEL,Male,44,No,Telangana,3,10,Deal 4,Yes,Yes,Yes,Fiber Optic,No,No,No,No,No,No,No,Yes,Month-to-Month,Yes,Bank Withdrawal,74.9000015258789,1107.25,0.0,0,519.4500122070312,1626.699951171875,Churned,Dissatisfaction,Lack of self-service on Website,1
97427-JAM,Female,27,Yes,Jammu & Kashmir,9,2,Deal 5,Yes,No,No,,,,,,,,,,Month-to-Month,Yes,Credit Card,20.350000381469727,20.350000381469727,0.0,0,29.860000610351562,50.209999084472656,Joined,,,1
97493-AND,Female,59,No,Andhra Pradesh,9,16,Deal 5,Yes,Yes,Yes,Fiber Optic,No,No,No,No,No,No,No,No,Month-to-Month,Yes,Bank Withdrawal,75.80000305175781,246.3000030517578,0.0,10,15.600000381469727,271.8999938964844,Churned,Competitor,Competitor had better devices,1
97497-RAJ,Male,24,Yes,Rajasthan,9,8,Deal 5,Yes,No,Yes,DSL,No,Yes,No,No,No,No,No,Yes,Month-to-Month,Yes,Bank Withdrawal,49.900001525878906,49.900001525878906,0.0,0,6.349999904632568,56.25,Joined,,,1
97615-MAH,Female,23,Yes,Maharashtra,11,10,Deal 5,Yes,No,No,,,,,,,,,,Month-to-Month,No,Credit Card,20.200000762939453,20.200000762939453,0.0,0,41.099998474121094,61.29999923706055,Joined,,,1
97655-RAJ,Male,54,Yes,Rajasthan,9,10,,Yes,Yes,Yes,Fiber Optic,No,Yes,No,No,No,No,No,No,Month-to-Month,Yes,Bank Withdrawal,80.6500015258789,1451.9000244140625,0.0,30,699.6599731445312,2181.56005859375,Churned,Competitor,Competitor offered more data,1
97664-GUJ,Female,19,No,Gujarat,4,6,Deal 4,Yes,Yes,Yes,Fiber Optic,No,No,No,No,Yes,No,No,Yes,Month-to-Month,Yes,Bank Withdrawal,86.0999984741211,1235.550048828125,0.0,0,101.63999938964844,1337.18994140625,Churned,Competitor,Competitor had better devices,1
97734-BIH,Female,20,Yes,Bihar,1,2,Deal 5,Yes,No,Yes,DSL,Yes,No,No,No,No,No,Yes,Yes,One Year,Yes,Bank Withdrawal,49.75,331.29998779296875,0.0,0,252.97999572753906,584.280029296875,Churned,Competitor,Competitor offered higher download speeds,1
97828-MAH,Female,57,No,Maharashtra,0,12,Deal 5,Yes,No,Yes,Fiber Optic,No,No,No,No,Yes,Yes,Yes,Yes,Month-to-Month,Yes,Bank Withdrawal,92.0,266.79998779296875,0.0,0,46.79999923706055,313.6000061035156,Joined,,,1
97843-TAM,Male,48,No,Tamil Nadu,12,11,,Yes,Yes,Yes,Fiber Optic,No,No,No,No,No,No,No,No,Month-to-Month,No,Bank Withdrawal,75.5999984741211,402.5,0.0,10,96.5,509.0,Stayed,Others,Others,1
97952-ODI,Female,61,Yes,Odisha,9,19,Deal 3,Yes,Yes,Yes,Fiber Optic,No,Yes,No,No,No,Yes,Yes,Yes,Month-to-Month,Yes,Bank Withdrawal,89.94999694824219,2625.550048828125,0.0,0,847.8400268554688,3473.389892578125,Churned,Attitude,Attitude of service provider,1
97962-GUJ,Female,63,Yes,Gujarat,1,25,,Yes,No,Yes,Fiber Optic,No,Yes,Yes,No,No,No,No,Yes,Month-to-Month,Yes,Bank Withdrawal,79.80000305175781,973.4500122070312,0.0,0,401.44000244140625,1374.8900146484375,Churned,Dissatisfaction,Service dissatisfaction,1
97989-JHA,Female,41,Yes,Jharkhand,13,35,Deal 4,Yes,Yes,Yes,Cable,Yes,Yes,No,No,No,No,No,Yes,Month-to-Month,No,Bank Withdrawal,59.0,1254.699951171875,0.0,0,1087.4599609375,2342.159912109375,Churned,Dissatisfaction,Poor expertise of online support,1
97997-HAR,Female,28,No,Haryana,12,35,Deal 5,Yes,No,No,,,,,,,,,,Month-to-Month,No,Credit Card,20.5,20.5,0.0,0,26.1200008392334,46.619998931884766,Churned,Price,Long distance charges,1
98013-HAR,Female,23,No,Haryana,13,10,,Yes,No,No,,,,,,,,,,Month-to-Month,No,Credit Card,20.850000381469727,62.900001525878906,0.0,0,159.55999755859375,222.4600067138672,Stayed,Others,Others,1
98019-MAH,Female,75,No,Maharashtra,0,26,,Yes,No,Yes,Fiber Optic,No,No,No,No,No,Yes,No,Yes,Month-to-Month,Yes,Bank Withdrawal,79.4000015258789,1156.0999755859375,0.0,0,258.45001220703125,1414.550048828125,Churned,Competitor,Competitor offered higher download speeds,1
98058-MAH,Female,62,No,Maharashtra,3,21,,Yes,Yes,No,,,,,,,,,,One Year,No,Bank Withdrawal,24.899999618530273,1334.0,0.0,0,144.47999572753906,1478.47998046875,Churned,Attitude,Attitude of support person,1
98159-HAR,Male,40,No,Haryana,1,25,Deal 4,Yes,Yes,Yes,Fiber Optic,No,No,No,No,No,No,No,Yes,Month-to-Month,Yes,Bank Withdrawal,74.3499984741211,834.2000122070312,0.0,0,100.54000091552734,934.739990234375,Churned,Competitor,Competitor made better offer,1
98172-ASS,Female,53,No,Assam,15,3,,Yes,Yes,Yes,Fiber Optic,No,No,Yes,No,No,Yes,Yes,Yes,Month-to-Month,Yes,Bank Withdrawal,87.25,1258.5999755859375,0.0,0,408.5199890136719,1667.1199951171875,Churned,Competitor,Competitor made better offer,1
98252-MAH,Female,77,Yes,Maharashtra,3,5,,Yes,Yes,Yes,Fiber Optic,No,No,No,Yes,Yes,Yes,No,Yes,Month-to-Month,No,Bank Withdrawal,98.6500015258789,2862.75,0.0,0,608.4199829101562,3471.169921875,Churned,Attitude,Attitude of support person,1
98279-GUJ,Female,72,Yes,Gujarat,1,20,,Yes,Yes,Yes,Fiber Optic,No,Yes,Yes,No,Yes,Yes,No,Yes,Month-to-Month,Yes,Bank Withdrawal,103.8499984741211,5485.5,0.0,0,2086.080078125,7571.580078125,Churned,Competitor,Competitor had better devices,1
98301-WES,Male,28,Yes,West Bengal,4,27,,Yes,No,Yes,Cable,Yes,No,Yes,No,No,No,No,Yes,Month-to-Month,No,Bank Withdrawal,53.45000076293945,119.5,0.0,0,25.18000030517578,144.67999267578125,Joined,,,1
98327-HAR,Male,74,No,Haryana,3,12,,Yes,Yes,Yes,Fiber Optic,Yes,No,Yes,No,Yes,Yes,Yes,Yes,Month-to-Month,Yes,Bank Withdrawal,104.19999694824219,5568.35009765625,0.0,0,1955.199951171875,7523.5498046875,Churned,Competitor,Competitor offered higher download speeds,1
98334-MAD,Male,67,Yes,Madhya Pradesh,15,20,,Yes,No,No,,,,,,,,,,Month-to-Month,No,Bank Withdrawal,20.200000762939453,65.94999694824219,0.0,0,95.43000030517578,161.3800048828125,Joined,,,1
98542-ASS,Male,31,Yes,Assam,10,3,Deal 5,Yes,Yes,Yes,Fiber Optic,No,Yes,No,No,No,No,Yes,Yes,Month-to-Month,No,Bank Withdrawal,78.44999694824219,330.04998779296875,0.0,0,168.24000549316406,498.2900085449219,Churned,Competitor,Competitor made better offer,1
98630-TAM,Female,70,Yes,Tamil Nadu,12,20,Deal 3,Yes,Yes,Yes,Fiber Optic,No,No,No,No,No,Yes,No,Yes,Month-to-Month,Yes,Bank Withdrawal,84.0999984741211,3021.60009765625,0.0,0,1139.4000244140625,4161.0,Churned,Competitor,Competitor made better offer,1
98709-UTT,Female,56,No,Uttar Pradesh,7,35,,Yes,Yes,Yes,Fiber Optic,No,Yes,Yes,No,Yes,No,No,Yes,Month-to-Month,Yes,Bank Withdrawal,94.0,773.6500244140625,0.0,0,191.1199951171875,964.77001953125,Churned,Dissatisfaction,Product dissatisfaction,1
98716-GUJ,Female,62,Yes,Gujarat,14,23,Deal 4,Yes,Yes,Yes,Fiber Optic,No,Yes,No,No,No,Yes,No,Yes,Month-to-Month,No,Bank Withdrawal,89.8499984741211,1424.949951171875,0.0,0,64.19999694824219,1489.1500244140625,Churned,Dissatisfaction,Service dissatisfaction,1
98767-WES,Female,26,No,West Bengal,14,7,,Yes,No,No,,,,,,,,,,Month-to-Month,No,Credit Card,20.049999237060547,20.049999237060547,0.0,0,11.100000381469727,31.149999618530273,Joined,,,1
98771-KER,Female,28,No,Kerala,2,16,Deal 4,Yes,No,Yes,Fiber Optic,No,No,No,No,No,Yes,Yes,Yes,Month-to-Month,No,Bank Withdrawal,78.0999984741211,947.2999877929688,0.0,0,510.6000061035156,1457.9000244140625,Churned,Attitude,Attitude of support person,1
98788-TAM,Male,58,Yes,Tamil Nadu,4,16,Deal 5,Yes,No,No,,,,,,,,,,Month-to-Month,Yes,Mailed Check,20.049999237060547,39.25,0.0,0,13.699999809265137,52.95000076293945,Joined,,,1
98812-MAH,Male,57,Yes,Maharashtra,3,10,Deal 5,No,,Yes,DSL,No,Yes,No,No,No,No,No,Yes,Month-to-Month,No,Bank Withdrawal,29.950000762939453,29.950000762939453,0.0,0,0.0,29.950000762939453,Churned,Competitor,Competitor had better devices,1
98901-KAR,Female,52,No,Karnataka,12,30,,Yes,No,Yes,Fiber Optic,No,No,No,No,No,No,No,Yes,Month-to-Month,No,Bank Withdrawal,70.5,70.5,0.0,0,41.38999938964844,111.88999938964844,Churned,Competitor,Competitor offered higher download speeds,1
99017-KAR,Female,21,No,Karnataka,5,3,Deal 4,Yes,Yes,Yes,Fiber Optic,No,No,Yes,No,No,Yes,Yes,No,Month-to-Month,No,Credit Card,89.6500015258789,1761.050048828125,0.0,80,412.489990234375,2253.5400390625,Churned,Attitude,Attitude of support person,1
99127-JAM,Female,35,No,Jammu & Kashmir,8,5,,Yes,Yes,Yes,Fiber Optic,No,Yes,No,No,No,No,No,Yes,Month-to-Month,No,Bank Withdrawal,77.94999694824219,305.54998779296875,0.0,0,123.80000305175781,429.3500061035156,Churned,Competitor,Competitor made better offer,1
99148-MAD,Female,61,No,Madhya Pradesh,3,8,,Yes,Yes,Yes,Fiber Optic,No,No,No,Yes,No,No,No,Yes,Month-to-Month,Yes,Bank Withdrawal,80.5,502.8500061035156,0.0,0,216.72000122070312,719.5700073242188,Churned,Price,Price too high,1
99204-HAR,Male,23,No,Haryana,7,2,,Yes,No,Yes,Fiber Optic,Yes,No,Yes,Yes,Yes,Yes,Yes,Yes,Month-to-Month,Yes,Bank Withdrawal,105.5,2686.050048828125,0.0,0,260.0,2946.050048828125,Stayed,Others,Others,1
99317-UTT,Female,46,Yes,Uttar Pradesh,13,6,,Yes,No,Yes,Fiber Optic,No,No,No,No,No,No,No,Yes,Month-to-Month,Yes,Mailed Check,69.25,418.3999938964844,0.0,0,236.16000366210938,654.5599975585938,Churned,Competitor,Competitor made better offer,1
99322-HAR,Female,34,Yes,Haryana,11,10,,Yes,Yes,Yes,Fiber Optic,No,Yes,Yes,No,Yes,Yes,Yes,Yes,Month-to-Month,Yes,Bank Withdrawal,103.69999694824219,5036.2998046875,0.0,0,2172.169921875,7208.47021484375,Churned,Competitor,Competitor had better devices,1
99351-GUJ,Female,57,Yes,Gujarat,0,11,,Yes,Yes,Yes,Fiber Optic,No,No,Yes,No,No,Yes,Yes,Yes,Month-to-Month,Yes,Bank Withdrawal,89.9000015258789,2806.89990234375,41.18000030517578,0,196.22999572753906,2961.949951171875,Churned,Dissatisfaction,Service dissatisfaction,1
99464-HAR,Male,67,Yes,Haryana,15,24,Deal 2,Yes,No,Yes,Fiber Optic,No,No,No,No,No,Yes,No,No,Month-to-Month,Yes,Bank Withdrawal,80.4000015258789,3605.199951171875,0.0,20,2236.52001953125,5861.72021484375,Churned,Competitor,Competitor offered more data,1
99475-KAR,Male,22,Yes,Karnataka,11,11,,Yes,No,Yes,DSL,No,Yes,No,No,No,No,No,Yes,Month-to-Month,No,Credit Card,51.54999923706055,106.19999694824219,0.0,0,37.220001220703125,143.4199981689453,Joined,,,1
99488-KAR,Male,50,Yes,Karnataka,10,31,,No,,Yes,DSL,No,No,No,No,No,No,No,Yes,Month-to-Month,No,Credit Card,24.399999618530273,24.399999618530273,0.0,0,0.0,24.399999618530273,Joined,,,1
99515-ASS,Male,34,No,Assam,11,11,,Yes,Yes,Yes,Cable,No,No,No,Yes,Yes,No,No,Yes,Month-to-Month,Yes,Credit Card,65.25,209.89999389648438,0.0,0,128.0399932861328,337.94000244140625,Joined,,,1
99555-KAR,Male,64,Yes,Karnataka,10,26,,Yes,Yes,Yes,Fiber Optic,No,No,Yes,No,Yes,Yes,No,Yes,Month-to-Month,Yes,Bank Withdrawal,98.75,1587.550048828125,0.0,0,242.55999755859375,1830.1099853515625,Churned,Attitude,Attitude of support person,1
99559-UTT,Male,57,Yes,Uttar Pradesh,8,15,,Yes,No,No,,,,,,,,,,Month-to-Month,No,Mailed Check,-8.0,19.399999618530273,0.0,0,3.140000104904175,22.540000915527344,Churned,Dissatisfaction,Service dissatisfaction,1
99585-JAM,Male,70,Yes,Jammu & Kashmir,6,14,,Yes,Yes,Yes,Fiber Optic,No,No,No,No,No,No,No,Yes,Month-to-Month,Yes,Credit Card,74.44999694824219,74.44999694824219,0.0,0,39.61000061035156,114.05999755859375,Churned,Competitor,Competitor made better offer,1
99629-UTT,Female,77,No,Uttar Pradesh,11,24,Deal 5,Yes,Yes,Yes,Fiber Optic,No,No,Yes,No,Yes,Yes,No,Yes,Month-to-Month,Yes,Bank Withdrawal,100.5999984741211,819.4000244140625,0.0,0,323.6000061035156,1143.0,Churned,Attitude,Attitude of support person,1
99630-MAD,Male,54,No,Madhya Pradesh,10,35,Deal 5,Yes,No,No,,,,,,,,,,Month-to-Month,No,Bank Withdrawal,19.299999237060547,19.299999237060547,0.0,0,25.6200008392334,44.91999816894531,Churned,Attitude,Attitude of support person,1
99831-JAM,Male,58,Yes,Jammu & Kashmir,3,36,Deal 5,Yes,No,Yes,Fiber Optic,No,No,No,No,No,No,No,Yes,Month-to-Month,Yes,Bank Withdrawal,69.0999984741211,69.0999984741211,0.0,0,38.65999984741211,107.76000213623047,Churned,Competitor,Competitor made better offer,1
99855-HAR,Female,48,Yes,Haryana,0,2,Deal 5,Yes,Yes,Yes,Fiber Optic,No,No,No,No,No,Yes,Yes,Yes,Month-to-Month,Yes,Bank Withdrawal,85.30000305175781,264.79998779296875,0.0,0,42.84000015258789,307.6400146484375,Churned,Other,Don't know,1
99855-MAH,Female,50,Yes,Maharashtra,5,29,,Yes,No,Yes,Fiber Optic,No,No,No,No,No,No,No,Yes,Month-to-Month,Yes,Bank Withdrawal,69.69999694824219,135.1999969482422,0.0,0,31.34000015258789,166.5399932861328,Joined,,,1
99862-BIH,Female,30,No,Bihar,12,9,Deal 5,Yes,No,Yes,Fiber Optic,No,No,No,Yes,No,No,No,Yes,Month-to-Month,No,Bank Withdrawal,74.0,74.0,0.0,0,23.700000762939453,97.69999694824219,Joined,,,1
99879-HAR,Male,62,No,Haryana,15,33,,Yes,No,No,,,,,,,,,,Month-to-Month,No,Credit Card,19.850000381469727,108.05000305175781,0.0,0,30.850000381469727,138.89999389648438,Churned,Price,Long distance charges,1
99897-TAM,Male,63,Yes,Tamil Nadu,9,30,,Yes,No,Yes,Fiber Optic,No,No,No,No,No,Yes,Yes,Yes,Month-to-Month,Yes,Bank Withdrawal,80.5999984741211,2244.949951171875,0.0,0,947.52001953125,3192.469970703125,Stayed,Others,Others,1
99942-KER,Male,59,Yes,Kerala,8,18,,Yes,No,Yes,Fiber Optic,No,No,No,No,No,No,No,Yes,Month-to-Month,No,Bank Withdrawal,69.69999694824219,69.69999694824219,0.0,0,21.520000457763672,91.22000122070312,Churned,Attitude,Attitude of service provider,1
99996-HAR,Male,22,Yes,Haryana,2,8,Deal 5,Yes,No,Yes,DSL,Yes,Yes,No,No,No,No,Yes,Yes,Month-to-Month,Yes,Credit Card,53.54999923706055,53.54999923706055,0.0,0,16.059999465942383,69.61000061035156,Joined,,,1
